2022/11/12 2:17," ""64259f341494bfb5936b802d09eb5c011fd702f9e40d66141e17ed4f89e2b3d5"""," ""bc3d6222d41526dd030c466b119c6f06"""," ""c8c668b142c98868b1f92d516ea0a478e744b938"""," ""GovCERT_CH"""," ""arrival notice & invoice.exe"""," ""exe"""," ""application/x-dosexec"""," ""AgentTesla"""," ""n/a"""," ""52.11"""," ""f34d5f2d4577ed6d9ceec516c1f5a744"""," ""12288:nbzhjbjl2pl3oubLBAhsAws/ToosJJ036yplH9RTBOeBI5fFt:n3YaubV+sAwuoVJ5yfvTTBI5fFt"""," ""T1DC059E2429EE4118F0B6AF7D1EE0A8714BBAFF262605E06924D42B471732A3FCD5DD35"""
2022/11/12 1:31," ""138f119509cb852c93e8de393019df84b84f26b629d2709eba603b99355070fb"""," ""2a3a3b81e92e56e724592c80ada8b332"""," ""6e8c9fff85f3190c468027ac50f641ae62dc278b"""," ""GovCERT_CH"""," ""SWIFT COPY.exe"""," ""exe"""," ""application/x-dosexec"""," ""AgentTesla"""," ""n/a"""," ""28.36"""," ""f34d5f2d4577ed6d9ceec516c1f5a744"""," ""24576:8naTMAFlJUuUhtgyOqS2x2ANHMLDyj/mUhWwn:xTM6JJUE2x2A6LDybpWwn"""," ""T11B05E1D1E7865B16C67B2873D0D6182013A3DD5AB323E6176FD4329B0E537839E63A0B"""
2022/11/11 22:53," ""00ea44c01d0b1b9aaa23a65e09be99ad6049a989bc6d22ab59c87674270fb6fe"""," ""a37f0b91611c114c8341c6006d98a2d4"""," ""1773d74159945f2275b602ef0e0de319f05eaf25"""," ""GovCERT_CH"""," ""SOA.exe"""," ""exe"""," ""application/x-dosexec"""," ""AgentTesla"""," ""n/a"""," ""39.44"""," ""f34d5f2d4577ed6d9ceec516c1f5a744"""," ""12288:qtixhLVWWSzh2za1UbpTbZJZlpdsJb4YSrf7S+DkxGZVpe:2SHUhX4phLlpKJuPS+sA/e"""," ""T1FEE4F1167A57DF52C3AE1532C1E1801093F1CA436333EB0BBFE526C90E437A66ADA759"""
2022/11/11 21:17," ""358d1a78a6c4f1c276883bfc036d22b994140fd7129567c185accd4cd88ebe4a"""," ""1774fd3dfe14829c4010d2ac7bf90de4"""," ""55f1ff4f95ce0ec46f52b7dbebb39c691dec61b9"""," ""GovCERT_CH"""," ""inqiry.exe"""," ""exe"""," ""application/x-dosexec"""," ""AgentTesla"""," ""n/a"""," ""27.78"""," ""f34d5f2d4577ed6d9ceec516c1f5a744"""," ""12288:ASBKyM/U057k29fGB1YFHB9ywg6u9hhcIoo4lEu9JGxZTu9re+SfEQfnu6:8BsYdg6u9hhcIooCz2Ttfbnu6"""," ""T1A5F4AEA461558A8DFBAF93B162FCFFB012B370F3A1C8875686656184D7D8F810D846CE"""
2022/11/11 20:08," ""1553aa050727e5537b4626ad00d54218402bae9d1035f1df91c59fa444a630fa"""," ""52415dfbe6d6bb35e40569c4fe688584"""," ""bea100010f98df6021ae690af6392a192b3b84ac"""," ""zbetcheckin"""," ""52415dfbe6d6bb35e40569c4fe688584"""," ""exe"""," ""application/x-dosexec"""," ""AgentTesla"""," ""n/a"""," ""32.86"""," ""f34d5f2d4577ed6d9ceec516c1f5a744"""," ""12288:hSUHM/U057k2scxAMjM+8G1DRlxnQoKU4/w3ZrpWC2Vuq+XIZlxu6:10scxAMFfAzU4I3ZrNWuqUWu6"""," ""T1A6F4AE6461518AD9FBAF93B121FCFFB012F270F3A5C982528664A184D7DCF960D846CE"""
2022/11/11 19:17," ""3c783827c751d8155644f546b2d6b5306a2520fff907a962a669f3f86cf5c9fe"""," ""19711c7b13e7717d3e225bb8cf87a6eb"""," ""eefec05b24b941ae4b0d24c3ae2f1c394aeee63c"""," ""GovCERT_CH"""," ""swift_message_336-20-41-12_11-11-2022 pdf.exe"""," ""exe"""," ""application/x-dosexec"""," ""AgentTesla"""," ""n/a"""," ""50.00"""," ""29b61e5a552b3a9bc00953de1c93be41"""," ""3072:WfJSq+ytGIon9KcSMiTPLqS5G7cLX+B61j/Ly3AtdwEDdlmcXbCdnXUCNlAYgVOM:MEa0NiT1DqKCWd7hMcX8kvUAwWiK"""," ""T11224125196C2907BE88366F20EF36F6EE77A661424708793C7A0AF2E4E35247952D113"""
2022/11/11 16:43," ""2bd979fb40f31a99d90e2a3644332291076e0ad07ea8b9c3da7c3b2af41d69cf"""," ""523913d3db8b90c39f03fd95f75cf727"""," ""b2b191d539ed967a8dd1294274999ed897edcdc1"""," ""SecuriteInfoCom"""," ""SecuriteInfo.com.Win32.TrojanX-gen.16729.17013"""," ""exe"""," ""application/x-dosexec"""," ""AgentTesla"""," ""n/a"""," ""25.00"""," ""f34d5f2d4577ed6d9ceec516c1f5a744"""," ""12288:SKwIKqKuq9+rI/XuQMwuyvyoHeHoGGGwxCzCkETrwCtZZ03uOFikjQJ04H:vwIMeNwryo+ItMCkwwCfWuIpjQRH"""," ""T18C350A0925B6C433F0590BB45224F9EC253CEC0B5E98924FACB2FD176E799A7F498D12"""
2022/11/11 15:53," ""f80f60eecf158405054740197f47d443032b96dc0c7081de49b37cb8bb5bf7d7"""," ""02e7ebdedbee4d74bebb968ab983540d"""," ""5c44b8a2c08495ca459e99b896b574c8dd72611e"""," ""GovCERT_CH"""," ""$687K.exe"""," ""exe"""," ""application/x-dosexec"""," ""AgentTesla"""," ""n/a"""," ""38.89"""," ""f34d5f2d4577ed6d9ceec516c1f5a744"""," ""12288:clBbJWKXHDute0siZQed/GZv7JcMoyNH413O4jDZ0lKe0QkZxMcbCWbTJRsEzun:cLZ3ia91L6+43ixkfXdbNRzzu"""," ""T18C15B03439B95638F177EF741BD0F07A96EAFE336706E46D2890228A4B12E40CF51679"""
2022/11/11 14:46," ""78b6ce875a1b01ef080709eac54c3757ed5a2dc4f69978716eafb7e96e4515d5"""," ""9db76820803e141fbab4fdf26c3882c6"""," ""74bac3cc46ce693c6e1157953d2e11c8e5301c57"""," ""James_inthe_box"""," ""New Order 69021345.exe"""," ""exe"""," ""application/x-dosexec"""," ""AgentTesla"""," ""n/a"""," ""45.83"""," ""29b61e5a552b3a9bc00953de1c93be41"""," ""6144:MEa0NBKfuHHys8xcunbq5lPhbnZZMfeFAbRRYHR5OMZqSoSebOjwZO6KIjL0UML9:XBKMHysmdb4lhTZLA/Yx5j/YbmwYV4Lw"""," ""T12074220591E684B3D68B9D701CA3E72BD73F9F54085F7DCA4F60ADA6F821206BE1D086"""
2022/11/11 14:09," ""a2f90535274bd659bbe05e158249d8eb766b75fd803c0a1a5aacda3f808f68b4"""," ""12f951406d26618833a23b119f917853"""," ""ee6ffbded2791abc58611802f9804b9285766b1a"""," ""James_inthe_box"""," ""9350769005.exe"""," ""exe"""," ""application/x-dosexec"""," ""AgentTesla"""," ""n/a"""," ""45.83"""," ""29b61e5a552b3a9bc00953de1c93be41"""," ""6144:MEa0NT5fCzCWnmY/ErGklpbIBQ6ao977s2uz3eLMZbE8+gry64OaiEdqX80bjP8N:XOCWnNcDbIBQZo977s2uzOLMLdryIaiW"""," ""T1BC7412BB26C165EBE4D30D3218E18336C7B05E6A373AA5836B643C37DAB730794652C1"""
2022/11/11 11:49," ""8257da663247df1cd06d95ccf9d47bbc2e8a1f3c4db0e7bd26a8cb324e9b21ba"""," ""0dcb0170fa3da3a9b7a7463fdd379cad"""," ""9145b97ae6b052d042f3506ae4b86e1c1b0a414c"""," ""SecuriteInfoCom"""," ""SecuriteInfo.com.Win32.CrypterX-gen.2943.6052"""," ""exe"""," ""application/x-dosexec"""," ""AgentTesla"""," ""n/a"""," ""n/a"""," ""f34d5f2d4577ed6d9ceec516c1f5a744"""," ""12288:/LHI/jSPFLw6t2M0bBtxDCyn8ZaJC8J7jTsZs/61V:jo7u86+bBCy8aDJXTsZk0V"""," ""T193E4F1277B47DB52D3AE1972C1E2501493F1D6478333EB0A7E9421D90E03367AECA79A"""
2022/11/11 11:24," ""5ce8c741c53218d7b27ffaa114a25412dea3000e0dc71af5f59b7fc937ff255f"""," ""b34fa8bd01ac66eceadcd4f76a2b3061"""," ""62f87d098e6d0a4fd2d60b39931bfb5c3f2bc7ad"""," ""zbetcheckin"""," ""b34fa8bd01ac66eceadcd4f76a2b3061"""," ""exe"""," ""application/x-dosexec"""," ""AgentTesla"""," ""n/a"""," ""58.33"""," ""f34d5f2d4577ed6d9ceec516c1f5a744"""," ""24576:yk6+sC3io3F93hqDzjKz+ojCWb0SZdrBFYrUDt:p6+/SoV9RCKqo+WbNvUS"""," ""T15605C01076B91F96EAB943F9850091551BF26D9AB17EC30C4E8E70CB5AA6F804EC3F17"""
2022/11/11 11:17," ""1761497a6f9e6ac2c4ddc8782a747cdca5d473756a4108a407162165e35bc4b7"""," ""27ec784914e5f58109c31d14681d9126"""," ""a024f40a961ebd2ca7447a48c906625fedb6e0f7"""," ""GovCERT_CH"""," ""SPECIFICATIONS.exe"""," ""exe"""," ""application/x-dosexec"""," ""AgentTesla"""," ""n/a"""," ""38.03"""," """""," ""6144:jRleFHk8ZdN2zYvEhBLGJC3LMkD82W/Ygpy7VtO7wWrrVGtf0lsLRsyon184kZ1r:jRlo/CNGJC3gkQ2EYFOi0Gdj1+BAz"""," ""T17FB4F1DB4BB13063CD358A36CB92BF72856B0E5A30C234DA0EC6F7E1753A7192A61157"""
2022/11/11 10:27," ""637e8dd8e33e243622620c997043180edcbd783a92dbd303b604a0708bae7d64"""," ""686469a54f61c3ef29681b63df9b0e31"""," ""cd273b5f94c8e6029549365d194e3b99fac2f058"""," ""cocaman"""," ""Huat Tradings - Products Inquiry.exe"""," ""exe"""," ""application/x-dosexec"""," ""AgentTesla"""," ""n/a"""," ""27.78"""," ""f34d5f2d4577ed6d9ceec516c1f5a744"""," ""192:DZg8QjB01KWCFKTjz4e9ldKX1agallaPUhUhUhUTUUnSP/iZ8WKe:ejB0gWUKTPl9zWWWDzZjr"""," ""T144F3907362FD31F7E1A80B3814471B2A1F207F76AA33990E6A7679F46375F910466E80"""
2022/11/11 10:18," ""475a8452ac58103d58a543b5aed55a26a8db0f355ba1b6b2d130aa91b51ea119"""," ""27c9e898cbab7325f1d2efe922179ca4"""," ""2442729e6990156d9f1db554115b70eb9bedcded"""," ""abuse_ch"""," ""27c9e898cbab7325f1d2efe922179ca4.exe"""," ""exe"""," ""application/x-dosexec"""," ""AgentTesla"""," ""n/a"""," ""33.80"""," ""f34d5f2d4577ed6d9ceec516c1f5a744"""," ""12288:S8xQssv5RicC/zbrpEMZLCID45fldNN7hpwM307kyLL1XXMQ+9bs:pxtYK/frSeRU5fl3NhpioyLJnMV9b"""," ""T13605AE2132B44A23DBB90DF58913600097B6E9B9383FD7D65DCA64EF12DEB901A81F17"""
2022/11/11 10:18," ""1083fc9476dd99e14b2cb894edd8e081da2863ad95ca9bfeda6e1c2892b5f100"""," ""0a5b5d142e1db663f47a9a5f190ec39b"""," ""daa1a39d48ff7b3a31aaba55110d29f20bcf3d27"""," ""abuse_ch"""," ""0a5b5d142e1db663f47a9a5f190ec39b.exe"""," ""exe"""," ""application/x-dosexec"""," ""AgentTesla"""," ""n/a"""," ""15.49"""," ""f34d5f2d4577ed6d9ceec516c1f5a744"""," ""12288:dIKqIMVlY4QR9eMrUCq968KmcBjZAMBRj0dGVEfet94zp4:dIzK1prU/KmlMBKd8EE4F4"""," ""T18405A60925B6C433F44907F45224F9EC253CEC0B6E98824F68B2FD576E79AA7F498D12"""
2022/11/11 10:18," ""375f589cf7455f05eb38dcab864d1114c92a0853bb347bdce04f5ad22956099f"""," ""84af31350dac5d47bf54ba05a0bad148"""," ""bd91b5ed93642b7e93e31c23e79b9c483a7d8cc6"""," ""abuse_ch"""," ""84af31350dac5d47bf54ba05a0bad148.exe"""," ""exe"""," ""application/x-dosexec"""," ""AgentTesla"""," ""n/a"""," ""16.90"""," ""f34d5f2d4577ed6d9ceec516c1f5a744"""," ""12288:OIKqnA3fQiMnE4L5aQw2krKWggMlsqJU+:OIQPQQ5QzHgMeqV"""," ""T1C405A50925B5C433F44907F45224F9EC253CEC0B6E98824FA8B2FD576E79AA7F498D12"""
2022/11/11 10:09," ""2b5515e5b4960e9592a7a7385768f0596e85dd68ca2f8ea8fc0426c922148b53"""," ""e7bc9b3e4a4739cfe284abf3dcc55107"""," ""249c03b3265fb7fabe26ecf0997b4580f83e21d1"""," ""abuse_ch"""," ""DHL ZAG00220187.exe"""," ""exe"""," ""application/x-dosexec"""," ""AgentTesla"""," ""n/a"""," ""n/a"""," ""f34d5f2d4577ed6d9ceec516c1f5a744"""," ""12288:oSSRM/U057k2Mnu6S+3UrxJOQjuZ1Q/vRKx5b3hLHsHu0u9tE70RCZ7Qb:GqMnu68HO8/vSrFHsHu3TxOM"""," ""T197F4AEA471558A99FBAF93B161FCFFB012F230F3A1C8865686656184C7DCF920D846CE"""
2022/11/11 10:08," ""ed25c340756edf6605075cafc4d0f0abbf7e01db7e7c0e6f151d5f27d6419182"""," ""bc111f4998523247a2f30ca04bb06eb7"""," ""1225328d153ad64ec4c36164edd06426fd500886"""," ""abuse_ch"""," ""Hesaphareketi-01.exe"""," ""exe"""," ""application/x-dosexec"""," ""AgentTesla"""," ""n/a"""," ""28.17"""," ""f34d5f2d4577ed6d9ceec516c1f5a744"""," ""12288:KSeoM/U057k2267S3QAOKWKho/L2KFnyeb+frFvucqGB+hLvWanu6a:0zzS3QAOKT6z1b+fxGcN+LWanu6a"""," ""T17F05AE946159C998F79F93B072E8FFB021B270E3A1C9DA5286A45588C7DCFD20D846CF"""
2022/11/11 10:07," ""286bdb0185504415cabb48bf457625b8c3da92c22132bb4ebcd960b27936e35a"""," ""3c6197549a9a20ec365ec9679d9e9421"""," ""f1933e1ff1e125d2ee11c7f620e2bd6f9a7a3078"""," ""abuse_ch"""," ""Ziraat Bankas谋 LC-2257ITVA22001508 Referansl谋 Dosya A莽谋l谋艧谋Hk.exe"""," ""exe"""," ""application/x-dosexec"""," ""AgentTesla"""," ""n/a"""," ""24.29"""," ""f34d5f2d4577ed6d9ceec516c1f5a744"""," ""12288:QoNvES5WIhChzyrqhULYscDvMqqE2JL/DzBqbRwaCHhTt1313MM/pJ2MHRKXiBzf:QoNMSTiCVtEALVqbRwacr313LO"""," ""T164155B9C3150A5DEFD1F8A71D5A8BF6065B170F393CAD61B91271198DB8CADF8E000EA"""
2022/11/11 9:58," ""9fe359d0bf12b8af711fe94d8d3972714c68ceccd723c935f564d3f971b3531b"""," ""e6681b0ffe64605205a16cc6d05e134c"""," ""973030920acad33ab8c2d3f4eafae9956e4831e5"""," ""0xToxin"""," ""unpacked_agent.bin"""," ""exe"""," ""application/x-dosexec"""," ""AgentTesla"""," ""n/a"""," ""n/a"""," ""f34d5f2d4577ed6d9ceec516c1f5a744"""," ""6144:iFDQqevB+U4UrocjpWGfNngJCfqLpQWQ2Up:KDQr4UDfnZf042"""," ""T1F734199E6348E561CB6F0178C166801C72F156038326928FEFA299FF1B752C9F91F8E5"""
2022/11/11 9:58," ""a6003d78c1c458316dc95bbd759257cd1e6d83030ac11fb26acf18cfcc264774"""," ""a8f75f28b163d4d67c70ecd94dcd4eb8"""," ""20f7ee3917a7c6d84d5ca280533879e172c6932d"""," ""0xToxin"""," ""Doc75300602.exe"""," ""exe"""," ""application/x-dosexec"""," ""AgentTesla"""," ""n/a"""," ""n/a"""," ""f34d5f2d4577ed6d9ceec516c1f5a744"""," ""96:UsijC/qzwLdHBDd3+z4mp+3iGha2KUKm/kPcnGqCWqmqutqhzNt:UZ+iKD5+cmpP6abUpcEGqbq7Qqj"""," ""T1DF02E611A3E84777CDA60B3E9CF3878113B8E7921913CB5E3CC4891BA90A3481BA0B71"""
2022/11/11 9:53," ""53bf88d5446fe161d2f6c595f9554946e8ac6bb15b86169ee4583f05c5c1c3ba"""," ""343830b3931077752d0f15956293f03a"""," ""f8902bc914a072911bae2cffcf51bcfdfb493953"""," ""GovCERT_CH"""," ""REMMITTANCE COPY#32022354-2022.exe"""," ""exe"""," ""application/x-dosexec"""," ""AgentTesla"""," ""n/a"""," ""22.54"""," ""f34d5f2d4577ed6d9ceec516c1f5a744"""," ""12288:oWAOgLqXAa8qR48Y6L1CBl6Rhp9/bnSnYMG9BYv4YWiSEIoeuDM/qmIXPWvavwLo:3cGXHR48aUxnpM2BWjh6"""," ""T157155B9C3150A5DEFE1FCA71D5A8BF70657170F393CAD64B90271198DB8CA9E8E001EA"""
2022/11/11 9:17," ""fa97ec5dbc9871dc8a4d2827ebff6de52b8b41eaaa892f238d3b7f5face54e1b"""," ""965e829fe1986830c102327279476587"""," ""dcb7c7f56bb9a37c6c8ca3e150effbe918be72da"""," ""GovCERT_CH"""," ""Freight Invoice_pdf.exe"""," ""exe"""," ""application/x-dosexec"""," ""AgentTesla"""," ""n/a"""," ""27.14"""," ""f34d5f2d4577ed6d9ceec516c1f5a744"""," ""12288:MiWbu0Rs+M5La/HIoLG8TK67DNQiHa9KgqOQfM/:6dOv5Ki8TK6nj6Agq"""," ""T15CF49DA860518599FB6F937521EDFFB012B631F3E5C98B5692759084CBC8FD20E812CE"""
2022/11/11 6:45," ""d3ff6823963de5698c417703c148b96d29967b4c12dd147fd8212a544e9b4985"""," ""489b1aa09c0be031a0f60ae9fabd8df8"""," ""ae4df0428bd30efc6e848dad896a6fb2a734e0bb"""," ""SecuriteInfoCom"""," ""SecuriteInfo.com.Trojan.PackedNET.1662.10736.7788"""," ""exe"""," ""application/x-dosexec"""," ""AgentTesla"""," ""n/a"""," ""32.39"""," ""f34d5f2d4577ed6d9ceec516c1f5a744"""," ""12288:Ok8SFSJyAkwrGUMIO9r04EJLezumRhLMhQ1tfXlrVk:B9IBgUkrPaezumRdMhQ1nrW"""," ""T1A0E4020CAB999E22C97D0BBB4023128A1374D268D947F76F1EC538F91D267D9C60B4E7"""
2022/11/11 6:45," ""d0c2a90f17808dae1df1fa8fde923439c4bf00fd2dfd378a5c3eee4fffb39659"""," ""21b1aad42bee6c6aa368ba4b0f0b1570"""," ""acc4db1bf5f27a5e4d84fbb5f7fe1f7209fa139f"""," ""SecuriteInfoCom"""," ""SecuriteInfo.com.Gen.Variant.Jaik.103368.10572.27793"""," ""exe"""," ""application/x-dosexec"""," ""AgentTesla"""," ""n/a"""," ""36.62"""," ""29b61e5a552b3a9bc00953de1c93be41"""," ""6144:MEa0ND/+UKs14RUTZmxZwiH7N/gJqlRSpA7GnveedG2fqY2B0r7sGIar/CkbfLA0:XCUKs14RUAZHH72iEpAO2uG2fgmtII7B"""," ""T1BE74230B358794B7FAA319313C739767C2F98721281692C34FA45DFF39B460BA61B1A4"""
2022/11/11 6:17," ""5dba9ac7ad552a9dc7cd362451ff91625e4fbb9c1cd1e50a671724e7b133c4e3"""," ""90236d9aed9cb5d4e83de32f5aaf668a"""," ""fe711623475539f89305731434f67357092a4cd9"""," ""GovCERT_CH"""," ""PO_NONB2BK4708500.exe"""," ""exe"""," ""application/x-dosexec"""," ""AgentTesla"""," ""n/a"""," ""48.53"""," ""f34d5f2d4577ed6d9ceec516c1f5a744"""," ""12288:Gg2CYsg/ltlHaelM/N/r0/BrLNHP4OJKel748WNJr1ZbxQLPpz:WtBat/r05xP4OJKKMP/Z"""," ""T1C0059D64A152C999FA2F8372A1ECFFB012B170E3D1C9C75792686284D7C9FD60D8129E"""
2022/11/11 4:18," ""db39ddbe9f842333abaef983a635f13dd50168a450a225830222c68fd2d39fa8"""," ""48175e8d4cab7d2632e01b36d7fb7fdf"""," ""3ee679fd054ccc04cd4dbda56a79fbfdef71d886"""," ""GovCERT_CH"""," ""PO-101589722.exe"""," ""exe"""," ""application/x-dosexec"""," ""AgentTesla"""," ""n/a"""," ""41.18"""," ""f34d5f2d4577ed6d9ceec516c1f5a744"""," ""12288:Ob0hjbjl2pl3SuB9IgBbYN3a+gDyF8g9f3QIAHziiXMawc4C:OYY0uAgBk5a+/F8g9f3QfHDrlF"""," ""T18FD48E2429EE511DF177AFBE1DE075A58ABEF7322606E46A2440038B4B12E3CCD9DD35"""
2022/11/10 21:23," ""6ac56cb886a7f7283fe5ad9f3147f84f808d10c7c4600031723a55066c3b46fe"""," ""5eac3f69c4254b5ce52500f0983dda7d"""," ""af59b30150645b56012b3426dbf0504cb7cdd47a"""," ""James_inthe_box"""," ""6108435.exe"""," ""exe"""," ""application/x-dosexec"""," ""AgentTesla"""," ""n/a"""," ""29.17"""," """""," ""6144:J3Ht/uoyPBdlFjzxj+6KE0Q0PeQwigLTUMHsXeftDdKTB03Fn6/h4g:v/urJtFD0Q4eQqUMKcfKTBinoh4g"""," ""T162A4F1560484E6FEC97E86758DBD36CF14E0AC7A61D9562307A5BBF02EC13F8097806B"""
2022/11/10 19:57," ""58a3370efce2b3045579760da0365b5c7b7a54361d0350b7d1aa3d1b1ed1cfc3"""," ""17e31cd9435247ad7d3416785dc62501"""," ""6924ce084fc8e45878989f447d1cf3cad9850483"""," ""GovCERT_CH"""," ""IMG-20221108-WA000000000093.jp..exe"""," ""exe"""," ""application/x-dosexec"""," ""AgentTesla"""," ""n/a"""," ""79.17"""," ""29b61e5a552b3a9bc00953de1c93be41"""," ""6144:MEa0Nok7l7BYw+Ez2ihYo3zWkah9sGP+FYvs/q25PLRU5YIsNs7IccIgF7dza/qk:Xok7luw7y8Yo3zWddHEieP0zsPccf+Sk"""," ""T1DF641202A7D5D04BD197E6375421B775CBBACF444246B65B0BD28EABAF692038F0C229"""
2022/11/10 18:55," ""65289cb664ec2a25e048267add52604e39d501fc71cd4de2def0cffabc59ccd8"""," ""27baaec66aa4ca5514b4a470011816db"""," ""62d9ccc3e6c523fd4587c18973b0e009273ce39d"""," ""James_inthe_box"""," ""ANGEBOTSANFRAGEN.exe"""," ""exe"""," ""application/x-dosexec"""," ""AgentTesla"""," ""n/a"""," ""15.28"""," ""e2a592076b17ef8bfb48b7e03965a3fc"""," ""3072:bhoYsBN8xo+Oioug/bLG6PEbXdNK0UfRNP/Zn0K35hhqS2bXwUfSmFAxv/EOffkV:bLsBN8xoIWa6PctNK0UZNZL3P8bXFfo6"""," ""T1200402006B30E453FAA387714D96A7763F3AE65574906B07A320772A7EB2701EF2E14C"""
2022/11/10 16:57," ""2d74fb0956cf2813680f0e0975930c6e947188539c2ce6a76312bb0315f514c3"""," ""2ee7626885c39aa2ffc8ceba3e3a6c11"""," ""88c6a9f6642a90a7f8876f3d3b2d944948775224"""," ""GovCERT_CH"""," ""RFQ- 97571784.PDF.exe"""," ""exe"""," ""application/x-dosexec"""," ""AgentTesla"""," ""n/a"""," ""35.21"""," ""f34d5f2d4577ed6d9ceec516c1f5a744"""," ""12288:TZCX6vi3iq6GmeRM/PSGWHHnBJwpr4uPc1gjuFkDIZR:lrOGWHhk5buFc"""," ""T1D6059D64A166C896F66F437291ECFFB013F270E3D1C9C66792681284D7D9FE60D8128E"""
2022/11/10 16:38," ""3c056a8def0676c9cb31d84463ce312daa75bba384986d2173f9434bdc3b82c4"""," ""223b91cec2dee4e5a3bc8c3fa1f3806d"""," ""701a421fb39220fab215f998048ebc49f43b5914"""," ""jstrosch"""," ""file"""," ""exe"""," ""application/x-dosexec"""," ""AgentTesla"""," ""n/a"""," ""25.35"""," ""f34d5f2d4577ed6d9ceec516c1f5a744"""," ""12288://2iN3M/Cc139oo3F5/W+c9XEPYrWRn6cNs0MF:n1C13io3F93c9XEPbR6CMF"""," ""T16B059D6560598989FB6FA37061ECFFB033B23CF3A1CA465A82687145C7F9F910D6418E"""
2022/11/10 16:21," ""13d1d1944ad97197e28a81de0c06d8e25402c1677f884b75ef1d3c84a9686d30"""," ""42a323812c1bdd66bc750588814d8e09"""," ""c7bf736252cfdd42caffe4d03ba6921e714f1dc2"""," ""James_inthe_box"""," ""Products Inquiry_Document.exe"""," ""exe"""," ""application/x-dosexec"""," ""AgentTesla"""," ""n/a"""," ""n/a"""," ""f34d5f2d4577ed6d9ceec516c1f5a744"""," ""192:NW+cLAo/bcITl3Lf9MkY4eoCs4UY7bMMWOSjj5Hi:NWXDl3Lf9MkBdEUY7TydH"""," ""T1E2437DE3F35F4D0AD7984239AE925910836657FE62374A393DCA3629F04B6131423F9E"""
2022/11/10 15:40," ""9ed43bff16f943c9f0dd2ad4c1b42ea8b5e1b1bdc1fd43c088be44f15376c7e1"""," ""b044ffb6c3ba283f3cb542368208cb6c"""," ""d5fb6006dec937c3aa30127806e1a4698074c8da"""," ""SecuriteInfoCom"""," ""SecuriteInfo.com.Trojan.PackedNET.1660.11478.18069"""," ""exe"""," ""application/x-dosexec"""," ""AgentTesla"""," ""n/a"""," ""25.35"""," ""f34d5f2d4577ed6d9ceec516c1f5a744"""," ""96:Ya9iIZJ/xmESq/HeNDtCnIFnR6R3/5+GR0ErkMuo75nr3GnUg5pfX:z92+/H2tIIFnQ1/kC0EAMXlnrva"""," ""T1DEE1E810E3688232EAA14B756C7753C4077897529F9BDBBEDDE4912AEC1238D0361BF1"""
2022/11/10 14:19," ""eb4d60ce2d1c9a19a46bdd5f34238b1204b399563e16b46c9605720d4aee8b5f"""," ""c4d60338d42f1b84ab0288de0375d8cf"""," ""55ca010f1b126c1f2a6ace4ff5f8de891e07c004"""," ""James_inthe_box"""," ""Confirmation 20173948.exe"""," ""exe"""," ""application/x-dosexec"""," ""AgentTesla"""," ""n/a"""," ""50.00"""," ""29b61e5a552b3a9bc00953de1c93be41"""," ""12288:91ZAt74Bu69p6WVdfTcLwQsYlsScXDesjehN:viF4ImjTcMQsYmNehN"""," ""T13AB402E162924553E6C0B136AFD2D3B28375CE5C0232969207F0BF7BB5BE753A805276"""
2022/11/10 14:08," ""118b4b4cde39b03196770091312452d5e850eb12bac06f92bc5b3fcd7add32eb"""," ""93670d6b39303afae755153288a186a2"""," ""9b3645e75287059fd9cfb07229b0a3a69a8c67bd"""," ""James_inthe_box"""," ""REVISED PO -TSTC22-1011.exe"""," ""exe"""," ""application/x-dosexec"""," ""AgentTesla"""," ""n/a"""," ""29.58"""," ""f34d5f2d4577ed6d9ceec516c1f5a744"""," ""12288:aYYQ2ZEunyJmyZQ/ZX4MBcPml+veoPPLd6QYnCOjGs9mM/3:gjZHyJmyQFUml+veoPPLdLYTjd"""," ""T138058DA4A05588D9FB9FC3B171EDFF6012B631E3A1CC865A92756244C7E9FC30D8198E"""
2022/11/10 13:53," ""1c220e85384289de8d43ef19cbb91ab72dd48d4726d90e58ee4ac5dfba40a996"""," ""beecde4daa66ae172890ad39beaa293b"""," ""16111d82d1d32babbdab747b3eb50c2250a24331"""," ""zbetcheckin"""," ""beecde4daa66ae172890ad39beaa293b"""," ""exe"""," ""application/x-dosexec"""," ""AgentTesla"""," ""n/a"""," ""38.57"""," ""29b61e5a552b3a9bc00953de1c93be41"""," ""6144:0Ea0MrGexqsVZmsxYqfBGa0qROjUUIVfkRyuh/FiOmDbIHPGBFwKp:mrlrRxYqfkfj6IFiOabIed"""," ""T1EE742293D5C09C9EC9C2BF361433C362E77999B9404406066B657F3E2A39B836B2D687"""
2022/11/10 13:51," ""aff7235d2d611b35bc2fecd76be1d4e97afd434c439c88443d10e61b234448e8"""," ""a66a5c59e2ed6516d532ffa3dc003c7c"""," ""dee6343a4cffa6da5b65ca40c6db8ad5b5436c58"""," ""zbetcheckin"""," ""a66a5c59e2ed6516d532ffa3dc003c7c"""," ""exe"""," ""application/x-dosexec"""," ""AgentTesla"""," ""n/a"""," ""33.33"""," ""f34d5f2d4577ed6d9ceec516c1f5a744"""," ""12288:P0im1cr2iNFXznUgay5DhyCpEfdYOtys9Cv5PHMWASg4jZYuOm0t9:gOr1rXLUgayNhLu/792PMWAJ8ZYJ9"""," ""T16EF4F166721F9E11C35D363281E6C32037F19E366663D61F3EC8329A0B737864DB664A"""
2022/11/10 13:51," ""db544b69aa4dfe487c795573b96197fabacab4b03ceb3c1cbac8790022e0d7d0"""," ""562d24137904a74e552c657fa6f50881"""," ""5e7e2e364f7b965d4584bcb0f30233583c50ba4e"""," ""zbetcheckin"""," ""562d24137904a74e552c657fa6f50881"""," ""exe"""," ""application/x-dosexec"""," ""AgentTesla"""," ""n/a"""," ""41.67"""," ""f34d5f2d4577ed6d9ceec516c1f5a744"""," ""49152:35M6gONgwQhvgGp266ZdoGhAlFUaYdjIVj8iL5pHD4:gWrNRhQFYSCEvE"""," ""T12FA533F02787A3E2FE7E5633E92003CAF7E68F67264B6F345B88159666B30D00595487"""
2022/11/10 13:49," ""b73a25841f4cded91b8d90acd2049ce7a3906d743da06fef2f597411a7195dca"""," ""59e59f5c74adb9785677282ac7d247ec"""," ""e86b6b3e58ca3d98141aa377ade58c0c457fd43b"""," ""zbetcheckin"""," ""59e59f5c74adb9785677282ac7d247ec"""," ""exe"""," ""application/x-dosexec"""," ""AgentTesla"""," ""n/a"""," ""24.29"""," ""f34d5f2d4577ed6d9ceec516c1f5a744"""," ""12288:W3cqXPoCIG/8TkvlmknfXbqh+ibLSxRGMafbBreKOR2l39oo3F5/W+Mc:XjCJ8TGzqh+ibLFfB6Kll3io3F93n"""," ""T15A05F082742E9B18D35CBBB171A583203BB07D325853D65E69DC76CB81337849E31BAB"""
2022/11/10 13:48," ""d9e6a547a752f12335027886a3891b45eb0f26b6061f74860a3409198441eaf0"""," ""1cc3e250c52c0689f09e57436e9d4090"""," ""f8ad6047b37b52b7c2ae302a112bff416efc9325"""," ""zbetcheckin"""," ""1cc3e250c52c0689f09e57436e9d4090"""," ""exe"""," ""application/x-dosexec"""," ""AgentTesla"""," ""n/a"""," ""25.35"""," ""f34d5f2d4577ed6d9ceec516c1f5a744"""," ""12288:ocqXPoE39oo3F5/W+Mc2yAqRErwIvZzexV85jSDu/+pmc:7jE3io3F93MpyH2rzQxV8ahb"""," ""T19405F183702E9718D35CBBB136E583603BA07D329963D66E2ADC75CB86373844E3165B"""
2022/11/10 13:23," ""f8713950d613da242fbb13bd4fc0b4bb9525fcac47b5946b26038b416e81aa39"""," ""529c61adc152e9fc58c6bb84177917aa"""," ""560062462481ccf566791f80250d1e4410699338"""," ""malwarelabnet"""," ""VCVX.exe"""," ""exe"""," ""application/x-dosexec"""," ""AgentTesla"""," ""n/a"""," ""32.86"""," ""f34d5f2d4577ed6d9ceec516c1f5a744"""," ""6144:C7HKcNsGdFZxvK6p3ytMQTBbLA8kvoXrxI61CVdKrL3SkvRKJRBycZt:EHPsGHZxh2bLco1I61Ci/3SgRKJRByc7"""," ""T10274CF8C33A436EFC82BD83ADA682D60EA603677A35F4203945714EE990D997DF550F3"""
2022/11/10 13:20," ""a6f050832360a47b8a1ab39f81e4dc4fccc4ab54725c2fa23193f3bb301e2daa"""," ""404f5f0b544f53452970b1cb679237a7"""," ""bc390cd974e6b4718b0bcedc12fd8382481dc57e"""," ""malwarelabnet"""," ""Enquiry No. 65002011 pdf.exe"""," ""exe"""," ""application/x-dosexec"""," ""AgentTesla"""," ""n/a"""," ""15.49"""," ""e2a592076b17ef8bfb48b7e03965a3fc"""," ""3072:qhoYsBN8xo+Oioug/b58FtPEzS+Lb0Pt1KHqDFFQtmY0gPRpR7HoBo58HnUThNWO:qLsBN8xoIW5KPezfcJQkcZpZocMUTizC"""," ""T1FB040240E635D067FC9287310C7ADFB3DE746A09255426072B20A76D7E367C2EB1B28E"""
2022/11/10 13:17," ""e5f05ae22cc0c8f9cf133127dde3e0ba142865e5d0ea7913df7574244f22b384"""," ""ef415a7591025b4370cab76beab1c956"""," ""2118bb041699b85e96a670295a8708fca4d3aac1"""," ""malwarelabnet"""," ""DOCS01739990010 jpg.exe"""," ""exe"""," ""application/x-dosexec"""," ""AgentTesla"""," ""n/a"""," ""14.08"""," ""e2a592076b17ef8bfb48b7e03965a3fc"""," ""3072:BhoYsBN8xo+Oioug/bzwPVPEC0+mFH2YAhx3rSuCh6FlJpwmwf7LdyGpVch1ZfSB:BLsBN8xoIWUPVPz0+mFHCx7Lesrwf7Lv"""," ""T1C80412026932C4A3DAA36F311C91E7B76FBADA016854220B535169C93E72341DF3F79D"""
2022/11/10 12:52," ""86572f1e126e2fbee4485d6725a658c8340370c4d717da6e69495d70d17f4c1c"""," ""f717ce585b35a0689a9e1ba8ac354bdb"""," ""1bbbe579c8e9557d2423b516bedae7f4fe0f4883"""," ""SecuriteInfoCom"""," ""SecuriteInfo.com.Variant.Ransom.Gendarmerie.22.23590.8978"""," ""exe"""," ""application/x-dosexec"""," ""AgentTesla"""," ""n/a"""," ""n/a"""," ""f34d5f2d4577ed6d9ceec516c1f5a744"""," ""3072:XgiRH0fM+lmsolAIrRuw+mqv9j1MWLQoQl:XfH0E+lDAA"""," ""T1A6C388E1A744C465D8A796BD843BDAA7A433A24EDC68490D3C92FF0B3D723474027D9B"""
2022/11/10 12:34," ""ef31090ad1ea4e41775b66e546cd00d8bf13be0b0c14aaf37ed499c9e25e32df"""," ""106c3ae4c69d8011bb54a0956c7e2bc8"""," ""839dd6ebc42e35b6a2da61429a5203bedeebaf51"""," ""abuse_ch"""," ""106c3ae4c69d8011bb54a0956c7e2bc8.exe"""," ""exe"""," ""application/x-dosexec"""," ""AgentTesla"""," ""n/a"""," ""34.29"""," ""f34d5f2d4577ed6d9ceec516c1f5a744"""," ""12288:xQ1ivRcr2iNOsECqKrscLitA8gcEHK7S37c+/ErF0p4UqhU+iJ7:xQ1tr1XkhcCJEqKr/uFgmCv7"""," ""T155F4F12A712F9F10C36D367290D6C36077F1AEA66523D60E3FCC32890A337968E75695"""
2022/11/10 12:34," ""bf3f5f542482832180adbb509fbe5d64df3fa6ccfd940d08f2c3f958a35ceb86"""," ""be737c63137358b9f07a86a0dde7f9fc"""," ""7e031fc7ade7f8edfe9ea7bd90369281e7d637af"""," ""abuse_ch"""," ""be737c63137358b9f07a86a0dde7f9fc.exe"""," ""exe"""," ""application/x-dosexec"""," ""AgentTesla"""," ""n/a"""," ""32.39"""," ""f34d5f2d4577ed6d9ceec516c1f5a744"""," ""24576:cjwaSnCIoI5Nh7zSAv0Mb9wwZ3io3F93H:ckLnCLIt7zSA8MeISoV93"""," ""T1C105F183712D9B18D32C7B7176E583603BA07E329853D54E6ACC76CB86336544E327AB"""
2022/11/10 12:31," ""d413461390783c44ca6460f30b007a99af5791b8d1d908fb0302ee105d01f10c"""," ""f07bfee7b69cfef93d2ebae579678c37"""," ""310a1fd73ecef005d474b98a6d2741a0683059c2"""," ""abuse_ch"""," ""DHL EXPRESS AWB 2619171756 (ATR).exe"""," ""exe"""," ""application/x-dosexec"""," ""AgentTesla"""," ""n/a"""," ""26.76"""," ""f34d5f2d4577ed6d9ceec516c1f5a744"""," ""12288:G+tWDDLAYagrX6FKNq0+NxWSL7SvVpIekRaejM/:XcnLqqRN9+NISLeQs"""," ""T1B0F49DA860518599FB6F877421EDFFB012B639F3A1C8875692757184CBE8FD20D812CE"""
2022/11/10 12:30," ""1bc0c3133e18310206e11721d881957eb3c0b446c84aef170222eed28d69b3e0"""," ""b6e8c004d76fc6995d53f6ec486ae7e5"""," ""31e7c41c94f9ac5af9de0842ae6470ff813cfbb3"""," ""abuse_ch"""," ""TNTINVOICEBILLOFLADINGDETAILS.exe"""," ""exe"""," ""application/x-dosexec"""," ""AgentTesla"""," ""n/a"""," ""n/a"""," ""f34d5f2d4577ed6d9ceec516c1f5a744"""," ""12288:LzqJZfedM/QErMN87yW+n3OW+hjeo+Ex1I32BnJT0MDYou:Lw4NIyH3O9S8xG4J4YYou"""," ""T1C3059D68A152C895F66F5372A1ECFFB013F171E3D1C9C65792A86284C7DAFD60D8028E"""
2022/11/10 12:29," ""f91175784f25d47d86fc18f403abf1031cf131b981a13f790cce98b002c5ec54"""," ""2086b621fe56638a35d156fbcddddc10"""," ""9958afbf16cf2883e1c2904e8bc9e94b3e22b3ca"""," ""abuse_ch"""," ""contractTHX221001.pdf.exe"""," ""exe"""," ""application/x-dosexec"""," ""AgentTesla"""," ""n/a"""," ""37.14"""," ""f34d5f2d4577ed6d9ceec516c1f5a744"""," ""12288:jGHjVZ75ofM4QVQ5523dPxInC/tK2ssBM/:KJR5YSswd1/k2"""," ""T154F49DA860558599FA5F937461ECFFB052B631F3A1CC87569275A188CBC8FD20E812CF"""
2022/11/10 10:42," ""76fa7730f7094ecaad31cccc9b3a4ef5d66eafa32d390d8bb2894b19b2d2f45a"""," ""655170e2dadc0ff2fc02bb77105c63ba"""," ""b46ff1f4495defcd4509d0429ea538546337eeeb"""," ""SecuriteInfoCom"""," ""SecuriteInfo.com.Trojan.PackedNET.1660.9663.26019"""," ""exe"""," ""application/x-dosexec"""," ""AgentTesla"""," ""n/a"""," ""25.00"""," ""f34d5f2d4577ed6d9ceec516c1f5a744"""," ""384:MRDTnbM+9aOgRwf3gyTxdeeP2EM0PSKzgW4s3UzoZ2P8UVlmCW:MpT198ypX9lzzut0Q8olmC"""," ""T12D622840E6CF463BC69647BE9CEBE354D37492D20512C29FA5066F8BAC02F55CA87720"""
2022/11/10 10:42," ""67efc3244f140179fad42e4312baed6201f207dce5cf9c76c54e61f7280194ea"""," ""dc4640b0e2a3c95a37a5109940dc85f8"""," ""62648a2629a4dde4e783d0efc1ded1dab344f894"""," ""SecuriteInfoCom"""," ""SecuriteInfo.com.Win32.PWSX-gen.1586.12574"""," ""exe"""," ""application/x-dosexec"""," ""AgentTesla"""," ""n/a"""," ""29.17"""," ""f34d5f2d4577ed6d9ceec516c1f5a744"""," ""384:54hLdJW3FzIqPPT1im2cYSO8hkdvngW769BHFqu51L+6sL:5uw9IqPhOHSO8hCPs2K1LM"""," ""T1C8824C14AD3D7371D754CB7FD9F6E25007B2CE924B13EA6EB4586356A40278BDB80710"""
2022/11/10 10:42," ""de01ac5ea2f36c080d7c4ab716f4df85eeea638e6731df3911b135ee938e1e9b"""," ""c447171de87d466949280412730f8863"""," ""82d752b77bf8d26a301b0a490c7bd5f7b053b142"""," ""SecuriteInfoCom"""," ""SecuriteInfo.com.Win32.PWSX-gen.10061.12429"""," ""exe"""," ""application/x-dosexec"""," ""AgentTesla"""," ""n/a"""," ""n/a"""," ""f34d5f2d4577ed6d9ceec516c1f5a744"""," ""12288:kcqXPo339oo3F5/W+cO0PyBmHHZGCEtEnwFCIX6/x2Oslf9Swc:/j33io3F93c0BWFOFCIexylgj"""," ""T17E05F082B01E8718D32C7B7236E183647FB47E3259A3C61E6ADC76CB86336484E35657"""
2022/11/10 9:02," ""720b7352f254c6ad7bd16506d5a1d51ce7813da9d0bfe5b9657e5b959ad14ec5"""," ""d6f7b1914c530360d95891dc196ed4e8"""," ""2385b480018ce7a256d7c8263705ce5852c82e99"""," ""adrian__luca"""," ""00000000.exe"""," ""exe"""," ""application/x-dosexec"""," ""AgentTesla"""," ""n/a"""," ""33.80"""," ""f34d5f2d4577ed6d9ceec516c1f5a744"""," ""1536:WQZMPWMg+iPNAL0z81YHKDNnkt9tMDyC+9GDYz3I:WyNMgvFRCNkIDyt9GDQ3I"""," ""T163D3D4DF228B8434D93ABF7969C7C0C325E2EC6D48EE856975C23B5F94F1241D8B1229"""
2022/11/10 8:56," ""d316c66d8f8e4f17bcba88caaae40c7965f78611539fb572ebe296b29456b5e3"""," ""b7f31736e7099d7ce847f8e563c7e7fe"""," ""438d304cfa1187ecd29960e2459d1282132b689b"""," ""cocaman"""," ""IDAKHUVA.EXE"""," ""exe"""," ""application/x-dosexec"""," ""AgentTesla"""," ""n/a"""," ""28.17"""," ""f34d5f2d4577ed6d9ceec516c1f5a744"""," ""12288:CkFFhaYqFnM/OtO/tPi/ECAty3rTssQz/jjM/:X3sZMW3rTss6/j"""," ""T117F49EA860558599FB6F877421ECFFB052B631F3A1C89B569275A184CBC8FD20D812CF"""
2022/11/10 8:42," ""f401e6678d1dc2b278bee5e0edb3236331ab655d151dea9f4166c31840ae2e13"""," ""98f1b09b6972be7911746028c7a43a70"""," ""8103bc5e54937f10194d535913c4103190c63f52"""," ""cocaman"""," ""Invoice Overdue & Error INV NR 522236562 DTD 25.10.2021 SK.exe"""," ""exe"""," ""application/x-dosexec"""," ""AgentTesla"""," ""n/a"""," ""32.86"""," ""f34d5f2d4577ed6d9ceec516c1f5a744"""," ""192:nxN58S1XW3Y1zM4DH6sHz1G1xqlbMMWOSjj5HoGv:nv5rXHBfHtz1KxqlTydHoG"""," ""T1EA437CE3F35F4D0AE7984239AD825910836657FE62374A393DCA3629F04B6131427F9E"""
2022/11/10 8:35," ""42cc29de863631b859ceaff6892c25bde8e8212598e8aa3a150f04c1b0e575b5"""," ""62418a8288ae6e60d7661870296fecf3"""," ""d1c9f6fd75734141f97b9c7bbf796bd4c6b8db57"""," ""cocaman"""," ""Bank copy.exe"""," ""exe"""," ""application/x-dosexec"""," ""AgentTesla"""," ""n/a"""," ""44.44"""," ""f34d5f2d4577ed6d9ceec516c1f5a744"""," ""12288:6VHhjbjl2pl3/cr2iNjYokEUlI4kfWAUxfiCyViEgs9D+QnJWwzIWZ:65YKr19YoDUlI4kO9ZmVvgWX0Op"""," ""T11FE47D1029AE4119F276BF7D1DD476A1ABAAFF322606A06E1444334B0732A7CCDBDD35"""
2022/11/10 8:29," ""ae0e36d5419bc65859e431eff54ff566e55f289e1d3e7d6e3c99d85edcd547cb"""," ""686486540f8c37811f0b241ef2eefe52"""," ""565b32a4584c22c600a514031cd57fe5c3668e43"""," ""GovCERT_CH"""," ""9041728.exe"""," ""exe"""," ""application/x-dosexec"""," ""AgentTesla"""," ""n/a"""," ""32.35"""," """""," ""6144:Q7R20M4pITAH46zpvESvCQOCgMENuvT3vQcwd/oTvcb+7cIDrJZaVz3r29ri4Nve:Q7R2lVTjo6S/sNuvT4vLkJZarr29/Bpk"""," ""T10DA4023F369931B7ECEDD635913708C62A3094D6B7DA53AE93C5A2F0A166B40385073E"""
2022/11/10 8:15," ""1b01ebd8c54832e5f83263a30d9d26a666123600cf8b4c91977aa0f6515a3ea5"""," ""a6a3ecf77a3d0e0b2f7dd19e4691a19c"""," ""9cfd00df00e644b7a5b4851127079c562662249f"""," ""GovCERT_CH"""," ""statement of account.exe"""," ""exe"""," ""application/x-dosexec"""," ""AgentTesla"""," ""n/a"""," ""45.83"""," ""f34d5f2d4577ed6d9ceec516c1f5a744"""," ""12288:iUvhjbjl2pl3dcr2iNwgwgj+I8/O+utVWfV1TTmJr:9Y8r1GgPj+I8/O+gueJr"""," ""T1D3F4285029AEC118E2F66B7D6BD0A6B1BA6AFF231606532934853247073293CCD7FD35"""
2022/11/10 8:11," ""35b59a0a262309549c98f5105bb4c9155425a155fceab4d79fc75a94e4a4078b"""," ""76b6b72d582eac8697cc2ae6753a2f96"""," ""02c5b80d3e6eb9ef126398694e0423d082c73afd"""," ""GovCERT_CH"""," ""No.00048075063.pdf.exe"""," ""exe"""," ""application/x-dosexec"""," ""AgentTesla"""," ""n/a"""," ""43.06"""," ""f34d5f2d4577ed6d9ceec516c1f5a744"""," ""12288:kf454vMXPoqhSKhxfW9tNz6O7nHAK3JBiJkcWvb4HKD39oo3F5/W+gJyXtJBSuqH:V2Cvly6KHAK3J8AN3io3F93+AtL"""," ""T17F35F7AC755031EFC867C2AACAA86C64EB61387B431F8207902715ED9A0DB97DF145F3"""
2022/11/10 7:56," ""cbde753d6f1142e462255824434ffe2ecca02dced67a1987fdc9a6fd3dc8b6d8"""," ""0259c9f60dd2f811e08eec8af97a5cec"""," ""51ba66816794ea6cc9f8cad682f32aab81916f55"""," ""abuse_ch"""," ""0259c9f60dd2f811e08eec8af97a5cec.exe"""," ""exe"""," ""application/x-dosexec"""," ""AgentTesla"""," ""n/a"""," ""19.72"""," ""f34d5f2d4577ed6d9ceec516c1f5a744"""," ""12288:MdKbskEPhK3JXeM1ChDUrFN07kyLL1XXMQwpmbUhLTea/qwb/+MbsPOOspRCdbkE:63oyLJnMMUh/jqwjPoOOspEdQo482e"""," ""T12905BF0036769E53E37E63B689C059544BF2884AE03EEF899DDA60E72346F914EC0F17"""
2022/11/10 7:56," ""8633441dc5e9372b0f57141fdd02e86e633951593852cd379cc4c8cfb994a08c"""," ""88846d0316013726bcb1c1d85fe548ca"""," ""07ff8c7fa4e52b2ece81a7610c6d74df24454318"""," ""cocaman"""," ""RFQ-97571784.PDF.exe"""," ""exe"""," ""application/x-dosexec"""," ""AgentTesla"""," ""n/a"""," ""46.48"""," ""f34d5f2d4577ed6d9ceec516c1f5a744"""," ""12288:tf454vMXPoE39oo3RicSCMCIrAogepCboHRh6+tELRUFJMN5J5/W+eMKsheeteWs:i2E3io3z1ILJpnxh3eFDJ93pt/"""," ""T12135F7AC751031EFC867C2BA8AA86CA4EB61387B431F8207901715ED9A4DB97DF145F3"""
2022/11/10 7:43," ""575c947f3754f0fbd194dbe3e99b7ac804c4e9fcb8b0dab89bb72175cc5d3cab"""," ""cc77651362300489d59ec00570cc72a4"""," ""eff99a38070865365bfc9e7adf749e4e97beaca7"""," ""JAMESWT_MHT"""," ""john.exe"""," ""exe"""," ""application/x-dosexec"""," ""AgentTesla"""," ""n/a"""," ""27.78"""," ""f34d5f2d4577ed6d9ceec516c1f5a744"""," ""768:5YC8rxSdFDGaFf13EemSxmFOCGeYejRPEeP1IZhVKK5TtnHCaGuLUxCST8Avstiz:ixYyazEAswC5YeBSbMKXnHUYJtixPd"""," ""T1CC73519D721072DFC857D472DEA82C78EA6474BB831B4213E02355ADAE4D99BCF250F2"""
2022/11/10 7:24," ""878c0432fb98f448421b14563c401bdf946f7f77c5fc497aa53dcdc69bc31be7"""," ""3f398c6c7287fe1a3096abb13f27de01"""," ""06962eb6d5f6ece0f0aa1745fa7f41cb6712c6ff"""," ""abuse_ch"""," ""TNTBillOfLadingInvoice.exe"""," ""exe"""," ""application/x-dosexec"""," ""AgentTesla"""," ""n/a"""," ""32.39"""," ""f34d5f2d4577ed6d9ceec516c1f5a744"""," ""12288:LF+OjHSadHLEDnXWHqpzp0Z4/qSoLj77sAbanys+vmJZoUNM/:AQHZ9EbWHW0Z9Sehb3seuZoU"""," ""T10FF4AEA860558599FA6F97B521EDFFB012F631F3E1C887569275A088C7D8FC20D8128F"""
2022/11/10 7:21," ""0669d16ad6a36c211aec11c245767b55e90d52e399f0c2e86c42b466bdf9b233"""," ""6de018676cb151d8ed10a762d7bd2c73"""," ""66658bc859909d814d31feab1dad888b1b5351de"""," ""cocaman"""," ""PAYMENT_COPY_221432249.EXE"""," ""exe"""," ""application/x-dosexec"""," ""AgentTesla"""," ""n/a"""," ""44.29"""," ""f34d5f2d4577ed6d9ceec516c1f5a744"""," ""96:uB5/5deMGjkM70FaFxDr2RsD3AeC55s3ZKkPz0s3WNtlLY:uB5dGeFixDa6TAN5C3Z3Is8"""," ""T1CDF1C605E784E233C8A64B7A5CB2A7801374E7814D47DBBDB8D4A25BED022854BE37E1"""
2022/11/10 6:38," ""1b79570c79f25ae18f75eef6156511ee39cf27c00382c9d2d0e359febc4aefad"""," ""4442f09bec823aed8be3a8617f89362a"""," ""ce53d23e54b916a6ec69f1e687faa508439a827f"""," ""SecuriteInfoCom"""," ""SecuriteInfo.com.IL.Trojan.MSILZilla.23442.27214.26234"""," ""exe"""," ""application/x-dosexec"""," ""AgentTesla"""," ""n/a"""," ""40.28"""," ""f34d5f2d4577ed6d9ceec516c1f5a744"""," ""384:5v5Q7XaKi2tfFz1hjROg6r0vXYwYa03Vh+Be6tWtWSDyRjPH4jsJsnrNUSm1D4/:54iueQXG3Vh+nt1D4"""," ""T1E0C2C7D1A10085A9FCEA5BB28837470402B55E9ED9F1971F64C5BA177BB33D300A399F"""
2022/11/10 6:38," ""de3a35daaed7baba96f54846e00445b18e5901e0d6e2397103eb015874570bb6"""," ""1a532ee3d1297caec3122e46ceea8138"""," ""bf0f447ecd245dac753e590642fc1e382a40c41a"""," ""SecuriteInfoCom"""," ""SecuriteInfo.com.Win32.PWSX-gen.5537.3003"""," ""exe"""," ""application/x-dosexec"""," ""AgentTesla"""," ""n/a"""," ""22.54"""," ""f34d5f2d4577ed6d9ceec516c1f5a744"""," ""24576:X9o/fJoyLJnMk+3kIqNHt8lVG/NWrv3C:X9fSl+3kpvOYU2"""," ""T1EF05BF106236AE53E6BDA3B386D0484487F2D946E03EDB495DDBB1EB1706F620EC1B17"""
2022/11/10 3:35," ""f3eabb840d6fee575019a537acce1e940085f634df55c2fe9633159783e4b014"""," ""17871e88a6e04bafdaeff9efac8686e5"""," ""91df0daf9c1d543048ca558f84d3aa7fa1130267"""," ""abuse_ch"""," ""?????? Project Order Request List            .exe"""," ""exe"""," ""application/x-dosexec"""," ""AgentTesla"""," ""n/a"""," ""29.17"""," ""f34d5f2d4577ed6d9ceec516c1f5a744"""," ""6144:2kFavqCuvpWQdv2/TJPeIKUX+shVH5mjOpar9Pq4cLQ:2gC8Dde/4UX+ular9PKL"""," ""T1E864122AB7C9DEDBC29C043D4C53A69053E0DCE1798BD747690E73A69E703C6690618F"""
2022/11/9 21:22," ""e96bbaf78169a3686262d287254246ece811fa1361c516ee1a9241c64e702565"""," ""882ac6ebc1511184b9f7632c03b7115f"""," ""75887949380890f16241c54c92bf664a949993cb"""," ""GovCERT_CH"""," ""New Order.exe"""," ""exe"""," ""application/x-dosexec"""," ""AgentTesla"""," ""n/a"""," ""36.62"""," ""f34d5f2d4577ed6d9ceec516c1f5a744"""," ""12288:nJ5yOEcqLGAJKkc/WKXHDute0BYmiiQmgwSULl3Q2YIFylmDfV5ZgriUEQ1pO1PJ:nJ3qwrNwSCLFyCbD1lkdi"""," ""T12835BF113AAAAC24E1FB5732C7D5E4B95FF6FD122102D91F38C5334B4623789CE8526A"""
2022/11/9 21:11," ""853c0b6dcd02ff1aa32cea487c970341a8a8bfec22c625b3a8faf11537d7c499"""," ""55c2f1ca035f3a6e2ffa21cfee0a919d"""," ""9ca1a5d07061b6e5f04a1f4211ee37e3b8ffaadb"""," ""GovCERT_CH"""," ""PO69853278899.bat"""," ""exe"""," ""application/x-dosexec"""," ""AgentTesla"""," ""n/a"""," ""56.94"""," ""f34d5f2d4577ed6d9ceec516c1f5a744"""," ""12288:LUEklv0hqy6WnX0mtFBqa49r/RSmP8cdkX7hLNw26HIsa4FjCufL:LU5v04y6WX0m3w79rJSmUNX7NyFIy"""," ""T17D35C0A034B02FB4D67EDBF68629266483F32DA9625AF60E4CE070FB1573F924650D17"""
2022/11/9 19:53," ""cf67ec10f91075347bfa64d8c18c646e13c18543393339aa956ad790bcc4134b"""," ""7115e9d9f163cf78920046fa0759c63e"""," ""68e7e12c887b4302e14eeb7ced7b3fd9fc5b43f3"""," ""GovCERT_CH"""," ""Purchase order220911.exe"""," ""exe"""," ""application/x-dosexec"""," ""AgentTesla"""," ""n/a"""," ""29.41"""," ""f34d5f2d4577ed6d9ceec516c1f5a744"""," ""12288:hjWMIXPod2iND39oo3F5/W+5aRiv8n9gb7zNW7v0TqRIJerXMGUIIUSHWEx4uKvg:hzd1B3io3F93jAgbY7v0T8IELoIIU6No"""," ""T134F4124DA7B69A58E4BF07B5F058202C5374BC43E10BD79E5EC1A9E66E023E9880D7D3"""
2022/11/9 18:05," ""a058e4db6871ecf56adf444c908980dbfb1a6eddc2cb2eae86d86c6df6111c30"""," ""41ad41a490e1c1bcec578de0be6ad0bb"""," ""d0d3f023d86b1f8c055353b82b8d64b4f379f2bc"""," ""zbetcheckin"""," ""41ad41a490e1c1bcec578de0be6ad0bb"""," ""exe"""," ""application/x-dosexec"""," ""AgentTesla"""," ""n/a"""," ""31.88"""," ""f34d5f2d4577ed6d9ceec516c1f5a744"""," ""24576:q2p+AIBMASvElqWSBVOoISLy9vKlNN3P3io3F93:bp+LB0sgvOOjlfSoV9"""," ""T13205CF1076B91FA9EAB943FA8210915417F62D9F613EC34C4D8E70CB1BA6B454EC3B27"""
2022/11/9 18:03," ""de48615b4961f21a958850a9869139d5c1b44d29e11b2a7164ea3e7e0071e930"""," ""f0ee2625fb26b88ed95f023b86c76b75"""," ""f0cbad5c891a2a59da104fa936b1e5950e3c81ff"""," ""zbetcheckin"""," ""f0ee2625fb26b88ed95f023b86c76b75"""," ""exe"""," ""application/x-dosexec"""," ""AgentTesla"""," ""n/a"""," ""30.99"""," ""f34d5f2d4577ed6d9ceec516c1f5a744"""," ""12288:QSn7yMf+iNXPoi39oo3F5/W+Mpv8EfuKQIPn42FM8gwveyCmfEujPn8t:pPf+ri3io3F93G8QbP5WObbj"""," ""T1F605C01036B82F96EAB943F98210911117F76D9EB13ED70C4E8A70CB5BA6F414EC2B53"""
2022/11/9 17:47," ""362e42c3177269fc66fc65605ae7d03fe78347f9b3d9c10709d7b09e868afa87"""," ""fefd894a85f97e5e89a04e5788f84e3d"""," ""7d5764bbb1228be1f659f12ef99156cab511d257"""," ""zbetcheckin"""," ""fefd894a85f97e5e89a04e5788f84e3d"""," ""exe"""," ""application/x-dosexec"""," ""AgentTesla"""," ""n/a"""," ""30.56"""," """""," ""12288:NynC1kNBKbUkrfQsGyue0dnT49NKyKNtoUDij:snC1IiUoG5dnTPyY7ij"""," ""T1C1A4E1FDEBE49553D960DAB2F577D2C7AC214CBB137E01FE2941498C88E582CE690392"""
2022/11/9 17:36," ""b1c4071b554ffa18faa60ecf3affef6f1a1dd8b6436a221acb9317d249719160"""," ""46ec7de7a3b246118686a83dfe6af97a"""," ""fb9751e9e9bc95df67f5ef0820a14378f50b2727"""," ""malwarelabnet"""," ""R1_QTN_CTL_ 09112022_Quote.exe"""," ""exe"""," ""application/x-dosexec"""," ""AgentTesla"""," ""n/a"""," ""38.57"""," ""f34d5f2d4577ed6d9ceec516c1f5a744"""," ""24576:i2d3io3F93jcM7r8WzBHSxEmLRGHKzcNJt9:lSoV9zTrfz9SxEmLRGHKYDt9"""," ""T15535F7AC715071EFC867C2AACAA82C64EB61387B831F8207901715ED9A4DB97DF145F3"""
2022/11/9 16:51," ""ebe8c86ca059666af9b093c7755cd912314213ec3fccd4f4efce6fbe1745ee41"""," ""00b1737ddc561ab2627da10c13b31714"""," ""04a4c19fd23e7ee5b9d5a4a6114d8f92b93c7348"""," ""abuse_ch"""," ""00b1737ddc561ab2627da10c13b31714.exe"""," ""exe"""," ""application/x-dosexec"""," ""AgentTesla"""," ""n/a"""," ""43.06"""," ""f34d5f2d4577ed6d9ceec516c1f5a744"""," ""24576:NmsmYmsmL8o7bwVn3UGxeFUogG2wFP3io3F93h:NmsmYmsmtPY1nwxSoV9"""," ""T10C15D02813A4AE5AE57F47BCD0504024C374A256E65EE7AD1BC420FC4DB3732ED6A2DB"""
2022/11/9 16:51," ""e0b49fbc94fce9f44145155a9fa75ab39db1ea88f6aa9f8e2835ab19a31493e1"""," ""092f9335f691cda6299a69d8786826b5"""," ""62c16be1014dabfc78655543aa40cddfba88f62b"""," ""abuse_ch"""," ""092f9335f691cda6299a69d8786826b5.exe"""," ""exe"""," ""application/x-dosexec"""," ""AgentTesla"""," ""n/a"""," ""21.74"""," ""f34d5f2d4577ed6d9ceec516c1f5a744"""," ""12288:AuSyEOnumWfH00KD20/G/I0K+JkHQrYYrlcwoph8z8MVvqCr4teHeJYX+svH0Jb6:RSyE/U0KD20WYskHQrYYZ2ZIHPlvH2e"""," ""T13035E0289F916E9AECEE03B9C11204208339D20AF69EF75F0AD900FD1D66354CD9F687"""
2022/11/9 16:51," ""0e259105a3b2dbb7de38f7c9257504c810b3ed757d06952b3e55b91ef80e5721"""," ""b2278edc219f12ebfb7cb2ffd8a7b553"""," ""c67bcfd6b458d1f478c4565ed35156f294244bf8"""," ""abuse_ch"""," ""b2278edc219f12ebfb7cb2ffd8a7b553.exe"""," ""exe"""," ""application/x-dosexec"""," ""AgentTesla"""," ""n/a"""," ""36.62"""," ""f34d5f2d4577ed6d9ceec516c1f5a744"""," ""24576:riAXH11J/5fFwZgXC1l0I0u5qQMTBWDszXs7:tVr/5fF8gXC1l0nkWTBDXs"""," ""T15F45D038B2A3EE23D75E5777D4E294A0133E7D91949DE69E019032D80673B82FA09F53"""
2022/11/9 16:51," ""02fa0384eab0d53f27f6e09372f7f6a1761aad2b1d2a2065423cf44bf027e531"""," ""e4b502993af6174a095a79fecd4529db"""," ""0f5c9c1d0b37b0cafb9e977823e123baa65ebe99"""," ""abuse_ch"""," ""e4b502993af6174a095a79fecd4529db.exe"""," ""exe"""," ""application/x-dosexec"""," ""AgentTesla"""," ""n/a"""," ""28.57"""," ""f34d5f2d4577ed6d9ceec516c1f5a744"""," ""24576:JT5T7eSSR3Lk7t6Lw5jRzq8vX3io3F93:l5TCS8b8Z5tW8vXSoV9"""," ""T1B005C01036B92B9AEAB983F94600511417F7699EB07EC70C4E8AB0CB5B56F414ED3F27"""
2022/11/9 16:46," ""7302d7d6e16885acd957d32364970dbfb66070815ba86ee48e77c4f53606851d"""," ""9765944a74b7b3546a4a1eb918f12d12"""," ""e282f124c24434e007b7226e66fd25eca4662712"""," ""abuse_ch"""," ""QNB Finansinvest Pay Piyasas谋 Hesap Ekstreniz.exe"""," ""exe"""," ""application/x-dosexec"""," ""AgentTesla"""," ""n/a"""," ""38.89"""," ""f34d5f2d4577ed6d9ceec516c1f5a744"""," ""12288:FG8uUIXPod2iN4I8UIvotmpUXmSdyVRhxYbrmEW0MrYtrJhnCas39oo3F5/W+:FHd12IBQSmYyVRkPmEW0ZJhno3io3F93"""," ""T157F4129E92A49659F07F0BB9F555002443B4AC13E20FD3AB4FC9BAF66D733E0450A693"""
2022/11/9 16:21," ""f820bbd5d841a316ff7e8ee247bb52167eaf836408719201fbf27b2840e57379"""," ""3effaf1494c7911a098516b138bbb604"""," ""f2563ff362eff769cfabc49e10506d61878ad66a"""," ""jstrosch"""," ""file"""," ""exe"""," ""application/x-dosexec"""," ""AgentTesla"""," ""n/a"""," ""28.17"""," ""f34d5f2d4577ed6d9ceec516c1f5a744"""," ""24576:e2L3io3F93J3pxLo9tscttlAUDbPGMfM6nmtI:vSoV9krnstI"""," ""T1D335E7AC755031EFC867C2AA9EA82CA4EB61347B431F8207901715ED9A0DBA7DF145F3"""
2022/11/9 14:36," ""8aa601cbb8b4ac57f68738444ca04d146662ce65656110ae0f804baef1c242f5"""," ""91cbfa75e5ccbd61714dabb22a72f15a"""," ""af23d0a180112f33a04e8523dc03b06a32d4f52d"""," ""James_inthe_box"""," ""73181024.exe"""," ""exe"""," ""application/x-dosexec"""," ""AgentTesla"""," ""n/a"""," ""31.43"""," """""," ""12288:UXPa+NLFrNUBKEe8b4X2NfMcq1HXjS6Va:eLxaoEe8MX6McqTS6Va"""," ""T1E4A4F11223A89A43FC878FF64509EEEC77076A77392E11AC32F556433B5A1F2461453B"""
2022/11/9 14:34," ""1581b1513b20123164ebfa64a4a186bcc2c370ad41d89031cb37a7741adfd573"""," ""ea7c2657f56b1d20986b7efe53e56e3c"""," ""c3bdb1204591ec3bb5588c040e6c31ab5bf6dcee"""," ""James_inthe_box"""," ""TEKLIF ISTEGI H鈥RK75BSIl_xlsx.exe"""," ""exe"""," ""application/x-dosexec"""," ""AgentTesla"""," ""n/a"""," ""29.58"""," ""f34d5f2d4577ed6d9ceec516c1f5a744"""," ""12288:3XdIXPod2iNJIIa9j8T7yC4ZBK+sfY6npVhaz44yPGGyLAI39oo3F5/W+:3Ld1rIbV40/K+b89GkI3io3F93"""," ""T10BF4128E72A049A8D0BE0BB6F0450014537CB847E54FD3AB5FCA6AD69E523F48F09797"""
2022/11/9 14:09," ""cc25f86e8cd330e2752c8de224da8f59d4efde286f7018a23f55334fdc2e8175"""," ""4ac3c74b9477bef19ac4d0db1fe49e9d"""," ""cb935a6dc94c11b98b0f1ea3dc9ec6b1d64e362e"""," ""James_inthe_box"""," ""PRE ALERT FINAL DOCS HBL MBL.exe"""," ""exe"""," ""application/x-dosexec"""," ""AgentTesla"""," ""n/a"""," ""26.39"""," """""," ""12288:Gezffb1KdCkh/2MUXtUH/MNhZup1Z/gwAnrF0XBYnOS:Jbb05h/xUXtUHg9hnreW"""," ""T131A4BFD837CE1B44E33D683701F8B4564A73913A25260F7B1542E1FE6E3EAC162B7998"""
2022/11/9 14:06," ""00ad54ec22a085696d3305781bd92ca95459859b6eaf474f6841a895bb01043e"""," ""be79bb3152e8e2215ff29ac60f410c46"""," ""b95613736775dc4a6bf75ee9f060f10b4bd846ba"""," ""James_inthe_box"""," ""uvKgBW4TWVZC238.exe"""," ""exe"""," ""application/x-dosexec"""," ""AgentTesla"""," ""n/a"""," ""28.17"""," ""f34d5f2d4577ed6d9ceec516c1f5a744"""," ""24576:/msmYmsmkyin3io3F93pXUBkK40m9R4CVCR:/msmYmsm9GSoV9ZEyK4rPV"""," ""T12A15D02817A49A9AE5BF47B8D0504024C374E25AE25FE76D1BC420EC5DB3732DD2A3DB"""
2022/11/9 13:28," ""f1d3f35b57fc6907c7ff15a02458bdaf50e95e7d20f8481be4a179d770de1cce"""," ""37fd53b801caef632a89f4edcf473f3e"""," ""4b9dcf71cb78044b41b100f27cbc7c889c61c79b"""," ""GovCERT_CH"""," ""G310WzPziyclWqq.exe"""," ""exe"""," ""application/x-dosexec"""," ""AgentTesla"""," ""n/a"""," ""31.94"""," ""f34d5f2d4577ed6d9ceec516c1f5a744"""," ""12288:7HQQnZThCkQZnn/mRjhjbjl2pl3htTMVQN9AoI39vcTOh0js7cYPX6HuNCi:r6n/8YHtTbN9RIZcRKcyoF"""," ""T17D059E201AEE550AF1775F7C5EF065A189BAFB221626E46E1850028B0762F3CCF5EF35"""
2022/11/9 12:56," ""d97c70740e69b9c5b50e2b3ca047dfdd6405bc0c05745808775136539061c405"""," ""338d25a04f23f7aa205615deca365f74"""," ""08bc08f015bfb65cb4a684537f5a874e70ce8d19"""," ""SecuriteInfoCom"""," ""SecuriteInfo.com.Win32.PWSX-gen.15909.17446"""," ""exe"""," ""application/x-dosexec"""," ""AgentTesla"""," ""n/a"""," ""30.56"""," ""f34d5f2d4577ed6d9ceec516c1f5a744"""," ""24576:KLS+5V3io3F93e2BTVj6KTeBULsn6RrlB/:aS+zSoV9l6FV6jF"""," ""T15505D01036B91F96EAB943F98201915417F66E9EB17EC30C4ECA70CB5A5AF414EC3B27"""
2022/11/9 12:55," ""b6a7e17e7a419a7627495bda74f392db350508a36cc2a089342374e343fe0a06"""," ""dc40cd2f20db371a7ac68e08173cc9bf"""," ""e5ef09c4ab6e03759d958ed1c5db9918fd538522"""," ""SecuriteInfoCom"""," ""SecuriteInfo.com.Gen.Variant.Nemesis.1826.15890.27083"""," ""exe"""," ""application/x-dosexec"""," ""AgentTesla"""," ""n/a"""," ""40.58"""," ""29b61e5a552b3a9bc00953de1c93be41"""," ""6144:zEa0kE1Mz9Hlh06zxo+InLSHhu+vBhWUJx8KWf5G:9E1UHn0Kxo+InAuuXx8KS5G"""," ""T13274124303B068EBD9631EBD412D955AC77ADB0612E22B0B63ED5F2BED73603561814E"""
2022/11/9 12:22," ""750cffc7eae93c260753bea3710409fbe39f18c15457f6d7408f8b07ee56f460"""," ""b29c9491f7e68fe334f6af4fcb8c6140"""," ""0eef860cf4a44549e595053dafeec5caac0de2ee"""," ""GovCERT_CH"""," ""New Order Quotation request #94081010 Request of SAKURA.exe"""," ""exe"""," ""application/x-dosexec"""," ""AgentTesla"""," ""n/a"""," ""33.85"""," ""f34d5f2d4577ed6d9ceec516c1f5a744"""," ""24576:jf3ng3ZwAMxPXpzVjzF/p9XigHJkKuqL:j3nMAxPZZjBB9Xf9L"""," ""T11C35D01C9FA56E5AE9AE03B9C11110108336D21AF78EFB6F4AC814FC1D66764CD9EA43"""
2022/11/9 11:19," ""bfb168069bf8c7644867b6f0d13f4d94fd262e654e98afe9853b123bbfd21a78"""," ""949bba349a3629cb1c99d02b90a8c13a"""," ""c98fa451380e81243a323073c87a996abd56bb7c"""," ""adrian__luca"""," ""bfb168069bf8c7644867b6f0d13f4d94fd262e654e98afe9853b123bbfd21a78"""," ""exe"""," ""application/x-dosexec"""," ""AgentTesla"""," ""n/a"""," ""43.06"""," ""f34d5f2d4577ed6d9ceec516c1f5a744"""," ""12288:nFqNsinH/fZxZQ8GJzxjiGd7AsR+i2uuCuRWdbTiJEjFKoeJJJwKX10w5pBJCC6K:nkFfaxNqsH2nZobeFrRZ10"""," ""T1D9358C78324A6F8FC4D6CD35A860DCB05A111C7A661FDA83D1E32CFBB90D6A59E0C197"""
2022/11/9 10:49," ""75edb8bb2542e803d615e8cd0970b9446e579b46e0fc3914fef51c60ca1f6c80"""," ""a18defd843669689a7598275b86aa393"""," ""2b7a733039c94f5962272e027116f28f5b3d7338"""," ""adrian__luca"""," ""75edb8bb2542e803d615e8cd0970b9446e579b46e0fc3914fef51c60ca1f6c80"""," ""exe"""," ""application/x-dosexec"""," ""AgentTesla"""," ""n/a"""," ""57.75"""," ""f34d5f2d4577ed6d9ceec516c1f5a744"""," ""12288:wNh7nC9YE6HkjAbKEGZUviuP0JRMsi8EyLP9BtL:9CzGOviucJRni8EyL"""," ""T1C9D41298760471EFCA6BD5328D6D1C39AB211CB7879BD3539883269D892C54ACF0F4F2"""
2022/11/9 10:47," ""eae32b5ad9674c7bf4fd973786cae305a69b47c28f6318262fcaabbafc442836"""," ""553ca2db853d9f3b39a38d7bb5074037"""," ""101874329859156826b932c85bf89c9afd07ddbf"""," ""JAMESWT_MHT"""," ""Ordine CA-nr acquisto 4507506396 11092022 0002938448844.exe"""," ""exe"""," ""application/x-dosexec"""," ""AgentTesla"""," ""n/a"""," ""31.94"""," ""f34d5f2d4577ed6d9ceec516c1f5a744"""," ""24576:0Q9jJu63io3F930m9UYR0JewqDbnxrnaLTGVtVOZ:njJVSoV9k0eJGnsaOZ"""," ""T1F805D01472B91FA6EAB983F98210511417F6699EB07ED34C4ECA70CB1BA7B444EC3B17"""
2022/11/9 10:46," ""ae3510621c7b4134b2112ae079919a75f65f64d805417599c6d29c315499d474"""," ""aa6b533e817c4c81b4e50dd09833469d"""," ""42c3c7d85099d763fb09eeecc56182032bac4031"""," ""adrian__luca"""," ""ae3510621c7b4134b2112ae079919a75f65f64d805417599c6d29c315499d474"""," ""exe"""," ""application/x-dosexec"""," ""AgentTesla"""," ""n/a"""," ""33.33"""," ""f34d5f2d4577ed6d9ceec516c1f5a744"""," ""12288:j7h7GHTxCeARBGr/H0D7A3K4rtTEWAK+F/VHkSI/oCe0EyLtoob1IV:SjLHp649EZpySIwgEyL"""," ""T130D41258BB11B18FC84BD5B2A99C1D60BB2124FA535BE387944329EE1D6C58BCF061F3"""
2022/11/9 8:46," ""79444990f14a93a2dbf9d6441c0cd28d9f1b9934e0bff5377663526c7ca85aaa"""," ""665f25aed2eb3884dc15b14b15b578a8"""," ""4af669a997e2ba379b81ae986f5d93bbe2edd4c4"""," ""SecuriteInfoCom"""," ""SecuriteInfo.com.Trojan.Packed2.44591.7248.24141"""," ""exe"""," ""application/x-dosexec"""," ""AgentTesla"""," ""n/a"""," ""29.58"""," """""," ""12288:cvKSBnP1/wN4UsDWfZ+y6W7POy0IkeqhbJbw:+R97URd2yxsbJb"""," ""T18DF586342DAC2447959FB926ABDE94348914ABC7EB988343F59830434D1BD0ACF71BF9"""
2022/11/9 8:31," ""2f1fa3784cd1f226cbcbbccbbc0c4bc067584429de021e2b4f7bcdac6cbeb05a"""," ""77da1dd08a7e80377f27858ea2f51c65"""," ""0b97fb64c73a9bfd62879443a9d43e1ab425ba91"""," ""zbetcheckin"""," ""77da1dd08a7e80377f27858ea2f51c65"""," ""exe"""," ""application/x-dosexec"""," ""AgentTesla"""," ""n/a"""," ""23.94"""," ""f34d5f2d4577ed6d9ceec516c1f5a744"""," ""24576:4msmYmsmPMA7vhQVViXA8kmNdXfZxZaCB3io3F93J:4msmYmsmtFQVViQ8kmN3pSoV9"""," ""T1FA25DF2817A45A5AE5AF0778D0508060D374E216E25FEB6D1ED820FC8D73732AD6B3DB"""
2022/11/9 8:30," ""5294adecd851047730080fd503c09f7bbfe1dfadef235bf7a47e5829b9e68655"""," ""86203eb8d628ea6cb5f38f0b2b41481e"""," ""6bd0e1a65c396678a17ea186a3fc35cc2e2ef7ce"""," ""GovCERT_CH"""," ""DRAFT BL.exe"""," ""exe"""," ""application/x-dosexec"""," ""AgentTesla"""," ""n/a"""," ""37.50"""," ""f34d5f2d4577ed6d9ceec516c1f5a744"""," ""24576:kDSMLbunY65739cQoLdLt4yOeNUsWeI+ymcIq+:kDtKnY6FQ5KHQUBeIN"""," ""T14F45DF4619ABCE56F3C617BBC0E3EE1057F5AAE71693E61BB96443D0F013B42C902A71"""
2022/11/9 8:30," ""7952ed2e59778a1ea85ce6dedc4f5e6b0afdbff5addf24b99a8a12b4e5b53677"""," ""85e0e9c490eb2cd222dad2e4fa2def96"""," ""61b69154c59327707623462ac48f3d26b4b68cab"""," ""zbetcheckin"""," ""85e0e9c490eb2cd222dad2e4fa2def96"""," ""exe"""," ""application/x-dosexec"""," ""AgentTesla"""," ""n/a"""," ""32.39"""," ""f34d5f2d4577ed6d9ceec516c1f5a744"""," ""24576:ssE1MoKdBw+/1TpI2HbsyHeBfp+h7L4Tg1uIPaUzhv:LES7wiWMNeBfpKLlMSdzhv"""," ""T12945E0213364DB26E07A97FA5531A5A00BBE3EA6682DD62C1DD039CE0A33F414F19F53"""
2022/11/9 8:28," ""6a11cc4a941a3406dbe63e9f5e643b01fe5bb678f221fec4b94a0a527b444b9e"""," ""cbff1cb89ab14ecbc0a1cdfacaa689e9"""," ""208bc83ebfd77e476f98250f4c8bf01dcdf01adf"""," ""zbetcheckin"""," ""cbff1cb89ab14ecbc0a1cdfacaa689e9"""," ""exe"""," ""application/x-dosexec"""," ""AgentTesla"""," ""n/a"""," ""29.58"""," ""f34d5f2d4577ed6d9ceec516c1f5a744"""," ""12288:x9o0kOjI1+caihEZ3mFiSC1bg/vwwXVNdPIuN0wsXNXZa5MPvmMV/GJmgHuNCi:48nWrZdwuts9XQq/JmF"""," ""T16525BE5666ABCA62F7C107BB91DBDC1047E9B6A306D2EE6BB89443E1F407F42C501B70"""
2022/11/9 8:26," ""544e27bfd9e6fd8162326418878b0aa3987585775cbd8f11bf166d97fc96f618"""," ""3afe5f52f3edf28c66f631cf87da675e"""," ""0ac8ac28f38cd336d567ddfa3ee1d8463bdab66c"""," ""GovCERT_CH"""," ""Freight Invoice_pdf.exe"""," ""exe"""," ""application/x-dosexec"""," ""AgentTesla"""," ""n/a"""," ""43.06"""," ""29b61e5a552b3a9bc00953de1c93be41"""," ""3072:WfJSq+ytGIon9KcSMU1IAbW32UBmryZdBcykRxQkz9zZkZiX7YUCA8Q1QiEV6Tj7:MEa0N23Lr9ykRxLzXkZiX7Fx8Q1UqLf"""," ""T1A104122237D1B0BBEED3B9750C36B7B9CBB740910125464783A06F6B76767432A0A2C7"""
