2022/11/12 2:58," ""6afdfee605fea7f98b5be7fd4a50bc24181929a22530fdd01c2bc4f012ee4ba2"""," ""56cc19876a0f45d09f7f409289b254b6"""," ""624dab4529371a4da07ed1c37be63184c037e859"""," ""andretavare5"""," ""file"""," ""exe"""," ""application/x-dosexec"""," ""Amadey"""," ""n/a"""," ""35.21"""," ""b3624c9de84346baaf052b30f634ca89"""," ""6144:EZ0w6vThLZILheYji+H+0n3Tp9/TNzuLO7C:EZ0w6l9ILheYuXaTfNkg"""," ""T11444E1227AC2C4B2C55315328921DA92EABFF431F5B5694737A81F3D5F702D2AA3131B"""
2022/11/12 0:31," ""4d75f10d3bc192a274ec9a8b1109dbe14c8af8e00e5f060a7f85100a6d1ac4cb"""," ""9200f1ce034123708f20d0ec5e3fe24c"""," ""2f155571b16a04df0586ccdad0aa9d0f88cabc63"""," ""andretavare5"""," ""file"""," ""exe"""," ""application/x-dosexec"""," ""Amadey"""," ""n/a"""," ""n/a"""," ""266031efe182690321e37403f961832a"""," ""6144:t+V0uXaO4xLJF81mJy9Il9C9lnLuUUtqFXg:t+V0uXaO4xlF81riCHLuU9e"""," ""T15C44F1227683C473C04715708924D7E26EBFF53225B995873BAC1A7EAF702D1AA3534B"""
2022/11/11 23:55," ""4028f6322698f9a78eee0de8e2118b9d1c0aa5939196efd594d116bbf6ff3f62"""," ""1dfe203a69c118ab68bd5e6485a0701d"""," ""f1045e2a9705e51e25c37def7914a0ebbaafd327"""," ""abuse_ch"""," ""1dfe203a69c118ab68bd5e6485a0701d.exe"""," ""exe"""," ""application/x-dosexec"""," ""Amadey"""," ""n/a"""," ""39.44"""," ""266031efe182690321e37403f961832a"""," ""6144:tJ4Elz6e7oLXgJnUjhkQ7JPKbo41U1y2gqk:tJ4Elz6e7oLgJnUjvQbo4ysTz"""," ""T10E44E1233692C4B3C3835134A921D7E06A7FF8B115B995873B981BBD9F702D16A7930B"""
2022/11/11 23:38," ""f87314ddb600d584aa1db070b371ffcc1ca63a85047d4e5e3c9f638d8804cc33"""," ""2ee5780fba39493cc78f25779eb9ab34"""," ""f5a15ba9a3501b667c5ec4b65838b1c8f382e30d"""," ""andretavare5"""," ""file"""," ""exe"""," ""application/x-dosexec"""," ""Amadey"""," ""n/a"""," ""39.44"""," ""266031efe182690321e37403f961832a"""," ""6144:m9W112quLnlLWxVeITbu9d1osu5qJKRyqw91sfaHjBh0gU:m9W112quLlKxVeITassiqJKRu11lU"""," ""T14244E1223A92C4B3D19756304824F7E56BBFB4311675A5873B680B3E6FB02D26B76307"""
2022/11/11 23:01," ""62ded00f0b6ffc4bccf4e0f55904ec4a8087b52db72d529f59e89c5fb7eb62e4"""," ""eb25d4293a62d2374719fa1906a8f6a7"""," ""b94edc6ebd838be36abd7d10cd87eb9cff8f40db"""," ""andretavare5"""," ""file"""," ""exe"""," ""application/x-dosexec"""," ""Amadey"""," ""n/a"""," ""37.50"""," ""5fccefde09a4a95f65926fd54b08d2e0"""," ""6144:12tRNBYvAThL8OC/bDRj4sPX/hRBOS0fmgiHRb:10fBYvAThYOC/bDR9bsS0riH"""," ""T14944E0223A92E872C2A745308931D7E16B7FB531257986477B680B2E5FB02C1BF76317"""
2022/11/11 22:40," ""f064e9cf6dd4136d31d2c88f09ab703998f9a74be3aabe2e2932d26845159ae0"""," ""7542583c4979d07c5ab61275092d2140"""," ""4893862dc76c25402c73d7d3fddf3ecf18abfc66"""," ""jstrosch"""," ""file"""," ""exe"""," ""application/x-dosexec"""," ""Amadey"""," ""n/a"""," ""36.62"""," ""5fccefde09a4a95f65926fd54b08d2e0"""," ""6144:Ua+Yj7quIYLKfsqmZJP+RnsKNU+2h2709iPVgU:UXYj7quIY+fsqmHmsCI9eSU"""," ""T10A44F12336A2C473C54315309868D7E56BBFB93226B5454B7B680B3EAFB02C1AE75347"""
2022/11/11 22:17," ""73ea68bb388de7614498548ac733c0fe81222cf49cc2e98926ac6cb74c3f943a"""," ""bbe312e1dda718b83f86f71835325d98"""," ""7456a38e9128bc7330b9208a2f6220e0b492b52a"""," ""andretavare5"""," ""file"""," ""exe"""," ""application/x-dosexec"""," ""Amadey"""," ""n/a"""," ""40.28"""," ""5fccefde09a4a95f65926fd54b08d2e0"""," ""6144:h2tGhbfgD3LueSsM4Sk5YanzAG0fBZcrgBxg7C:h0GhbfgD36eSsM4SKPnUHa0Bm7"""," ""T10F44F1223AD2C473C29755704824D7B16A7FB1311579AA8B37A80B7D6FB07D2BA32317"""
2022/11/11 21:57," ""bcfb4ca1cf970ab52c8d130a765f2779dd2f9292d557e31b62069c582d47e376"""," ""d945b21b785b0204b0a9379f70fd1834"""," ""875f6b4d609d5fe642be911609f93ef21d487566"""," ""andretavare5"""," ""file"""," ""exe"""," ""application/x-dosexec"""," ""Amadey"""," ""n/a"""," ""n/a"""," ""79c3885e32555de1ee93e7ccb061d95c"""," ""6144:/I9QsoLkplmNxHafdlcGUg/Z8bDTEuChO:/I9QsogplSMlugq/EX"""," ""T14A44E1223AA2C473C64345319825D7E06ABFB43125757A877B680B3E6F702D27A7A317"""
2022/11/11 21:15," ""08d8ac85f9ef226d906faade52c8d0cbc8e64901181a3d0faf22f77cc65849a5"""," ""d1fd9bde3490a4f54df2701ba8314d85"""," ""494d244456b4a69dec768a5cf88ff948a65dd68f"""," ""andretavare5"""," ""file"""," ""exe"""," ""application/x-dosexec"""," ""Amadey"""," ""n/a"""," ""n/a"""," ""79c3885e32555de1ee93e7ccb061d95c"""," ""6144:v59AHO4vJLTZ8tcllLkaTS4NIV9aKQAs/4poQYvIUck2:v59AHlB8tC5WVZptqInk2"""," ""T15A44E0323991C472C297453C4824E7F56BBFB031A975DA8B37A40B6D6FB02D26A36317"""
2022/11/11 20:36," ""ae5fc487e5bd101fdb46e1ff7cb0458834d9fff046c00773edd88e80caaae420"""," ""503cd0464c6bedc78b74ea9cb455cf00"""," ""ef114210775109eaf053b4a85b5c1d977eb0e276"""," ""andretavare5"""," ""file"""," ""exe"""," ""application/x-dosexec"""," ""Amadey"""," ""n/a"""," ""40.28"""," ""79c3885e32555de1ee93e7ccb061d95c"""," ""6144:Cp9vTrbLI6tvXPS7sGs+jtSzGB+vcvVzImHQkB2:Cp9vTfk6tvq7HRQGB+K1Fwq"""," ""T14744F1223BD2C472D18799310824CBE5667FF1322A35968B77681F3E6FB02D26A75307"""
2022/11/11 19:33," ""bb2bb54fb951b950ace8d56509a19d36e407d3e2b57387052312e5b9d77d6e7b"""," ""ffbb4e2e492944a7844bc924b61cb899"""," ""b64558b4d9f08fd9aaa6e6c5be485aa797057625"""," ""andretavare5"""," ""file"""," ""exe"""," ""application/x-dosexec"""," ""Amadey"""," ""n/a"""," ""n/a"""," ""5cc2f7de0fd9b35e16bec4145fa2ee1a"""," ""6144:Vw9r97V+LhpVdI4jkm7zjL7gD1TK9M0FLWXvIQig:Vw9ZMvVd7v7j7WTKFF2Q"""," ""T1DC44E02176D2C032C5979C348824DAF16BBFB43126B9968773A80B7D5FF16E1AA35307"""
2022/11/11 18:52," ""354957fdc882b57aa2b9241df13016f060c10a8ba2b5a212275ed00cfbbb28fc"""," ""39ebbdd8dc06f0fe8a0fd9bd92981b9f"""," ""1d430d6a08b05ba2ca8aeb45dff7232b4164920b"""," ""andretavare5"""," ""file"""," ""exe"""," ""application/x-dosexec"""," ""Amadey"""," ""n/a"""," ""36.62"""," ""5cc2f7de0fd9b35e16bec4145fa2ee1a"""," ""3072:7RQZXefGPeDtJLZC0gQPmHRzO3iLUhCCBM8Ts4FhQuO1dICraFAQzJNoCwEL/ed/:7y9eqILc01mKiozEsODcxzJcEC+TBH"""," ""T13844E0223A91C4B2D59746705920C7F1AA7FB5311975948F3BB85F3E1FB02D2A93930B"""
2022/11/11 18:32," ""d62586012e2782a8cf01ba880dfabe04faa4d7f7dc9bafa3107718e056507f1a"""," ""0d71811a4e62851d2fa7adfb9d5228b6"""," ""4c7d4b2f519becb93a6822ee04d37cf81af18a26"""," ""abuse_ch"""," ""0d71811a4e62851d2fa7adfb9d5228b6.exe"""," ""exe"""," ""application/x-dosexec"""," ""Amadey"""," ""n/a"""," ""33.80"""," ""50c076df41c0abfeb40d7e3bba8c1630"""," ""6144:2UFLGGcKNiMsH/y1mwAnO1rq9IGMlaob:2SdcKNiM6y1mmZ"""," ""T10F44F1207691C833C29356708A25DBE46B7FF43255B9864B3BA88B7D4FB03D16A3534B"""
2022/11/11 18:16," ""fe3e05552bfb41c21f1661eb950c895f12f93afd1ac878799a7754ba5f427df5"""," ""6f88284c998bb3ac1c45636a5ec8984b"""," ""4c379ae5a9a86f3d356ccfac7656adbeffd762fd"""," ""andretavare5"""," ""file"""," ""exe"""," ""application/x-dosexec"""," ""Amadey"""," ""n/a"""," ""n/a"""," ""5cc2f7de0fd9b35e16bec4145fa2ee1a"""," ""3072:WQQZXbVGWmgwt8LGviEZ6s4HRbQjMLlKdSLf5T6MXONjXk98LLBs954cahrNDNxG:WN9b5xfLZE41iMHAMXUk9X9AJxPM"""," ""T18D44F1123A91E4B2C54705709C21D3E57BBFB67159B8868B7FD8073E6FA02D1AA36307"""
2022/11/11 17:23," ""670a77299cc43ed77f0811153b06478725f2bd8b095244ba3b2071f35438cb12"""," ""56cb9be53ee051059179d1c355422103"""," ""703c79effa6add7572900f2f946764fc8b0bf1bb"""," ""andretavare5"""," ""file"""," ""exe"""," ""application/x-dosexec"""," ""Amadey"""," ""n/a"""," ""38.03"""," ""5cc2f7de0fd9b35e16bec4145fa2ee1a"""," ""3072:FpQZXr5+IfrE0xtqLhkVJ8F7HRG4+yAmYQMXPvkjGhZg+pnkTUvlQSOdCzQvAaI4:Fa9rjozLCVS9bDYtWGhZhEUvZ/ko"""," ""T1E444E022B693C473C66325708834D7E466BBF53125716A8F7BA81B3D6FB02C16A31367"""
2022/11/11 16:35," ""583d75be5132b48399058b7e609ffcd666b0413e4e2ae42a8c8c20dc420a35de"""," ""73d155cc611c74caf8541965f3705d8d"""," ""d1c499f8bbea386fe73786856d67c071e0270d16"""," ""andretavare5"""," ""file"""," ""exe"""," ""application/x-dosexec"""," ""Amadey"""," ""n/a"""," ""37.50"""," ""5cc2f7de0fd9b35e16bec4145fa2ee1a"""," ""6144:MD9f/2LHNlzTdlqspmpUrmEbQKWGAJ/EwS:MD9327Nlz7TpaUrmEDWdJsX"""," ""T11E44F1237A92C473C15755309824D7E06BBBB53129B68A4B77984B3E6FB02C26F76307"""
2022/11/11 16:25," ""754c0ab8423aefea2e20f235a2cdf877b7d994dbc0f9212e2cb6d788c7f2a41a"""," ""4b843d7632824c4b271b666323d56cda"""," ""dab1fbb11d9cce444123799364e5391c937c4e31"""," ""andretavare5"""," ""file"""," ""exe"""," ""application/x-dosexec"""," ""Amadey"""," ""n/a"""," ""36.11"""," ""69b6c5773d82eb11b643349979ba10d8"""," ""6144:ganaD2LYzbU2GYQIiCUOJQy9ISxAlxsVM+0pwj2cPB:gaaD20zbv5AWHxAkVM+wZ"""," ""T16844E1123AE2D472D5A391309C24D6D47B7FB43259B5868B3BA81A3D6F703C1AB79307"""
2022/11/11 15:43," ""f264821a5ada82a2895eb8ea83ac82535bbdd10e7a16138fc671dfbcb7161f37"""," ""734de60cbf6f569435e8a53291f626d1"""," ""fd39aa82c62b8170a5147247a9706f7f697ccf77"""," ""andretavare5"""," ""file"""," ""exe"""," ""application/x-dosexec"""," ""Amadey"""," ""n/a"""," ""39.44"""," ""69b6c5773d82eb11b643349979ba10d8"""," ""6144:ya4a5MLlU7+rHu2YrQB4ot60D21bWyeoSTyejAoS:yal5MpU7gHuroD21bhSee"""," ""T1CA44F11236A1C472D2A794305839D7D06BBFF53219B9868B37A40B7D6FB02C19B39B17"""
2022/11/11 14:50," ""1abeac09da174b3bc06d0712d46223f22434df452c74b661ef4714908d061f01"""," ""96e7f7cbfb91bab6b80291a58c7b11dc"""," ""aa82b98c184415239d49782de8d34ceb400c7887"""," ""andretavare5"""," ""file"""," ""exe"""," ""application/x-dosexec"""," ""Amadey"""," ""n/a"""," ""33.33"""," ""50c076df41c0abfeb40d7e3bba8c1630"""," ""6144:ANCLgqLNi0fpQyJieZ5p4dRCgTlJhL/5thSCu:Ao0qLNi0fpsGp4rCgRL/Hu"""," ""T1F944E02176A2C4B2D4A765305830CB95ABBFB43215F9868B37E8077D9F712D1AA31F07"""
2022/11/11 14:30," ""0e8dfd6e603f4d166f6266e8669541fcd893bd04bc74d57d9f4a95fe57ea5b9a"""," ""bfb203c092ece00a16aae094926124a0"""," ""00cc45f5ddf44f9d736b647889a73fb4807cabb4"""," ""jstrosch"""," ""file"""," ""exe"""," ""application/x-dosexec"""," ""Amadey"""," ""n/a"""," ""38.89"""," ""50c076df41c0abfeb40d7e3bba8c1630"""," ""3072:wXX9fURAFxBJLhbGiPbRDFPktnVBVlvOuqph6nLdRJKsLwmjw3XbflIoCqH:69BxHLhbGiazj82Ld6UMXZIoC"""," ""T15744E022B6D3C472CDA395345824D7D16B3BF4321AB8958B37A81B7E1FA13D09A76307"""
2022/11/11 13:55," ""057d33eaafc1b2416d038b2ef7a6d84f00c8aaee271778e0d5ae8b445fa3ef9c"""," ""76d03fe4cda610cc62b50442b2e8e901"""," ""c5c2332870d9cf0b6b7dfcc6c7e4e3bed96d46d6"""," ""andretavare5"""," ""file"""," ""exe"""," ""application/x-dosexec"""," ""Amadey"""," ""n/a"""," ""n/a"""," ""50c076df41c0abfeb40d7e3bba8c1630"""," ""6144:R4qGkLUivvijr4PI4v6RnTnF3BrG49RGA:RfYivvijr0v+JBn"""," ""T10844E031BAA2D432C1AB55305935DBA46F7FB83249B4554B3BA80BBC1FB03D19A76307"""
2022/11/11 13:20," ""6efc82a138a98345ffa9190fab326bc3c463d8fb41a6bbc57b79779b917d8d7f"""," ""a79051192a51b1365b32dbaf8174f09e"""," ""6cf7144f22e6fd2104ae3130cd5dc8a635cdaf42"""," ""andretavare5"""," ""file"""," ""exe"""," ""application/x-dosexec"""," ""Amadey"""," ""n/a"""," ""n/a"""," ""50c076df41c0abfeb40d7e3bba8c1630"""," ""6144:LCuL+B4NiEb5VIXty2S+MCb+J66KQ9w2Dz58:LDyB4NiEb5V0DS+Bg65Q9HDz5"""," ""T15744E12176A2C873D5A794344838CBE0ABBFB03119B2958B37E90B3D5F712D1AA75347"""
2022/11/11 12:35," ""eeda13eb8651adca907c5b7f09356695aa720e7288679d9121a4eaf8544b089d"""," ""89de0b790ab7839b34be15bcce2211dd"""," ""c937ce0581d4235ed6886b8d911234a4d78e643f"""," ""andretavare5"""," ""file"""," ""exe"""," ""application/x-dosexec"""," ""Amadey"""," ""n/a"""," ""33.33"""," ""83255581520bac60e7aa13415e1c76ea"""," ""3072:TUXLnN6UCLWl+pGA1R7uVchzhOWBaKiYTF6yVhtMa3wkbJBEoArvzMvnFjBH:sLNsLWl+pGwuVgOWgzYYq3Or4vnlB"""," ""T1AC44E1267692D472D6D322742434DBE06BBFF53205B9948B7B980B3E5FA03C19A76307"""
2022/11/11 11:55," ""8d59e1fbb36d6c0ba4b3264f30d1944b4a188b257c2226b85dafd20dcc2033e1"""," ""be004fe892a54a29ec6d59c82a723d3a"""," ""5c26db347e4915ec798d0cbc6dd3cea34bb781eb"""," ""andretavare5"""," ""file"""," ""exe"""," ""application/x-dosexec"""," ""Amadey"""," ""n/a"""," ""n/a"""," ""83255581520bac60e7aa13415e1c76ea"""," ""3072:iUXOnN6UCLWl+pGA1Rc+CGnNSxPHD7oUBaHJcwEr2M8ax2Yfl7GHKZV6FL:TONsLWl+pGL+VSd7oUBaH2wErJgYt/j"""," ""T14944F0127692D472D5A355308924CBA1AA7FF43169F965C73B940B7D8FB03C1BA3A30B"""
2022/11/11 11:17," ""5d0ce459c7ebaf72f34ea5aca32e936c45b465baf6c2b785868bc7025adb0e8d"""," ""7b15d92f806f6bf71eeec67f1a95c3df"""," ""b44f42ae1f4c59e01be38ed341b33dcdc2bf8d5c"""," ""andretavare5"""," ""file"""," ""exe"""," ""application/x-dosexec"""," ""Amadey"""," ""n/a"""," ""n/a"""," ""83255581520bac60e7aa13415e1c76ea"""," ""3072:WnUXmxi2kLVuZEGydN1Rh/JMqHDcQxIG6lNi5Fcn6gefro8FRwbFNytIsNiTTGCM:WQmWLVuZEGydJcQxclQ5MSF3Sw0f7VW"""," ""T1A144F1117BA1C433C59796709834DF90AB7FB03219B9654B37A58B3D5FA03E26A3A307"""
2022/11/11 10:26," ""87eaf733601d74d6fa8680f1e7931a8baeab64eaba04f714057a19009ff2864a"""," ""079199cf84a103025c5dad67814b8082"""," ""2fc31fe7f6b72dc4f3b60a2ab2271d5186750008"""," ""andretavare5"""," ""file"""," ""exe"""," ""application/x-dosexec"""," ""Amadey"""," ""n/a"""," ""33.33"""," ""83255581520bac60e7aa13415e1c76ea"""," ""6144:l5mLMsuxGmVoZpYTi0Ny9M8Uz1vvicelfhG2cf+:l0tuxGmSTqi0NyOZ1vvwfMr"""," ""T1AD44E0217BA2C473D59361704429CFAC6B3FB4B219B9958B77980B3D8F702D1AA76307"""
2022/11/11 9:45," ""3819bff4a1a8cab6af5d85178cebebbd89b4ba585e7031264314c1b3cf12029c"""," ""ad3627b7aa1120eb2c93a8fae037c9e6"""," ""c227ada2b2ff1a0b9ae625c4971b5a76ddee5892"""," ""andretavare5"""," ""file"""," ""exe"""," ""application/x-dosexec"""," ""Amadey"""," ""n/a"""," ""37.50"""," ""00a644324a239466ceb73fc87ff9b5b9"""," ""6144:Pc+qLu0eJNk9a2sX3Z80zl94nvuKZLGwvb6MPBc43:PepeJNka2sXpf4vuuGwDlPBcw"""," ""T1C144E0223692C473F5A702314839DBA4AB7FB4B319B4928737A00B7D5F702D1AA76357"""
2022/11/11 9:32," ""a27e7d49675d16594aafdde80d6f59f6921ffe8ef998184237804b68d057ff2e"""," ""730160ec4aec54b1802fdb3065226bd6"""," ""ee7f33232ef012343af88193d3d955939db9676d"""," ""andretavare5"""," ""file"""," ""exe"""," ""application/x-dosexec"""," ""Amadey"""," ""n/a"""," ""n/a"""," ""00a644324a239466ceb73fc87ff9b5b9"""," ""3072:lUXKwLqF5LboCFNLkSRUpyY/qMSWGQtEDy02To//aOzh5NV1K:mKWeLboCFNLeyY6WGg0f2TonaEh5D1"""," ""T10444F0113692C873DA9326701824DBD4AB7FB47116B89D8B37A40B7D5FB03D1BA6A307"""
2022/11/11 8:46," ""ccc7b9c5796f84335cf01ace8b0093f4bd85a3767f3be0ae9f3ee7a7e98636f3"""," ""e169cb3eab7b5bf91830dd6ffb149387"""," ""58c1c4e39f89071f06b6bf14bdabdd3c9e84ea05"""," ""andretavare5"""," ""file"""," ""exe"""," ""application/x-dosexec"""," ""Amadey"""," ""n/a"""," ""n/a"""," ""00a644324a239466ceb73fc87ff9b5b9"""," ""3072:8UXQQMNoRZLGgiNxSRj3635e76BTW1PaXLT2CTfoDJOz/FK2pcN/qJo5ZxePVZG/:NQcHLGgiNDchaXXTfoAzbcNgk7ejG3k"""," ""T19144F1213B91C433C5A72670C934CB95ABFFB83229B9445B77A80B2D5FA03D19A76347"""
2022/11/11 1:30," ""b50dc3ab23b8ff1ecf8762875b1a2e08c2dd6f2b42b831c302febac572bd770f"""," ""41e24fed92aed9b598cb6f4423e9c0f1"""," ""d19a99cf8d31df54a04dc294d7496b909e7665cb"""," ""andretavare5"""," ""file"""," ""exe"""," ""application/x-dosexec"""," ""Amadey"""," ""n/a"""," ""n/a"""," ""aac454bd9c27c59510a0bbc09fbd7552"""," ""6144:rF1uqBLx2YJDglfkAb30LXfK04P3y4+NSt98XIpy2XwOu1ql:rFBt2YJUHb30LiJPCFSg2Uql"""," ""T18794CFC036B3C9B2C5934530785EDBE07ABABB70B8735D372B54266E6D30F819666306"""
2022/11/11 0:46," ""90321f17ae39d0cf7127a50d4c76b49b9961f5e06f34dced86dfab44cdccfe91"""," ""9e6e11b870f1a02a59ab26026c1ed564"""," ""100bcecd575e7040a8ce713123d6ced05864339d"""," ""andretavare5"""," ""file"""," ""exe"""," ""application/x-dosexec"""," ""Amadey"""," ""n/a"""," ""n/a"""," ""aac454bd9c27c59510a0bbc09fbd7552"""," ""6144:W1k/5q3L33lJDlgbdcI0qwyrCgx41XwOu1ql:W1d73lJJd9yr1x41Uql"""," ""T10394DFC43BA3C4B2D5530430786E8BE07A3ABA7065334DB73B57376F6E3029156A671A"""
2022/11/11 0:15," ""45384cd524da3ea02355da146514059d70f96ba1229042891831fbcce84e1cde"""," ""ec86be7e26aa436a89e0a9ab711cf612"""," ""c1abb453b4f3c7e049222acc9bba99207d549495"""," ""andretavare5"""," ""file"""," ""exe"""," ""application/x-dosexec"""," ""Amadey"""," ""n/a"""," ""32.39"""," ""aac454bd9c27c59510a0bbc09fbd7552"""," ""6144:3DKOqjL6W4JDJRAvnoqgL1XQ9I1IBt+XwOu1ql:3D+WW4JVRKoqg5UcUql"""," ""T19894CED03793C872D46B4430786F9BE03A7AAF316D735D3B3B742A6E5D3028156A6706"""
2022/11/10 23:32," ""df3d9140ff522fe626f943e41497bffdf36b94742b90a5fe4668d53dbec0180e"""," ""97a8d4d6e2e413b4147e9daed8e1e951"""," ""7b140e3e764285be7d83223db526d3db434dccd0"""," ""andretavare5"""," ""file"""," ""exe"""," ""application/x-dosexec"""," ""Amadey"""," ""n/a"""," ""37.50"""," ""8d78b3b1c838578b04f551eb41967f99"""," ""6144:8oO9QDLYN0KHaXmGLBOrpFtVFX8s8jEAhGT6+2XwOu1ql:8oh0N0aa2GLBIxV9h4ZUql"""," ""T18094CED07BA3D871C5634430786E8BE07A7ABE3058739C773B743A6F5E3028196B6646"""
2022/11/10 22:47," ""8dfe0837614b093c56bf4e6d3d29b8318040b7d86241812add236ab55e185794"""," ""51112da735d7a34ec3d4ccb15fac69fa"""," ""6fe669943443061b18215c936cb6dc9c01b8fdce"""," ""andretavare5"""," ""file"""," ""exe"""," ""application/x-dosexec"""," ""Amadey"""," ""n/a"""," ""35.21"""," ""8d78b3b1c838578b04f551eb41967f99"""," ""6144:bBGzDqLXP9KMR3g1AnvQAk+aEYBJK2lTZXwOu1ql:bBBDP9j3/7alJUql"""," ""T17994CFC43793C4F1C5A74130786E9BE079FBAB3159339C673B6827AE5E3028156AE706"""
2022/11/10 22:17," ""6bc02476bf93a0ba0b1dde1c66afce5979f2e72ef698470ccbc465af0d92c47d"""," ""03b11a155032975798fbc975c37e3320"""," ""e7323c9eb346138b8ab11381187efbe322554d0f"""," ""andretavare5"""," ""file"""," ""exe"""," ""application/x-dosexec"""," ""Amadey"""," ""n/a"""," ""35.21"""," ""8d78b3b1c838578b04f551eb41967f99"""," ""6144:/WrzEqLghtPNSOehTz3zqRbiiZMO+FXwOu1ql:/WN0htYVzmRb7AUql"""," ""T16A94DFD077A3C4B2C567003078AD9BE0797EBB3069739D773B14366E5E7038216AA61B"""
2022/11/10 21:30," ""d435ec87489a889166264f1f18d5e3d651884f7585ed6f7637f2d294c5304d95"""," ""8bd9fb9ff49d4d416f6336ab501b917f"""," ""7ea02c66d81cb95506a2458a3e5d972c6c41ce58"""," ""andretavare5"""," ""file"""," ""exe"""," ""application/x-dosexec"""," ""Amadey"""," ""n/a"""," ""34.72"""," ""8d78b3b1c838578b04f551eb41967f99"""," ""6144:nyeb8aCLUYCP67nOz8uquVuVfPJLRGrZXwOu1ql:nypAYCyOwe/rZUql"""," ""T1BF94CFF43793C472D5534431386ECBE07E3ABB3359735D6B3B54266E6E302816AAA306"""
2022/11/10 20:31," ""0841acc3dd4f0c952219da7a7d1341372dd88b34b6c39a2b9afd3b0ed2efc221"""," ""4afd0e206fea67d3ee5a54f39bdc7b1f"""," ""14f5b93d11f0fcb1a4bf35ad27a5e0869b82a3f7"""," ""andretavare5"""," ""file"""," ""exe"""," ""application/x-dosexec"""," ""Amadey"""," ""n/a"""," ""34.29"""," ""0efb3edf7adc58eb257d46d00511e034"""," ""6144:LFzgApSLCAmnEAXQL5A94fXvaA8Hsg+dyKSaL2XwOu1ql:LjAeAmnfUeS/p8HUyKSg2Uql"""," ""T1C394DFC03793C472D1530135746D8BE07A7AAB71DA335DB72BA537AF6E302C1A6A6306"""
2022/11/10 19:45," ""c784e722176d0fd683ccf2d3389ebb40d3a2ea3f6f4e7281d6d87d1eefc6c6d6"""," ""3ec8cbefd1b35a80dc3f0a9911a688cd"""," ""e30b55fdece4c604f6642de8256936a00994eeee"""," ""andretavare5"""," ""file"""," ""exe"""," ""application/x-dosexec"""," ""Amadey"""," ""n/a"""," ""37.50"""," ""e4d0e735c5b80d8efd3c6090a334e0c2"""," ""6144:VWsPIhnL3LBC5Q3wr7DzCwwvtQsBA+ENlmPZfUBNXwOu1ql:VWuQPBC5IoIv/ENQxfUBNUql"""," ""T11494CED43B93C87EC4A30034786ECBE07A7ABF315A736D633B54265E5E3028156A5EC6"""
2022/11/10 19:01," ""ea673f9ee20f9fd46147346387625ad27f8cb3de35a6b924c9eb93ff3e651691"""," ""c615c01343961a303e27983aa63dd314"""," ""7e64e63b3e12a2244ecddd20ebe91337db5c21c8"""," ""andretavare5"""," ""file"""," ""exe"""," ""application/x-dosexec"""," ""Amadey"""," ""n/a"""," ""34.72"""," ""e4d0e735c5b80d8efd3c6090a334e0c2"""," ""6144:RzNKy8RDLI9qGQQQWo0np4JYQ/zUpe36DK2WTdc1XwOu1ql:RzH809qGFPoovmzUIqG2WTdsUql"""," ""T18C94CFC03BE3C4B1C453A430386EDBE0BAFA6B3059779D773B54366E6E3028156A6716"""
2022/11/10 18:57," ""102f0e380872963915551347f6595f88e7c42ce66361368a250a5cc869915774"""," ""f89d5820d5966f1719914050ff9b18f5"""," ""3a87636c2c82666a56afe2074196f10e3cefd8c7"""," ""jstrosch"""," ""file"""," ""exe"""," ""application/x-dosexec"""," ""Amadey"""," ""n/a"""," ""35.21"""," ""e4d0e735c5b80d8efd3c6090a334e0c2"""," ""6144:n96tOVtLXJwQET0JE7NhGJXE7iATiKnhEeXwOu1ql:n9ScLJwZT0e7NhGJU+AThEeUql"""," ""T1E094DFD07B93C473C5670430F85E9BE07AFABF3059725D773B28A76E6E3028156A6206"""
2022/11/10 18:02," ""f22740a0293c9714f1d761acfc7dc6a36b26bcaed89cd24da74c93be7775b9e1"""," ""265a418d31053b711d554933b8d5d6e8"""," ""d7ade15da4ee9f4275d147dac0d823f872bd626f"""," ""andretavare5"""," ""file"""," ""exe"""," ""application/x-dosexec"""," ""Amadey"""," ""n/a"""," ""31.94"""," ""e4d0e735c5b80d8efd3c6090a334e0c2"""," ""6144:S5psIhnLyxUQP6+sOFyIum+H0slc1fUXwOu1ql:S5WQ2xUGzpFvubUs6uUql"""," ""T18C94D0C43793C873C5A70031786ECBE0767A7F71A97B9C37BB24266E6D302A156A6305"""
2022/11/10 17:45," ""9a397d8bc25f7f9983dc9a1bb697fcc0fe6543f1f4908ac99536dcc66403cb11"""," ""5743f07f7814306c379b7fb222c4adf8"""," ""7a66b24ae24630f4a0be435e9d70d91804b850d6"""," ""andretavare5"""," ""file"""," ""exe"""," ""application/x-dosexec"""," ""Amadey"""," ""n/a"""," ""34.72"""," ""e4d0e735c5b80d8efd3c6090a334e0c2"""," ""6144:hjeM/AyL9g0QcpSduL5jr8aqBI9z2LZUDHcM6++ra9n:hjfRRg0qa4aCscyDI+6"""," ""T19B94CF117EB1DC63C0E5C5308456DBACFA7BACF2696389473754363E7E302D16A2A316"""
2022/11/10 17:01," ""0a1c7e8bb17104415215e21fe4cdbac18398f1355e2689d960f6bf4d18cdc19e"""," ""7a73c6e79849fb03ce4337fd4ab55e1c"""," ""8ffa8bce03c3ea23cb54750642562de48ff7e80f"""," ""andretavare5"""," ""file"""," ""exe"""," ""application/x-dosexec"""," ""Amadey"""," ""n/a"""," ""34.85"""," ""e4d0e735c5b80d8efd3c6090a334e0c2"""," ""6144:SOysy2hOLsF6QOFOzIrecP/8bg2jWYhk3FE5uDHcM6++ra9n:SOkbYF6izseccM2E1hDI+6"""," ""T1A794CF007EB2EC73C0E6C4314866DBBCFA3A68E2756349873755377D3D30A925A7A246"""
2022/11/10 16:45," ""e81f2b2f8a80aaf5af00a56c4fd376d22f45e3fee463ea1763ecb22a0085d9bb"""," ""a184516a26cafc5e401a16349775a0ce"""," ""cf221da541fb97707019f35549bb409456ca40dd"""," ""andretavare5"""," ""file"""," ""exe"""," ""application/x-dosexec"""," ""Amadey"""," ""n/a"""," ""n/a"""," ""2f31ca72463cc94ef7029d5f5d24836f"""," ""6144:HjprgtpaLZXpjnGiavvM/j6rCE+GPEDHcM6++ra9n:HjpvVXpzQvx/EDI+6"""," ""T1D594CF103E91DCA3D0E2C8704856DBACF67668E26967498BA754263D7E333C15AFD30E"""
2022/11/10 16:02," ""a2495fa853840e5311beb87c037594d63282ff58912e9baf638e0698fff58ab8"""," ""934ffdc73afcae9c6b20267eb77dcf80"""," ""8b493126bb873540329e1f30bcd80c9cdd9f04a8"""," ""andretavare5"""," ""file"""," ""exe"""," ""application/x-dosexec"""," ""Amadey"""," ""n/a"""," ""32.84"""," ""2f31ca72463cc94ef7029d5f5d24836f"""," ""6144:/Yb1i+rL+xDjATMx4w/bKKzmxMpMNRmsDHcM6++ra9n:/YbTaxDETM2KmjPDI+6"""," ""T18494CF103EA3EC63D0E2C5744436CBACF67AB8F1596349472B54367E7E30291AA3B646"""
2022/11/10 15:47," ""b49a9293cb1dbc0a7a2b6af487e1633a5012e9a1ad4ab185cacd12798998ae27"""," ""002fbf5d9cc1a847b8bff48bc354c7be"""," ""4571aa58290660a2f8b2f7477c51cd5ad20225b5"""," ""andretavare5"""," ""file"""," ""exe"""," ""application/x-dosexec"""," ""Amadey"""," ""n/a"""," ""34.72"""," ""2f31ca72463cc94ef7029d5f5d24836f"""," ""6144:kHbJjMjL97/0Yw2huQw/T2lE3ANbWDDHcM6++ra9n+:kHbSB7/lwf/6LSDDI+69"""," ""T14D94CFA07E91EC73C0E5C4304856CBBCF63AA8E2592349873755367E7E706C16B2A71B"""
2022/11/10 15:16," ""1a414ec72e5995b65149e2e3b770948339ebf7c84cd736de765560b7cd100f51"""," ""a370e4da751dff7b7db216ff18517713"""," ""488cda044a375c23f8513e62993941b4abb51887"""," ""andretavare5"""," ""file"""," ""exe"""," ""application/x-dosexec"""," ""Amadey"""," ""n/a"""," ""37.50"""," ""2f31ca72463cc94ef7029d5f5d24836f"""," ""6144:lJoZ9/OLpdLVbmgdy7fMEKonT/xAzo2Pa2vtBDHcM6++ra9n:lJoWVdL5mzBKyTpkPaotBDI+6"""," ""T1F694BE113E91FC73F0E2C4305456CBACF67A68E26863494727513A3E7E772926B7A306"""
2022/11/10 14:47," ""770f8c2062bd47a5e8cf56b396032e36c2fa56a17945e3932d3ad7e11e430d85"""," ""c944f1d140db9b9c9f57d993b762ac46"""," ""0059827c6ad2cf0f3e04847d22afc9dbcbb9d8ce"""," ""andretavare5"""," ""file"""," ""exe"""," ""application/x-dosexec"""," ""Amadey"""," ""n/a"""," ""n/a"""," ""2f31ca72463cc94ef7029d5f5d24836f"""," ""6144:FeoVd/oLW4rV5D7uoUjF2Z+4U1gJtmER7DHcM6++ra9n:FeoES4rfD7Uj74ygJtVDI+6"""," ""T15794CF103E91DC73D0E6CC304466DBACFB7AB8E25523494B2B55367D7E34391AA3A31A"""
2022/11/10 14:02," ""933f86b3cfa395d616b93075fef3b10e547dbb039463d85e9d5f791e878e6ac4"""," ""14c58adf454d3a938dd73421fa887f21"""," ""2d43ad29cabfd1a753f4db05602b6c340cb4da3b"""," ""andretavare5"""," ""file"""," ""exe"""," ""application/x-dosexec"""," ""Amadey"""," ""n/a"""," ""38.03"""," ""2f31ca72463cc94ef7029d5f5d24836f"""," ""6144:qlQ4oLvYLI9+VVh5CAmYijtmXIJ7hDHcM6++ra9n:qlQsM9+Vf5C2Q7hDI+6"""," ""T16A94CE217D83DCA3F0E184304856DBACFE7AA8F329634947F7542A3D79702D16A7A316"""
2022/11/10 13:02," ""90c8162bda82db4a724c6a62411c9ab5a6f47b6c4e6da6187926c0282ce0bd56"""," ""9d3fbe46c2aeccaa1789cb3b08fef608"""," ""3703c5c0141451e728cc905e1bb7d3cf4e02296d"""," ""andretavare5"""," ""file"""," ""exe"""," ""application/x-dosexec"""," ""Amadey"""," ""n/a"""," ""36.62"""," ""2751973a1f0bf5da4196dfeed17df118"""," ""6144:hRQlL9G11e63fB/IzMWUj2eVCpXTdDHcM6++ra9n+:hRAJG1oV1s2eCpRDI+6"""," ""T12794CF003A91DC73C3E184314466CBACFA7A6AEA592349B7371076BD7E34EF1567A306"""
2022/11/10 12:18," ""33feba6217909c7ee87d269ed169ccf451b5493098c329adb58d6fb56ace2d9a"""," ""388ffb4e3c39ecbfde976f7f592ceccd"""," ""521d63ff4dccec9c9550d870124b58be6ad0df91"""," ""abuse_ch"""," ""388ffb4e3c39ecbfde976f7f592ceccd.exe"""," ""exe"""," ""application/x-dosexec"""," ""Amadey"""," ""n/a"""," ""37.50"""," ""7ef89c2bc7e7472f6ec1a7ab34bbc339"""," ""6144:PvPHXL/d6dSMwKaCpiypv+Bv7DY76GNWnyFicC:PXXx6dSG7pXvWv7DnGDY"""," ""T19134E023BA62C473D96365744438CBE1AB7FB43148B8958B77A80B6D8F703D16A36707"""
2022/11/10 12:18," ""a823f2fb985b5e6ea2922a80e72b1eb0e73f392d2f64d84a2667ea160e8fc7d8"""," ""ac2e9f0bfcc226d2d0d204097f9a3907"""," ""714fb0c50f1713ecd78b480d79f38d0d710bab4a"""," ""andretavare5"""," ""file"""," ""exe"""," ""application/x-dosexec"""," ""Amadey"""," ""n/a"""," ""n/a"""," ""2751973a1f0bf5da4196dfeed17df118"""," ""6144:pjIVzLhGyB8raHcYLH51ELVrIhprpkpu970oDHcM6++ra9n:CUyBx8Yb51EIV994oDI+6"""," ""T14494D0D13E90DCA3C0E685304816DBBCFA75A8E26963858F3755367E3E302D16A3B356"""
2022/11/10 11:30," ""feab57460a6640879d8de118fbb3480044e087d23fbbde385cddc9d21ad55b53"""," ""5405a549fd185253b58f4dd96619ebbc"""," ""27a9d9209699c6f01c1c94ef20cb1fe5fe68bca5"""," ""andretavare5"""," ""file"""," ""exe"""," ""application/x-dosexec"""," ""Amadey"""," ""n/a"""," ""36.62"""," ""2751973a1f0bf5da4196dfeed17df118"""," ""6144:FiYrxL6Wf+8rBLpBmaN3fF1kVx3O+iTjczhsLxoXG6gDHcM6++ra9n:t/f+kLpBmahtCV5OLPczhgxEjgDI+6"""," ""T1D294D0113E90DCA3C0E6C1364865CBBCFA39BAEA595345B7375472BE3E302D15A3A316"""
2022/11/10 10:46," ""0cd8d83437ae3be2142c554ca546e8da1cc06640009fb0980be54d72ac7fc08a"""," ""a16a0e28c401285e6b1289f35950db0b"""," ""02ec4e259116ecc144408b5dcc4aa17e514ee76a"""," ""andretavare5"""," ""file"""," ""exe"""," ""application/x-dosexec"""," ""Amadey"""," ""n/a"""," ""33.80"""," ""2751973a1f0bf5da4196dfeed17df118"""," ""6144:AFTLL2WvzKA/30n6iJgTnT7uDvVDHcM6++ra9n:YLvz9dJrGDvVDI+6"""," ""T16894D010FD90DCAFC0E581304856DBECFABAB8E225534A873754667E7E342D16A3E316"""
2022/11/10 10:16," ""799ff8b14bf3f96717ca3a4bfa264ed439632887dfb2ac2fb908d173325908f7"""," ""0b5e6537ab3f238dee40f0a7e861d681"""," ""c37add464ced6b3bbf31b44c520de4c4cad84573"""," ""andretavare5"""," ""file"""," ""exe"""," ""application/x-dosexec"""," ""Amadey"""," ""n/a"""," ""37.14"""," ""2751973a1f0bf5da4196dfeed17df118"""," ""6144:/3Q9nLLGE/8r6mQn9B6A3u4yqEytGnopp5WxWPODHcM6++ra9n:omE/pmQn9B3oCGnopZODI+6"""," ""T10094DF10BE50DC63C4E6F5304856CBBCFA7968E2696346473B55373E7E302C26A3972A"""
2022/11/10 9:48," ""cc0f7ecc99f7e478d23f40782f6057cad642eb86167ce43cb19c54e15568a6e6"""," ""93ed621040da803b7c9ad00ad544f939"""," ""4f374c2153aee49b4ec70960c26fbf825bdca0ba"""," ""andretavare5"""," ""file"""," ""exe"""," ""application/x-dosexec"""," ""Amadey"""," ""n/a"""," ""35.21"""," ""2631b4954b3dc83586de07b2274469a3"""," ""6144:ipK8LuyC1a8ZZnbKB1RbeTkA+77aNcL+OrH9RU4DHcM6++ra9n:kdC1aqVOVSNN2H9RPDI+6"""," ""T16794CFD13D90DCA3C0E785304856CBACFA79B8E2696345873759767E3E302D2A63E352"""
2022/11/10 9:05," ""eba133e09515dd96cc878da6ef2e4d6728d0d263861fe8f55b31b27162b284ba"""," ""fcd520e66c1d5395d3d03dabd4f7f92e"""," ""870348a40c0f06d6c222b8e0ffc4ddcad2e510bf"""," ""zbetcheckin"""," ""fcd520e66c1d5395d3d03dabd4f7f92e"""," ""exe"""," ""application/x-dosexec"""," ""Amadey"""," ""n/a"""," ""31.94"""," ""2631b4954b3dc83586de07b2274469a3"""," ""6144:F5aWaLr2KM18ijRjqaqnS5KIrqthzdKOJAkDHcM6++ra9n:iLOKM1t7qna7kqtkDI+6"""," ""T1F694BE117E90EDA7C0EED5304855CBBCFA79A8E26523468737B5763E3E302D1762A306"""
2022/11/10 9:00," ""f4c8411dcec44ecfd21d62dfe5f58ef81b54efed66e091b808a77cbc25d98e91"""," ""50d50a9b5cb211f3d4ac4fadff929ca2"""," ""22cc363ad5a04b34d81ccc11d934978bb699bf34"""," ""andretavare5"""," ""file"""," ""exe"""," ""application/x-dosexec"""," ""Amadey"""," ""n/a"""," ""36.62"""," ""2631b4954b3dc83586de07b2274469a3"""," ""6144:AaWNrLgR26Zr8FsjNUWA/pI8EJyWeoRDHcM6++ra9n:AlV6ZryQ4/680DI+6"""," ""T17A94CE157E90DFA3C0E685305926CBACFA3969E2695346C73B50763E3E303D16A3B316"""
2022/11/10 8:15," ""104ed2f8fd097e5e9abe8a53373885bd76ddf59fe3087669c296bd37493efd02"""," ""88f8a673ae6fcfa7429cf193b2d55c81"""," ""fac8f5749577dc82214656ca2381237cece6de6f"""," ""andretavare5"""," ""file"""," ""exe"""," ""application/x-dosexec"""," ""Amadey"""," ""n/a"""," ""n/a"""," ""2631b4954b3dc83586de07b2274469a3"""," ""6144:ZNNKL9z26uL8/+gR5NY6Q0suDDHcM6++ra9n:gRK6uLYNYHeDDI+6"""," ""T17794CF143E91DCB3C0E284704865EBBCFA7978F269A3498B3755767E3D302815A3E35A"""
2022/11/10 8:10," ""172c353b13cbffdd1a8fee0b0922bb32af75e5f63ac792dea7379382088f6d4b"""," ""cb858ddc8b49603f4620dba3f0680479"""," ""03da16cd71c06f14e17334399c722e4c1904dc2a"""," ""zbetcheckin"""," ""cb858ddc8b49603f4620dba3f0680479"""," ""exe"""," ""application/x-dosexec"""," ""Amadey"""," ""n/a"""," ""34.72"""," ""2631b4954b3dc83586de07b2274469a3"""," ""6144:9QtpLGhSZh48YdsywLjNciiNdLTeRG+345XtbLT79DHcM6++ra9n:UyIZh4hwLjuiiNxTYj34VtDJDI+6"""," ""T1AB94CF113D90DCA3F0E6C4305875DBBFFB79A9E22557458727513A3E7E302E2AA29306"""
2022/11/10 7:47," ""928c257a2ca7d120e899c79557f518fd812b0e7c4cb65952ad918f3a31cce8e7"""," ""4049352678ca79641a0d5d45fc00ffa7"""," ""3a5224434e765b6491add83a8872d44ba59394fe"""," ""andretavare5"""," ""file"""," ""exe"""," ""application/x-dosexec"""," ""Amadey"""," ""n/a"""," ""33.33"""," ""2631b4954b3dc83586de07b2274469a3"""," ""6144:HsWNrLgR26Zr8l8lAwCaYOtT67UBw3DHcM6++ra9n:3V6Zra+tYOtjgDI+6"""," ""T19D94CF113E90DCB3C0E685305865CBACFB7969E2692385773751367E3E302D26A3A736"""
2022/11/10 7:20," ""1071b5ce0ae65382e1ad24c61f6128149a64ad1d20ad35db12ccf60fb5919e8e"""," ""7462dce82602389557581067fbf32b3f"""," ""149fbc3d52c32691bfc38211d8ad03d90c9091d6"""," ""abuse_ch"""," ""7462dce82602389557581067fbf32b3f.exe"""," ""exe"""," ""application/x-dosexec"""," ""Amadey"""," ""n/a"""," ""32.86"""," ""2631b4954b3dc83586de07b2274469a3"""," ""6144:XfZJuLq6sbe8K+9wMpQcew3Poqay/+zXGBTDHcM6++ra9n:WRsbeU9wg1foqvWXGhDI+6"""," ""T13394BE113E90DCA3C0E68430CC5ACAACFB7869E2757359B73753767EFE30291562A216"""
2022/11/10 7:15," ""de32192459bae4da7470dc1a4429bc827654e3644f7c9a2007e600b17ed6944d"""," ""08240d0f0e3081ca028674e35a35ed2f"""," ""05900f8ed92a98809b6e8c425ce0a5dec132390e"""," ""andretavare5"""," ""file"""," ""exe"""," ""application/x-dosexec"""," ""Amadey"""," ""n/a"""," ""36.11"""," ""2631b4954b3dc83586de07b2274469a3"""," ""6144:mQs2+LnJMre5ja3cDj8YIacFE4kOVax4TqeMDHcM6++ra9n:KFMreJasDjkZxg4TpMDI+6"""," ""T13994CF117E90DCB3C0E286304866CBBCFB7968E629634A473754767E3E342D85A3E316"""
2022/11/10 6:45," ""976e7ba9cfd6a8166c7d6753cd5686e1965459455ce654970f61cc5bda00eadf"""," ""a3cf96b909e18dc1dfc1c33232d304e9"""," ""bf53ec4b4f2d8911c1ee346804e89b0019b1c938"""," ""andretavare5"""," ""file"""," ""exe"""," ""application/x-dosexec"""," ""Amadey"""," ""n/a"""," ""37.50"""," ""2631b4954b3dc83586de07b2274469a3"""," ""6144:u/tkLwSABY8s6nG2phMWBsHpGThk+cssVDHcM6++ra9n:N/ABYZoGghMusYTSDI+6"""," ""T1E794C0113E90DCB3C0E5D5384955CBBCF6FAB8E2A91386873755763E3D302D25A2A346"""
2022/11/10 6:01," ""d0e3efbc27218906e3d5c79de6f664a2300bf765e5f6fd71f72e1f1629d61543"""," ""88ec5c90494785a4ef5643a71cf8040f"""," ""76a2740e53c50012ab3d6f88aa6b8e0e9288f663"""," ""andretavare5"""," ""file"""," ""exe"""," ""application/x-dosexec"""," ""Amadey"""," ""n/a"""," ""n/a"""," ""2631b4954b3dc83586de07b2274469a3"""," ""6144:45aWaLr2KM18BaDJ/X5rk9Duyf6oU521+h6LSiFQ9EDHcM6++ra9n:zLOKM1GaDxX9CDTlKxUm9EDI+6"""," ""T1DF94CF317E40DCA3C0E685304855CBBCFA79ACE268634647F755767E3E302D1A6EA31A"""
2022/11/10 5:45," ""6fcebede44610cc59ada8c5bb2105aafae8f156f7f6f9ac9a1018368da553f19"""," ""e39562b5493bdae4c69f89612eca4d3f"""," ""b720b9a8dbfea7bbfa9ca606663a5e1577e44351"""," ""andretavare5"""," ""file"""," ""exe"""," ""application/x-dosexec"""," ""Amadey"""," ""n/a"""," ""n/a"""," ""555a1039e846788e46de9b61bebb85a0"""," ""3072:klXfuR/EWsLazzOeJRIDKpgxaqolRvFPR7OXqvauXLhAyiPQ6AI6zlLa0TdJUcxJ:MffRLazzONgJdlRdBOXsXOyin6zthJR"""," ""T14634F1127A92C473C5A791311930CBA57B7FB43129B55A8FB7A41A7D8F702C0AB3634B"""
2022/11/10 5:01," ""23d50ac0f6cc3ceac8a8b89915ee5fee6a273e72d9fccd811b51f701b35b4d05"""," ""ce8317590076243a7fe75319f0101329"""," ""251cb5e4b92761becfb851f9ac9405076c54c202"""," ""andretavare5"""," ""file"""," ""exe"""," ""application/x-dosexec"""," ""Amadey"""," ""n/a"""," ""34.85"""," ""555a1039e846788e46de9b61bebb85a0"""," ""6144:lpEkLkf5O9/sAnXWbmGpHfzUvROYyZBm8zTz:lHwf5O9UaHvvRsmA"""," ""T1F434F0127691C872C167A6390839CAB56FBFB4724975E64B3B940B3D8F713D1AB36302"""
2022/11/10 4:17," ""7aa7c3d1941e164290d113c21384feb1a064eaa51fae74ab78a6a4d5fb101496"""," ""283719da9c7022d1979ff3ef51fb42c9"""," ""31776e204a68c2f6c0232875daacc19c634b649a"""," ""andretavare5"""," ""file"""," ""exe"""," ""application/x-dosexec"""," ""Amadey"""," ""n/a"""," ""38.60"""," ""555a1039e846788e46de9b61bebb85a0"""," ""3072:jlXej6T3YSCLXQhjOVJRo/Yqf0PDoMzmSXCBa1PGGJ0M490OOvFX2bIlkJZeVXd6:le9LXIjO7PUMHXCBg3J0r9FuLeZAXd6"""," ""T1EB34E0213BA2C872C5931A315531CAA576BFB47115B5994B3BA80F3D8FB02D1BE3634B"""
2022/11/10 3:30," ""39d98f8265c1e2ac123d68f1bca6b19d5ea76a5e74b64ab8b93f56d3d059d169"""," ""1b19e9087a57852665602b152de2022c"""," ""3ab79578a0f839338e23849a4c4d218b4939dc86"""," ""andretavare5"""," ""file"""," ""exe"""," ""application/x-dosexec"""," ""Amadey"""," ""n/a"""," ""34.72"""," ""555a1039e846788e46de9b61bebb85a0"""," ""6144:jooLtaEOChZxrlrq1NM+tn6cDHv5mQI8I:jXBaEOChfleFPzvsQI"""," ""T10C34E12236A2C4B6C56725704938CBA47BBFF432A5B5464B3BA80B3D4FB12D16937347"""
2022/11/10 2:46," ""ad5ffbca97117c99ef7e8fe65b11fd00e6ebf1c09387652698d2bf65a10ebd13"""," ""e0c85db3cf21f1efb09ae47433fd34f2"""," ""a9237c21d15cb038f0b7eb0d5047ea0fca3724ec"""," ""andretavare5"""," ""file"""," ""exe"""," ""application/x-dosexec"""," ""Amadey"""," ""n/a"""," ""37.14"""," ""555a1039e846788e46de9b61bebb85a0"""," ""6144:/89LDTFOnHrbMjWsOdzb/uRIBNVJDUHXWeM0wj:/e/TFOLIjWsTRO+HGB0"""," ""T1D934F1213AA1C472D6631AB15424CBD42B7FB53129B6EA8B37941B3D4FF03D29A76343"""
2022/11/10 2:00," ""4157f93420ecb62260dc03913f9571196d32d76581dec468ef443ade6f5147e8"""," ""202da4ad2df10739c07c94007c3df4b7"""," ""4093a3c776c2d017fcdcee33b538ba3ec2f6b027"""," ""andretavare5"""," ""file"""," ""exe"""," ""application/x-dosexec"""," ""Amadey"""," ""n/a"""," ""35.21"""," ""555a1039e846788e46de9b61bebb85a0"""," ""6144:P630LfVOlMOB1Q68Qv3mtY6QfzgK9Z/S:PQ0LViMO/xv2tY62zV"""," ""T1E534F1127793D4B2C2A356304439DBA87B7FB43195B59A4B3BD40B6D8FB02D16B3630A"""
2022/11/10 1:15," ""56a2365224acecd2981ac630fe94120af5652ab2a3fd28c9ddef9b71942340e5"""," ""5b32f01c3ff40aab88736501ecfbe36e"""," ""e5820bdfa94c155b3daeac30717150b9f4677839"""," ""andretavare5"""," ""file"""," ""exe"""," ""application/x-dosexec"""," ""Amadey"""," ""n/a"""," ""36.62"""," ""50dfca9a3d771d15114a034ab5a1e43b"""," ""3072:dlXiXNNutwLUjRoOGlfRBaqSKDu8L89fnx1jQBECSe4XNs1mOpYjdoRALFO/cSwz:LODL4RoOGp/fvQ3Gyby4GUSWhOe"""," ""T17E34F1227692C473C55B16305930DB957FBBB0311DB9998B7BA80B7C4F703E26A3634A"""
2022/11/10 1:01," ""44eecbac11b63d119eafb9b4db9647823e455c9513147412f86cd1f257ec471d"""," ""875f6d8beb53522f12355bf937044696"""," ""1b436c2e1dbe1dee2d1e14465de3b1850636a595"""," ""andretavare5"""," ""file"""," ""exe"""," ""application/x-dosexec"""," ""Amadey"""," ""n/a"""," ""36.62"""," ""50dfca9a3d771d15114a034ab5a1e43b"""," ""6144:jt1LqkeODES0gsode/AvRaaOL4IKNAW8Iq:jHekeO4Sde/AgaHIKKW0"""," ""T19034F1127AB2C473CA6366304424DBA5A6BFB43138B4958B37A5073D9FB07D06E7634B"""
2022/11/10 0:32," ""334098ff30d1c292da0dff623c7cfc3cab7c829ad696fce611c364c452b86c29"""," ""42eaba1a29eb3843d8b232ad587ef804"""," ""399876183d451a83719b39b15a66dfbf4ae29e3c"""," ""andretavare5"""," ""file"""," ""exe"""," ""application/x-dosexec"""," ""Amadey"""," ""n/a"""," ""36.11"""," ""50dfca9a3d771d15114a034ab5a1e43b"""," ""3072:DlX4dhhYpuLmP5WOuxfRX6WdWyos2hV6LRFN2QSGlK3dAkhzjkWcvQgGsa7AXqm2:FCzLa5WOuDBdWy6V8cK6k5Gsa8XUucd"""," ""T1B534F1213A92C4BBC69311749934C7A06B7FB4325AB5598B3B980B3D5FB03C1AA76307"""
2022/11/10 0:01," ""f28965e4f1e58f4a60fb1ca902bb333ba2f057c56f69e61249fb07b4c390ecef"""," ""5a7141f849e2e03159a88b29656f6dd0"""," ""78adf4b254679bcdc5d8907f92ea2d91ebb3048f"""," ""andretavare5"""," ""file"""," ""exe"""," ""application/x-dosexec"""," ""Amadey"""," ""n/a"""," ""n/a"""," ""133fa035148636e7af11cca9a8974f44"""," ""3072:ndXeXdc6Fmh7PlLLbbuo9MRyXjJXuGQRQxmXlE+X++V1WMhbnPtxDV6SjV6Ik:ZeNc6eblLHbuov08sXeajV1WQTP7R6v"""," ""T1F334E02136D1C433C65756718838CAA5BBBFF53219B5A64B3FA40E2D4F603D19A72B0B"""
2022/11/9 23:18," ""9ceff777d210de094aa08fc670d8e3dd05ce5c4a2c65e52b4e1a0ae9f73821c5"""," ""5c2ba8f5a7b95e32ceac2626188db548"""," ""28d52b4eff215c416a64b6acec3a920af1a4e543"""," ""andretavare5"""," ""file"""," ""exe"""," ""application/x-dosexec"""," ""Amadey"""," ""n/a"""," ""33.33"""," ""133fa035148636e7af11cca9a8974f44"""," ""6144:31RsSELWUIkh/qoFqSR+A6JJQ/O2WdoR2i:333EPIk0+qS0lJoCG"""," ""T1EA44F1313AA2C472C59357745834DAA07BBFB0731AF8554B7B940A3D6F703D1AA36346"""
2022/11/9 22:29," ""208bee7c5e90e419bafa7fb6a362cecc70ccf15d210af9ca38bd7913101ec7b9"""," ""c95c7527303ecd53e81b29389765a6b8"""," ""72dfdff4eb4fde101cc21335d56088518795d295"""," ""jstrosch"""," ""file"""," ""exe"""," ""application/x-dosexec"""," ""Amadey"""," ""n/a"""," ""36.11"""," ""1420de84cf7777e20fe83536d5c8b6d6"""," ""6144:aaQE7LWmcIZYJGU166CwaUhBGmAGMBY0:ae7ymcYYJN166NJTG8P"""," ""T1F234F1113A92D47BC58715B58930D7A4BB7BB43126B1568B3BA40B3D4F302D19E3ABCB"""
2022/11/9 22:18," ""545ded7cead3dcb3d6fc7fbc1acaa175f12b945987611776379e4addfb375ae0"""," ""46cfbc245e5f3380afb8cb29ca8ae715"""," ""dea0d5b6de4392434fdd8b7b44284315a4669cb3"""," ""andretavare5"""," ""file"""," ""exe"""," ""application/x-dosexec"""," ""Amadey"""," ""n/a"""," ""n/a"""," ""1420de84cf7777e20fe83536d5c8b6d6"""," ""3072:mdXdbGEJ6IgejLOGeZLihRICbnu3u5kYJ9w7GWvG95S2/5jT4R7o0rN+rkh8g+:adxTzjL7eZLHCbnu+GYJF5flyTSkh8B"""," ""T14A34E11275A1C8B2D16356315824DBE4AF7BB03165B9928F37A43B3D5F382D16B3630B"""
2022/11/9 21:45," ""5a0b86363c2bb8b2918776e1345cb5870ba7e07c4a8e8554d449b538e277679f"""," ""d202191cdcf098ac804387e66a97601c"""," ""df22e002a79c19ee186b7dd0fe004713445ba5b9"""," ""andretavare5"""," ""file"""," ""exe"""," ""application/x-dosexec"""," ""Amadey"""," ""n/a"""," ""n/a"""," ""1420de84cf7777e20fe83536d5c8b6d6"""," ""6144:4jbcqFpLErmy296Wi6npKqey5K9CjqlWiZC9t:4JpYrmL6WikpKqj5K9CjqlWio"""," ""T1FA34E02136E2C4B2C65355759820D7A5BBBBB430DAB5818B7BE81B3E4F703D26636307"""
2022/11/9 21:01," ""5ca60bcff01ee31d366b078c31c1fc277b89a7040c577e5ce3f96448454c60e2"""," ""0d2277bbf9b85db59ce50163f1444fbd"""," ""af38c15c420e18eb040f7e9bda6c3b48fdcdb652"""," ""andretavare5"""," ""file"""," ""exe"""," ""application/x-dosexec"""," ""Amadey"""," ""n/a"""," ""34.29"""," ""1420de84cf7777e20fe83536d5c8b6d6"""," ""6144:h/DUoLD0ts/D3m90OKkST67OJm1DS7964hO:hIo8tsS90OYaoADS7o4"""," ""T1E344F11136A2C473CA2316315976CBA0ABFBB53226BC958777580B3D5F702E1AB36347"""
2022/11/9 20:15," ""aed43c38dcf736638e3832623929d72638020c94729dd52b5d9f7957e0c5b0d5"""," ""d1a9e9c8d9dc74d8ef5f9cb7253c4556"""," ""ed447b26ce5b65e6087b3fb3f0d9af4dc378c8cb"""," ""andretavare5"""," ""file"""," ""exe"""," ""application/x-dosexec"""," ""Amadey"""," ""n/a"""," ""38.89"""," ""1420de84cf7777e20fe83536d5c8b6d6"""," ""3072:edXf00hVRlpLGVh9IMhR9WYZ3SlnN5yhPQiyJIx+zHXum+VNkQG5QuQctTqLtV:yffVXpLsh9IDCEgyax+DMNe5bQct2L"""," ""T1F834E01275A2C072C6A3C5745934C6E5ABBFB4321A74458B7BA40F3D8FB03D1AA7634B"""
2022/11/9 20:08," ""4344b8091ea83418d19a29894058c65b13eb3d932f20abe830da3bf4723e8c3f"""," ""807a6d765170a140e78a175564826016"""," ""bb02e2cd7cfcf1d2100f2cc2929044264a602bc3"""," ""abuse_ch"""," ""807a6d765170a140e78a175564826016.exe"""," ""exe"""," ""application/x-dosexec"""," ""Amadey"""," ""n/a"""," ""36.62"""," ""eb4ef7bfc75db3abfab077bfaa5f26d8"""," ""3072:AkXWb1tFpdnLo2iI5t7RL6ljpuPvU/qD1MBu2/YNvAUSd2ivHufcLBKYVt6k:RWTBLo2iI5wgUSDCBuUdGkLE"""," ""T19D34E02276A2C572C96742308964CAA06B7FF431A9B4D68B37B41F7D5FF02C16A36347"""
2022/11/9 20:00," ""032460d6e060ffda59ccbc1c042b8552054fadc2d1651e61474ae181ac1452ca"""," ""ba59d805d84e3b2c89617fcb825f7d64"""," ""5c361baab5e348ab9e538f66cc59aec6a638e397"""," ""andretavare5"""," ""file"""," ""exe"""," ""application/x-dosexec"""," ""Amadey"""," ""n/a"""," ""39.13"""," ""eb4ef7bfc75db3abfab077bfaa5f26d8"""," ""3072:gkXIb1tFpdnLo2iI5t7R1i00iUGk538tP5n53leLv4DQMZCqc7Srk+UC:xYTBLo2iI5F7F28iLv4nsq7R"""," ""T13434E0227692C872E89322305921D7B0AB7FB13125B555CB3BA88F7D5F707C06A3A357"""
2022/11/9 19:31," ""f8647f0c633b46e497dfa59a4ccf2f40c89f4a96eaebbc4fd6d0fbf9adad36b3"""," ""1f40ea701c5e09defa2bc6ad49fc68ea"""," ""baa4078987e2e67c3663adc997f97a2755901f09"""," ""andretavare5"""," ""file"""," ""exe"""," ""application/x-dosexec"""," ""Amadey"""," ""n/a"""," ""38.03"""," ""eb4ef7bfc75db3abfab077bfaa5f26d8"""," ""3072:HkXkTeA5K+PL3qvei7bt7RdzgKh81ng5cfOpV4+ualFhq9wlSRk/6dFFR5I2Czae:AX+L3qvei7bNzXhUgeEFYwlEuiyzaQ"""," ""T14844F12239A2C433C59B12315835CBA06ABFB83211B9556B77A81F7D5FB13E16E3134E"""
2022/11/9 18:45," ""cdab87c5aa4e9cd5f2f561a61fc2f7520b5d58c8b9d6869f02ba13e6a3a562b2"""," ""b7d5ff61d55317f3e54fe74add399c72"""," ""6515215d76db6f7ccd2e0ff998f019e64b9fe452"""," ""andretavare5"""," ""file"""," ""exe"""," ""application/x-dosexec"""," ""Amadey"""," ""n/a"""," ""36.11"""," ""7ef89c2bc7e7472f6ec1a7ab34bbc339"""," ""6144:8IXhLem2w/F4woNRZ+FUQh6/ZrIgvGgFM1y58K:8uhuw/OwOj+FJh0tn9C"""," ""T14A34E0127692C473C49315784925C7E0BB7BB43228BC818BBB640B6D9F713E1AB7A357"""
2022/11/9 18:16," ""cd316435a51ca9c74054683309476c16d6c10fbce55dec60a08d5f3ca717a8f7"""," ""486e4cf1d43948953439e34860414f64"""," ""3aa4ad412a0f5ab5cffa6d68d9e97ea2ffe466c0"""," ""andretavare5"""," ""file"""," ""exe"""," ""application/x-dosexec"""," ""Amadey"""," ""n/a"""," ""30.16"""," ""7ef89c2bc7e7472f6ec1a7ab34bbc339"""," ""3072:+yXnP+NYlI7gv3L/d6dd7ROw92sSze2/PQuMxvXZpujUcNR3FS6SZlmcvadp:BnPHXL/d6dv9ytS3K/elmcva7"""," ""T1A834F1223592C472C96302715527CBE5ABBFB07229F9958B37A41B7C4F702C1AE79387"""
2022/11/9 17:31," ""94323d580a270c9ea0b8ed7daa9dea97b46166dae00b1d730ec32a0913842cc3"""," ""a638f35f0d0536a71a0b06e6bb22ffc5"""," ""ec37d40c17ba7f6d591c416ed74c9fa8f58c183c"""," ""andretavare5"""," ""file"""," ""exe"""," ""application/x-dosexec"""," ""Amadey"""," ""n/a"""," ""n/a"""," ""7ef89c2bc7e7472f6ec1a7ab34bbc339"""," ""3072:nyX7NBYtqJFeLM//WQ97RnYHySmgAopn1aj8nqykRNJEahYDB5HfS1hMrzw:y7/WLM//WQYVAo91aYnrkVEHu3M3"""," ""T14544E0227362D4B2C5A759704831CB91AABBF53251B5568F37680BBD8F703C1AA3734B"""
2022/11/9 16:31," ""5a72bd9e19af49a33840b6c0cda83225ff91aef5500ccf54f057a7237999ef85"""," ""a32e4f972f9d61f57db75e81e75f29ed"""," ""97944d9116322f4e4adba67312b4f066ebafa863"""," ""andretavare5"""," ""file"""," ""exe"""," ""application/x-dosexec"""," ""Amadey"""," ""n/a"""," ""36.62"""," ""7ef89c2bc7e7472f6ec1a7ab34bbc339"""," ""3072:XyXmomcdH/GLSmuLygV127RuxrHDQF4NI3xCx+14ZDzUuLqWQdkq9LXLK:CmbcdTLygV1bV0F1x88UDzZLqLdkq9b"""," ""T13E44F1223292C072D19357744835CBA07A7BF83215B595AB3BA40B7D5FB13C1AA3936F"""
2022/11/9 16:22," ""6fe40e4f6c5713973f4a1ce6d557a3270d6aebbf23097a433c029269d10fcf67"""," ""ccb5ae8e6ed4a39685df98655a5b47c5"""," ""7fda1d42b8e45d08b8567324e83a6784338fffb3"""," ""jstrosch"""," ""file"""," ""exe"""," ""application/x-dosexec"""," ""Amadey"""," ""n/a"""," ""41.67"""," ""55041289a20b43277c2c76ab57d307b7"""," ""3072:Q9tyXXr9sNDCOLZ6rkw1BRWzaXswf0DRQdt8IqdxPlOFoeB7QavJR/sRjF5qLu/c:ncLZ6rkdaXswU6d+IWIEaxqRjF5GAc"""," ""T1A034E0227692C472C5E242709C25CBE4AA7FB83119F5558B37A40B7DBF702D26A3E347"""
2022/11/9 15:31," ""72d3fdc664924ea8461fdb6b50ec1ff6284495fe3e0d560fa739cd33e3e32e00"""," ""17bbb828328e52e5fde863e331ecc349"""," ""1feb10f11dbf9bc474e46e81fcc1815c8774339a"""," ""andretavare5"""," ""file"""," ""exe"""," ""application/x-dosexec"""," ""Amadey"""," ""n/a"""," ""41.67"""," ""55041289a20b43277c2c76ab57d307b7"""," ""3072:l9cyX9JW0MaILE1MERQ1BRhGDTclsVoE2b4hHim3CF41CfjXcgzJCvAICnNVQ5aS:zALeMERCGDTcuOE2a3CTfjdIUW4He"""," ""T15644F12136A2C472C6A326304825CBA47B7FB57224B9A5877BE70B7D9F703C16676313"""
2022/11/9 14:31," ""f39f548f8b5a3fe80d54ae24dcb051d14b8cf39bff9cfb8dd24356753467c54f"""," ""d61db068f59fe139f95c699da0562f85"""," ""439749fccadb20ae4ccaf6535f2b5fba00d8022e"""," ""andretavare5"""," ""file"""," ""exe"""," ""application/x-dosexec"""," ""Amadey"""," ""n/a"""," ""40.28"""," ""55041289a20b43277c2c76ab57d307b7"""," ""3072:89tyXLXmNuDWpL3G7Psl1BR8CjNPRbhGynWjNB1gVklHIQsT/y0t7F9jzcQ:LgL3G7PsTZRvnwNB1PBsm0xhH"""," ""T18644E01236A2C472E5A719714934CAE9EBBBB43269B8564B37A40B7C4F733D06B35307"""
2022/11/9 13:46," ""fe3c857d913493fd67ec6567d90c85569ad84bb8bedc1820ecf8fe0a299524e9"""," ""6056974cee9226cf5287ec71dd7c1045"""," ""08e08aa3a454e5f173a72464a2877c6b2e8dcb52"""," ""andretavare5"""," ""file"""," ""exe"""," ""application/x-dosexec"""," ""Amadey"""," ""n/a"""," ""36.62"""," ""55041289a20b43277c2c76ab57d307b7"""," ""3072:+9cyXJR2H76nLzosExN1BR1k9SCqymjS2b3/7N2IqJveYoGCYd8QWyjqwJm6j:WTLzosExdk9oDnbP8IqFcksYqgm6"""," ""T11544F1113AA2D4B3C2A395748424C7D46B7FB03215B9854B7BA80BBD6FB07D29B76307"""
2022/11/9 13:01," ""ae92a11185738e02d93c1a406045668f9bc3ccb3cbda1bb85b5a2911197ef25f"""," ""5a193897999f3d70a455df42512a090b"""," ""c6c1262ff0c868dd0dae4d209e0674a7be7bbae5"""," ""andretavare5"""," ""file"""," ""exe"""," ""application/x-dosexec"""," ""Amadey"""," ""n/a"""," ""37.50"""," ""c3c124cd627a73ac09806f41441c2c59"""," ""6144:YcrL0xPmYS6tG6nyCawYMueSmSjnjE+dJF+t4jA5:YcrkPmX6tnyCa1r75jnjE+dJFIJ"""," ""T15434E0627692C433C1A702346865CBF5AB3FB43369B5A58B7B641B2D9FB03C16936303"""
2022/11/9 12:03," ""4b75d0bd92d518da68a6f7d70d155e9a1d6d1df803956c6b941899d1f9145cfa"""," ""a34a08d23a4a3c9395c351f4727381d0"""," ""1fa1c678cae3fd7d9743598932aea30d9db964cc"""," ""andretavare5"""," ""file"""," ""exe"""," ""application/x-dosexec"""," ""Amadey"""," ""n/a"""," ""41.67"""," ""c3c124cd627a73ac09806f41441c2c59"""," ""3072:tiXzjSYl5CLzCsMUEARCiUTk9lDRBTWRq64pI2SME/q4sEMpq8yVZx3+Z2CHyWPa:8qtLzCsMUz5Bb64pRSQ4gEJD3K2Oxq"""," ""T11434E12376A2C073C55252704535CBB0EB7FB43A4AB5A54F3B641B7D8FB02C16ABA316"""
2022/11/9 11:15," ""0571137cedd8eadc77c309ee4e7482fb99b9598e35a3468613b8bbc5c64a9b09"""," ""47288c605b16e987f30c2a3c6641b679"""," ""2b6cea1a4a2a85e02ae00f0432ad66a45a33730f"""," ""andretavare5"""," ""file"""," ""exe"""," ""application/x-dosexec"""," ""Amadey"""," ""n/a"""," ""38.57"""," ""c3c124cd627a73ac09806f41441c2c59"""," ""6144:GAFtLzCsMMP58889eARNwYE9H0/mvdElTOO+A:GctCsMw8884H9umFGO7"""," ""T1C834E0327A93C8B2C55326309934CB94AB3BF07117B5854B37A81F6C9FA03D1AA76357"""
2022/11/9 10:31," ""0817f180543e71f5f5cc0a088c46e97bb28b44d8f6d65fca85882cca487b471a"""," ""95598f37354c3b5cf671a4ce975e218c"""," ""a3170be266ef271c17113dcbc9c2e8465c534093"""," ""andretavare5"""," ""file"""," ""exe"""," ""application/x-dosexec"""," ""Amadey"""," ""n/a"""," ""38.89"""," ""c3c124cd627a73ac09806f41441c2c59"""," ""6144:6wQ6wLZnDzFQTwLwrY4L5dUpm3opxPM+Bg8Jo3l:696wZzFQTw0PFdUIYxkX"""," ""T15B34E0117691C473C6A706348420EAA06F3FB93149B594CBBB941F3D5FB22E16E36B4B"""
2022/11/9 10:15," ""3e643e989e88e955533107d9b368edd1629924b2d3453d1f2882e9bcc9a42b23"""," ""1ade2dbdd2c923f1a4970f779ace64c2"""," ""fd1378808168622efbda105249e110e6de6f97a8"""," ""andretavare5"""," ""file"""," ""exe"""," ""application/x-dosexec"""," ""Amadey"""," ""n/a"""," ""38.03"""," ""51522ab0e98b4dca455a6f19859ffac0"""," ""3072:gBNJk9WGLS4qRHbPrIRvAsxkqCNtAFROP9NdIhISeSOLg+6ScfgCXvRaPgVKVnsl:IiLoR7PEA7HN6C9NdIha9U+6S0RaVG"""," ""T14244E02276A0C072C56316319830DBA5BB7BF13115B5A68B77980F7C9F706E26E3A347"""
2022/11/9 9:30," ""15fd8407ac7755326a870ad4398fec6101cac6eaa3b4da5c7f18b7045a90e460"""," ""a1a862d1c86399c916699cb5f0f8270f"""," ""aba7508b35eeae3948439ef354a72947571f72af"""," ""andretavare5"""," ""file"""," ""exe"""," ""application/x-dosexec"""," ""Amadey"""," ""n/a"""," ""34.72"""," ""51522ab0e98b4dca455a6f19859ffac0"""," ""6144:wQqLoTkCXyOibnQ5A1hzhtGexS2/z72Tj6z:ylCXyvbniutGexSIXo"""," ""T10234F1213690C437C8A255309924DBA5AF7FB53209F5964B7BA40BBD9F302D1BE3634B"""
2022/11/9 8:31," ""03a8c2bfe3f885ef704247178e4989a9c1633802b4550eef9e7295dec643d4d9"""," ""349900cd01004a6751b138d6556b0448"""," ""08f8f81d458cd48bbc5ff3f67bd91016622dd9c8"""," ""andretavare5"""," ""file"""," ""exe"""," ""application/x-dosexec"""," ""Amadey"""," ""n/a"""," ""38.89"""," ""51522ab0e98b4dca455a6f19859ffac0"""," ""6144:4dGvLS+AE4cCEYdLj1wNjxQi0ncYubwGP:4UvW+AHchYdn1wFeiScRb"""," ""T10F24E0213A80E033C0E36E704864C3B5BB3BF43259B5AA8B776607395F717D1AA69357"""
2022/11/9 7:46," ""ae7c9e849e06f8e17846aef42fcc5128095d16a2ab93dfc69b3a4e04d6b44299"""," ""b48c8a0297dd4d1e66f0d33eee81c765"""," ""bf1d7089673464e28caace417a16313c88ded860"""," ""andretavare5"""," ""file"""," ""exe"""," ""application/x-dosexec"""," ""Amadey"""," ""n/a"""," ""37.50"""," ""51522ab0e98b4dca455a6f19859ffac0"""," ""3072:PTFHC3KILYGeuIRwol8b8wj1m8cj7d02EzM+Yc8k3Avbtf+OSFlYJ1Q15Omb5a:rVC3LYGe3nam/502EVYcp4kiJ1Q1A4a"""," ""T1F324F1223A90C033D56286715925C3E0BB3FB9315AB9D68B77955B3D0F312C26B2A35B"""
2022/11/9 7:15," ""f707886a6537072326de527a299828bfd90ebdd91996a3466ba0ad37d6030e29"""," ""d58fa10e65703e202d2320383f7e690d"""," ""01e70dbd12ae91168937bf788cccb5236da21b5f"""," ""abuse_ch"""," ""d58fa10e65703e202d2320383f7e690d.exe"""," ""exe"""," ""application/x-dosexec"""," ""Amadey"""," ""n/a"""," ""36.11"""," ""c6e06acc7845ae086abdb773cec6d378"""," ""6144:O8Lt6ivRe0/1s3RNwoNt+srhm72eMa4oWZ:O8jvM02Nwki5Ly"""," ""T12024E0227A90C033D6677A705D35C6A4FABEB9315AF4BA4727940A7C1F706C22E39353"""
2022/11/9 7:13," ""9f515d0f4b0f8b6d99227ed1e98dedbe289cc407a17154f9034c176b95234d3a"""," ""63ea413cce400de264029cffd61e3d1f"""," ""5514ed5f3adaa4f398ac2009bee2df9fc5a3ad24"""," ""abuse_ch"""," ""63ea413cce400de264029cffd61e3d1f.exe"""," ""exe"""," ""application/x-dosexec"""," ""Amadey"""," ""n/a"""," ""31.43"""," ""db3d807a4d7ab750ef3fa49bdae38f00"""," ""3072:Gk8u9LiyzmRpT2a7Z7CWKLvFET4MftS332HBotJ0P68XySfNIGgXWSS:mCLiyoTLdCWKK4Mc3GhotJw688Gg"""," ""T1C324E122BA90C033C066A2704F39C3E5AB7FB23259B557477B9827291F712D17A39397"""
2022/11/9 7:12," ""cc17cb09b025bff38ef3be0fbd7478f982771cd33309026d14acde48df41743d"""," ""2d834a91492dcb8444faedf2f44ce26b"""," ""e64313c870f5832d632cafedc784a2ffad1c46ff"""," ""abuse_ch"""," ""2d834a91492dcb8444faedf2f44ce26b.exe"""," ""exe"""," ""application/x-dosexec"""," ""Amadey"""," ""n/a"""," ""31.43"""," ""51522ab0e98b4dca455a6f19859ffac0"""," ""3072:XkxJ1Zlz2LlAnQPIR5KrSWF7ANr+AAAtZmoQX99M1wKcAUn9cEmBMAVk0D8:UnDkLlmQos7Ad+ZAuoidWuAm"""," ""T1EE24F1213A90C033D1A60B719C65C7A0AB7BB8325AB59A0F77801B7D4F71BD16E36397"""
2022/11/9 7:06," ""cc988f583c25dd6d1b0f66442b81895e83d9cd3ff5f37bafb68d6bba41b4baf3"""," ""4e094c6f36dc18a0b087f33f11d37c7d"""," ""0a315a7f233bb7269ce53b96f23a648781e770e6"""," ""abuse_ch"""," ""4e094c6f36dc18a0b087f33f11d37c7d.exe"""," ""exe"""," ""application/x-dosexec"""," ""Amadey"""," ""n/a"""," ""31.94"""," ""b95a3cd963ad0eff6b25d585db1e99e4"""," ""3072:3oCWByhL93VlR0cRTjhar2zq0IZJjCw0hJ6vym+ZteA6pzmcotp5N+zdiyhxklf:4bGL93pi2z1IPj/0ZqAmVotvN+55x"""," ""T18D24E0323A90C032D66A06B09934C2E0AF7BF5316AB8D547B7A41F2D5F715D26E3A347"""
2022/11/9 7:06," ""4e2c51dcb2cd89a8ec4b66059e39116b726054b9e21f4e8635a42e8a062dbf34"""," ""11d71dc04c4e53b49d627efb63a30b38"""," ""262344cbb50576cc7606f963f10c4f25d0735742"""," ""abuse_ch"""," ""11d71dc04c4e53b49d627efb63a30b38.exe"""," ""exe"""," ""application/x-dosexec"""," ""Amadey"""," ""n/a"""," ""36.11"""," ""9319d135f7d6ec290291daf0b6cad258"""," ""6144:CiL3JQsl/IH0uHAujP+wCPJXckHxf9tG:CijJ5l/IH0uHA8P+w6cEB"""," ""T13224E0207AA0C032D2B759704C29D2A17B7EB6315AB4E9477BB40E3D4F713E16E2539B"""
2022/11/9 6:31," ""def0e431d9d2c858bb005cfc9aee041d3abd8ecf9fce89779cedd6db64cee194"""," ""299960a3c48a0861bd329bddf62b1b1c"""," ""ce6e466b73ed05c778e31e21e2fd29d1ddb7ad6e"""," ""andretavare5"""," ""file"""," ""exe"""," ""application/x-dosexec"""," ""Amadey"""," ""n/a"""," ""32.73"""," ""51522ab0e98b4dca455a6f19859ffac0"""," ""6144:GT+mL4zCzel2ZEr+d0oEooACJ/3/+VEVl1aNJe9:fmszCz1d0oEoeJP/f1aK"""," ""T18924E1227B92C072C6525D704936C3A49A7B7B3069B7E54B3798863E5F703E16B3A306"""
2022/11/9 5:30," ""172a12b4a4c5efffaf5789c8b54458708d38c7dbc8350f3c59e213bc89e41b53"""," ""2c1f71686585576d47e7946bd719778f"""," ""29a7dd2c8da184a35ccaac701798057778f46406"""," ""andretavare5"""," ""file"""," ""exe"""," ""application/x-dosexec"""," ""Amadey"""," ""n/a"""," ""33.82"""," ""51522ab0e98b4dca455a6f19859ffac0"""," ""3072:/fFXUnJL+cnLXgIRebvAKStFI8K7sa2LeNvMYsOSC7OG6XG51jpAzMERXUy:XhQL+cnL8vVSt87sayeNvMYmG6WP9z"""," ""T1F424E0127B90C072C1670A701D2AC7F1FB3FB57259B69A477798073D5FB12C2AA2A346"""
2022/11/9 4:45," ""e9157ee31484169d1a37c0b44f5fdf6dae3fe665d6c85e219bef95228c9ce60e"""," ""8673c8e91f96584730690499363e5fc7"""," ""2f4583d470caf7568dbbbfc5d8d45edcca87fee2"""," ""andretavare5"""," ""file"""," ""exe"""," ""application/x-dosexec"""," ""Amadey"""," ""n/a"""," ""36.62"""," ""2ec92b41f6c8bdf990d2a407c4ec5d6b"""," ""6144:CyILci9IKzoqh3jiLwkqubLQo/nKgJMkl:hIIi9IqRjiRqubLLll"""," ""T1F724E1117E94C073C0635AB04930C3E4AE7FBA327EB9958777645B798F603C2AA29347"""
2022/11/9 3:46," ""9cf49808bac9649f078bd8904b8a262d14a287cf24c9688711f3165e1ef53466"""," ""1c73f79434d7551a3f0a73c6497b73db"""," ""37cb6d3921e207282199c9e5000759dc2330cdd1"""," ""andretavare5"""," ""file"""," ""exe"""," ""application/x-dosexec"""," ""Amadey"""," ""n/a"""," ""n/a"""," ""2ec92b41f6c8bdf990d2a407c4ec5d6b"""," ""3072:+xnpLn7Nf/nRRPVOsifm7Mx861+LAm0xUb5cJIxEhbcKwlxorE3gNfCLUeo:cLn7NfrNq1/WsxUbCJiEhbcZjoYUe"""," ""T11624E0113A10C0F3E1525B705D3986E1AB7FB9329AB4964B77981B3E4F306C26B3A357"""
2022/11/9 3:40," ""bd60abdbd9bfa7bb011ef73e06a1e32ead8cc72ec1c092e672f05a20e139dac5"""," ""d28c28348cee7ce7cb6145f9ff1b23b5"""," ""c025b65d6aae5164dc2f71eca1bb7e5ceec83f46"""," ""SecuriteInfoCom"""," ""SecuriteInfo.com.Win32.PWSX-gen.10714.6479"""," ""exe"""," ""application/x-dosexec"""," ""Amadey"""," ""n/a"""," ""33.33"""," ""2ec92b41f6c8bdf990d2a407c4ec5d6b"""," ""3072:JGbUL6L926nRAaD/ef0k9J4Xd/vryBQdx8/jlQvGaavenqLVqwgVa3LMX:RL6L92Ag0miXd/2BsSjOaeawJaIX"""," ""T1A524E1223A90C033C2571AB14935C2D0AB7FF9366BBD855B77A40B3D4F612CAAB35356"""
