2022/11/12 3:23," ""e2cb8407436a5a2ed6f1220df5805900cf1df475eb9493a81508e61748144e1e"""," ""7b41368bae47e4e02a054fad1155da9b"""," ""210cb9b322dc316f25b1c614af26174eb7dceda1"""," ""zbetcheckin"""," ""7b41368bae47e4e02a054fad1155da9b"""," ""exe"""," ""application/x-dosexec"""," ""RedLineStealer"""," ""n/a"""," ""28.17"""," ""a3cf696cab324e53733578570f168024"""," ""6144:PUmnhkRWlYBmwedJWh3FO9F9JCm7Xyn2APRNXyJ0yiwMREUxL0w4bJsEy:LnhkRWvWh3FO9F9JCm7Xyn2APbXymwM5"""," ""T1C8349DC23DCE4072C0F75A3890684D3D466FDA705E642A5F63B839758B2C392D52EFA9"""
2022/11/12 2:25," ""8601e0cb03c84f71b1357d0518210906ceb078c7c69e1346ad39d2ed6cca2a53"""," ""dfd0e2806dcce9154f04c8a2ab75b47f"""," ""6dc4fcd8c5520bf74f9f9363812957e0630203b5"""," ""abuse_ch"""," ""8601e0cb03c84f71b1357d0518210906ceb078c7c69e1.exe"""," ""exe"""," ""application/x-dosexec"""," ""RedLineStealer"""," ""n/a"""," ""81.94"""," ""e76c6ebb259337a0f26e3cdd8f85ac5b"""," ""12288:ymGleQ9A1Vko+niLXWCMOxW8Yml31t/nFu6K3wFATtZELRZSQ:HGlj9AB+iLXWTOw8Ymllt/F7QZ+R"""," ""T12CB423A9D58FEAF2D4629EB752EDB904BE9AD05101A80463C5E55C5E00B3F73406F82F"""
2022/11/12 2:15," ""1b094eb0548bb2ec7d798d26478fc76a133ec17a4bf32d2bbc62b2e931961cec"""," ""dad14f3c32fd5a8a8536c96e2df8a396"""," ""7fd070177f7213e0ef28ecf97c1e6d5b0df547a3"""," ""abuse_ch"""," ""dad14f3c32fd5a8a8536c96e2df8a396.exe"""," ""exe"""," ""application/x-dosexec"""," ""RedLineStealer"""," ""n/a"""," ""61.97"""," ""e2a07bb4b81e6c6d0f72670722ee7e56"""," ""6144:ZG1NqX+lmWrMQ7I2nufUVwBTK4mBefUAOEJYJBtRstCKuobxklTSXOyuhfsseJZF:ZG1NqulVrMQ7I2nuIei0tluobxm/yuhK"""," ""T1EE74C040B5D2DA72D9B2543A09E0E771D97DB8200F7459FB67E40B3B4E302C3A972A79"""
2022/11/12 1:30," ""0ff5f11008b1f3dae63f2c6bfe487c0f573fdee02cfb851a5772aa1b4a8858cd"""," ""b421ed1ea38dd97b056c12b65f87aab6"""," ""20c868b76130c24db04aa153b8011a8a55259c9e"""," ""abuse_ch"""," ""0FF5F11008B1F3DAE63F2C6BFE487C0F573FDEE02CFB8.exe"""," ""exe"""," ""application/x-dosexec"""," ""RedLineStealer"""," ""n/a"""," ""47.83"""," ""dbb1eb5c3476069287a73206929932fd"""," ""49152:ZJjywYQWtvFzLc+a5am/+WbLmTl8/Dy5Q6D0vkQQjfDT1ArzQqNsmTLEKcEErzQg:ZJ9YHJZjybLmY6pQGD2QUsgdc9Qg"""," ""T15CD53327635878F6D55231327C0BBE40E3B883BD8F45BD4693A86D2221F0767D60EE66"""
2022/11/12 0:56," ""cbeb11d02bffea1aaf17e598dd3318b156a1870500eca06249b7a8be1802ad88"""," ""45b843187b76bca1ea57ca9e74091405"""," ""145cc8ce84df1430a5faa599509f7569cc35b794"""," ""tcains1"""," ""Software.exe"""," ""exe"""," ""application/x-dosexec"""," ""RedLineStealer"""," ""n/a"""," ""28.17"""," ""4718c85fe28e792412bf1679bc40c971"""," ""24576:yMkfHY0Yp7xiey1MIzWQ2oPV7O+uDes5f3E:yMkZnlqe6f3E"""," ""T1FD355B2AEB0625F4DA275775865EEF779B18BA048032EE3FFF4BDE08A0334163849551"""
2022/11/12 0:15," ""0d866ee6b07e3b9bcd19a12c6b93f015d82093acc0ccf1af1741140f558177c4"""," ""ed18664b78f1ff6e183b628c904ea014"""," ""3f0e28c7fba3fd1fb2d054086be880115ab9ed8a"""," ""andretavare5"""," ""file"""," ""exe"""," ""application/x-dosexec"""," ""RedLineStealer"""," ""n/a"""," ""n/a"""," ""266031efe182690321e37403f961832a"""," ""6144:G50cgOwSgDmL4Cw/knHFzCvDEVo9uuQgb6:G50cgOwSgmkCw/kHFm4u0uZb6"""," ""T1E344E02236D1C073F09755308820C7E5BABFB5312AB5568B77981B7D6FB02D16A7E30A"""
2022/11/11 22:25," ""7418770a1f2b64379c4d9b780b1d7988c54d571987cee942595a48be0d10118c"""," ""5b290099769087a9ea3b8c1d7f53ab28"""," ""04f1e3843e87f967a94a4e57fe7f7dd01b838007"""," ""abuse_ch"""," ""5b290099769087a9ea3b8c1d7f53ab28.exe"""," ""exe"""," ""application/x-dosexec"""," ""RedLineStealer"""," ""n/a"""," ""58.33"""," ""f34d5f2d4577ed6d9ceec516c1f5a744"""," ""6144:bsxXLedpa7xpyLFUlV/Zx5Y50H3qMYjfHPP9CiRdsN48mpYMy53kWYd36pmf/Q:bs5dsL63W0H3qMYjfHPP9CiRdsN48mpo"""," ""T19274519D766072EFC867C876CAA81C64FA6074BB930BD203A06316ED9D4D59BDF140F2"""
2022/11/11 20:44," ""4364de716ce73899bb82c0417a2cae748854be8db7ef7cc9fc9ca47b2f8031a0"""," ""649f5856a0a8a90bbaf2184acdc6c28e"""," ""ceb606fee39b49a984840d049fe8e66c368926ec"""," ""andretavare5"""," ""file"""," ""exe"""," ""application/x-dosexec"""," ""RedLineStealer"""," ""n/a"""," ""n/a"""," ""f34d5f2d4577ed6d9ceec516c1f5a744"""," ""3072:8ZthlXskGHJwAp4fVIXXle0CfFm9hA8P5epcVQ3sYMzPmWbFl68OMwDO4pZE0GRT:8ZpshplCV6VexfcWOcDOsEZRLG/k"""," ""T1B8745E68A76CCC35EDECC47A3C194EAC5791941F943967C2DE01AB39478AF4CA3E486C"""
2022/11/11 20:35," ""a9ffffff38aca59d7d2f041fbdb253ca612c7ba2d597782b2e6a59a914f49b33"""," ""e63d74cec6926b2d04e474b889d08af4"""," ""a64a888ccfb4e82ade71f1a00a7ae681d29c7bcb"""," ""abuse_ch"""," ""e63d74cec6926b2d04e474b889d08af4.exe"""," ""exe"""," ""application/x-dosexec"""," ""RedLineStealer"""," ""n/a"""," ""64.79"""," ""f34d5f2d4577ed6d9ceec516c1f5a744"""," ""3072:dYO/ZMTFVx+2I3rG1fVLZncHzWF7cRPehvSSYn:dYMZMBVxFISn+zjpeh"""," ""T18DD35A5827DCEE10D5BF8F76A471605187F4E643F913E32F4AE154EA1E22B80CE11AB6"""
2022/11/11 20:31," ""3cf3a0c43f4630fa929fa70533223b46ad5eb4da8d350cf025e1e782921b825b"""," ""8456906bd62fddcaeababe8413137391"""," ""3d67059e62d04c1e0ac8cfd4f87d37e644b31783"""," ""andretavare5"""," ""file"""," ""exe"""," ""application/x-dosexec"""," ""RedLineStealer"""," ""n/a"""," ""n/a"""," ""79c3885e32555de1ee93e7ccb061d95c"""," ""6144:8N9XfnVLO8uD0jk4GjZ9F+Pe9SYa2KvIhzmXK/:8N9XfnVq8uDd4GjHEPeRKSmX"""," ""T1F57401223692D073C29355305C71EBA06ABFF5312536569B7B940BBE6FB02D26E36343"""
2022/11/11 20:31," ""622cbf271ab0df0b2a00464df31d87a24cf87890879161f8c0de79fc7befa117"""," ""15154034baf32dd1875e9c0a0f2f1041"""," ""943c6ef8f3c1763528b0af6f739700a791bfddba"""," ""andretavare5"""," ""file"""," ""exe"""," ""application/x-dosexec"""," ""RedLineStealer"""," ""n/a"""," ""n/a"""," ""4718c85fe28e792412bf1679bc40c971"""," ""24576:Zv4f8YEYi75Sej1MNTTQuQPhweuSQ1R/I7b+n:Zv4mtcR3tn"""," ""T18C355D2AEB4625F4EA275771855FEB779B18BA148032EE3FFF4FDA08A0330163846551"""
2022/11/11 19:51," ""780552fd7cda1cb5ac137f19c30a183a493e2fb923c3c2846a7ffa3c0de506ec"""," ""7e613f1c7e7fee4282a52554fac1e38c"""," ""b1d840f776ebbe1ba95147120d83a07eea25952c"""," ""andretavare5"""," ""file"""," ""exe"""," ""application/x-dosexec"""," ""RedLineStealer"""," ""n/a"""," ""39.13"""," ""5cc2f7de0fd9b35e16bec4145fa2ee1a"""," ""6144:lJ9pUrLIJJU2TRHB7AHJNbxBvxdvyBSecxQIwXiLXsllCNG32v/H:lJ96rUJJU2TRHB7OBvxVyBIxQI9vN"""," ""T153740122B581C473D5575A304D24CBF6AB7FB13128354A0B3BA817ADAF747C22A3A347"""
2022/11/11 19:10," ""6738043e241a436a0fbc227fda2bd4ae10647c565c9c15e2cf03228270dbd0bc"""," ""e31fdd0dc461701ee2a12b6e4714fe5c"""," ""71d2467f172f2d075683da97832b06043ea1c04b"""," ""abuse_ch"""," ""e31fdd0dc461701ee2a12b6e4714fe5c.exe"""," ""exe"""," ""application/x-dosexec"""," ""RedLineStealer"""," ""n/a"""," ""22.22"""," ""f34d5f2d4577ed6d9ceec516c1f5a744"""," ""24576:DITPlQNHfp7tdquUE1RB7E4QgVKD8J+63oT:DITPmN/pX7RBo4QgVKD0+wo"""," ""T1F545290925B5C433F44907F45224F9EC253CEC0B6E88924FA8B2FD576E79AA7F498D12"""
2022/11/11 18:52," ""80f2e0c027acf95ee54e49a422dfbb1b07edd1701e77ee5de0b6159884c5ade4"""," ""cee6cbc002ea4ce3a2e609e48c8c2337"""," ""49287a0674f4a564b95e1c486ebb0d3b7890bd13"""," ""andretavare5"""," ""file"""," ""exe"""," ""application/x-dosexec"""," ""RedLineStealer"""," ""n/a"""," ""36.11"""," ""5cc2f7de0fd9b35e16bec4145fa2ee1a"""," ""6144:/N9P/WiL0i4W0Dses/6/Ap2+zu/sNwJFVA95EzhDgvccfeKolUpRz5drDp:/N9Wi4i4W0DsesB2UDADHcRJ"""," ""T10374012279D2C032D29395748C26EBA56BBFB17158B1510BBBE807BD6FB02C25B35307"""
2022/11/11 18:52," ""5ebeb6f62bdcdd09c794670801e5cb7d3d26139945e0c9f0e43c246033117885"""," ""4421aaafca4dabcda878db996027a082"""," ""d9ab8dc511408cb082ac1bfff59301c02ccbb835"""," ""Iamdeadlyz"""," ""technical_task_for_twitter_work_example3.scr"""," ""exe"""," ""application/x-dosexec"""," ""RedLineStealer"""," ""n/a"""," ""52.78"""," ""1024807fb5cfa7a6cb7e5e65b6db14ec"""," ""98304:+P7tN1d5rjhNT/SyLIZmy327dCxOpPPSmm1ws:I/1d5nhNGyEQc27dzpy/"""," ""T100262223576582D6E0C5FC3755377DF130B24F664786A8FAB886FAC1719A068F202AD3"""
2022/11/11 18:21," ""53028e41d47860f3e85545cf6f58f69096412c5b0d24cd625f3ecdfb420bcb1d"""," ""75456f7e25d9efed9ce47092a39e8a28"""," ""ac7c455a206f9ea47ef27dfd73cbcd0e32c635f7"""," ""andretavare5"""," ""file"""," ""exe"""," ""application/x-dosexec"""," ""RedLineStealer"""," ""n/a"""," ""35.21"""," ""5cc2f7de0fd9b35e16bec4145fa2ee1a"""," ""6144:fF9XhpBLC4UzCfVif3h0rp3n/vNY6jQTOArQdowlHH27Hg12:fF9RpB24U+tiPSdnG6jEmCiH"""," ""T197740221B991C473D6D216304C2597E097BFF1B22971A54B7BE807BE6FB02D26C3631A"""
2022/11/11 18:21," ""fbde3da2ce6571a21b1d5cfeab8199b98579c614c0f90ba9cc111386155638ef"""," ""9c3bdfc63e01270a9b1e148848ad1b09"""," ""caeeaca535845a7a21ae6fc2e0df7c46c4b940a1"""," ""Iamdeadlyz"""," ""Herobots Launcher.exe"""," ""exe"""," ""application/x-dosexec"""," ""RedLineStealer"""," ""n/a"""," ""34.72"""," ""de0d15079f46ae60edf51fca80fe8d64"""," ""24576:E/3SYxYh3lM3NMeLnVIAj/LgYsge8mLshfeE9Ocpl1N4Sek6CMfcsLlkZ4FH97kR:E/B7munl1N4SeYMfcs2Z4FH97kjLl"""," ""T11E857D25EB822AB4CB935B71C4AFE37B8718791484259A3BFF4FDF086037306694A15D"""
2022/11/11 17:48," ""81173b89b99d19283f9ebe3ee7e2aa13070618cbb1d9d7c96a2bbf8be985dc7a"""," ""157f1f5547c47e3da641c318f2152432"""," ""435a0cdcfc9efdaeff2c9ac087eec15b89a28fd4"""," ""andretavare5"""," ""file"""," ""exe"""," ""application/x-dosexec"""," ""RedLineStealer"""," ""n/a"""," ""21.13"""," ""4718c85fe28e792412bf1679bc40c971"""," ""24576:C6kfHY0Yp7xiey1MIzWQ2oPV7O+lUqngf3E:C6kZnl+qgf3E"""," ""T104355B2AEB0625F4DA275775865EEF779B18BA048032EE3FFF4BDE08A0334163849551"""
2022/11/11 17:30," ""2dfafbcf8cb07f4255f07af20f6e99ca69fd39c90c77666e31d7653038e5fb52"""," ""9163d5d47d674070328f8032e5cc24c1"""," ""ca6fecd69ce9cab1814efb9dd4ec76ea28e846f1"""," ""andretavare5"""," ""file"""," ""exe"""," ""application/x-dosexec"""," ""RedLineStealer"""," ""n/a"""," ""n/a"""," ""4718c85fe28e792412bf1679bc40c971"""," ""24576:1SP2YcYb5yiedMYxXQWhvZZH2SNtE03n8WrhFXdN:1SS3KSNtE05rhFXd"""," ""T14D454B29EB0625F8D6339375865EEF779B58B9048032AE3FFBCBDA08B1334263845551"""
2022/11/11 17:30," ""2e4e268f4c49ab98cd0c5679e264f6a47458a389c0f0cc97f2a04371afbd3fb2"""," ""68c30dcccbc51896543b6f2cf6f5243b"""," ""29bebf674edbc8040e7c3a1287ee824b63e2ccaa"""," ""andretavare5"""," ""file"""," ""exe"""," ""application/x-dosexec"""," ""RedLineStealer"""," ""n/a"""," ""n/a"""," ""4718c85fe28e792412bf1679bc40c971"""," ""24576:vc4f8YEYi75Sej1MNTTQuQPhweutUqnPb+n:vc4mtcmq6n"""," ""T152355C3AEB4625F4EA275771865EEB779B187A148032EE3FFF4FDA08A0330163846551"""
2022/11/11 17:23," ""475cebc8a1fd978055028c85b10a262068a5918da7c4f5957fc7733a7af6aacc"""," ""a0716476d326619663858c1b221aa469"""," ""6902bea5b2700e00cb1a182f0171f68281cb92fa"""," ""andretavare5"""," ""file"""," ""exe"""," ""application/x-dosexec"""," ""RedLineStealer"""," ""n/a"""," ""31.82"""," ""5cc2f7de0fd9b35e16bec4145fa2ee1a"""," ""6144:nL9hQaLd8YjqFqRX4KWbakt5GDAZAiINjgFJpxueBr5U:nL9aap8Yj6qaKW2kzGPQFr"""," ""T1147401217AD1C073D58386309D24D7E163BFB5B21971998737880BBEAFB02D26A76347"""
2022/11/11 16:41," ""2ff12d29622c3ec451952d6d2905b786fad7db0d7a446d6380b82c2597534738"""," ""50a38e888d4e00300c91ac82717d217f"""," ""1c006ca576abd79c024f496b746df5f5367f3b6e"""," ""andretavare5"""," ""file"""," ""exe"""," ""application/x-dosexec"""," ""RedLineStealer"""," ""n/a"""," ""n/a"""," ""5cc2f7de0fd9b35e16bec4145fa2ee1a"""," ""6144:Zm9ht0POLRQEi/4TTzT78yn1jrg4k0WeYxEiu6ijOgszC:Zm9yOtQEi/4v78i+MWe011UOgH"""," ""T1587402213AD1D073D6D306B04825E6E06ABFB6712579964B7BDC037E2FB02D29A35387"""
2022/11/11 16:32," ""ae7115c10951c858011865bec8d01bd73f3dcbbe88d092cddb200a16737782c9"""," ""ff35f15409f0aba291fc51823060fc7a"""," ""a1a0a2d0f443f479db4c02a2c6ad5034568ead74"""," ""andretavare5"""," ""file"""," ""exe"""," ""application/x-dosexec"""," ""RedLineStealer"""," ""n/a"""," ""32.39"""," ""69b6c5773d82eb11b643349979ba10d8"""," ""6144:tEuUYKtL3urgdi9SlUkxH+8zlL3io00QIRONBlO4sFrrXcX:tnUftCrgdi9kHv1is0NBX2r"""," ""T18B74012175C1D432C6A791708831EBD07BBBF5311636965B3BA816BD6FB02C1AE3A347"""
2022/11/11 16:03," ""003ed8d254100143b754e858ec6744b230b703634eb73083ca68b955f7563e7c"""," ""70f89fca6b4c567a01bb11bf35f6c97b"""," ""145d3fa79d4abb850be566f985ab8f5aa82b1007"""," ""andretavare5"""," ""file"""," ""exe"""," ""application/x-dosexec"""," ""RedLineStealer"""," ""n/a"""," ""n/a"""," ""69b6c5773d82eb11b643349979ba10d8"""," ""6144:aOuEAIGL/9jUxx8PNSjBM4/5lfKOGQ80sh3A7U1ZycH1ZJbmnOYBf:a1EtGj9jUPg25ggYUk9VZJbmOU"""," ""T1D274F1223AD1C473C6E794709D28DBE07B7FB5711A35494B3B6907BD6FA42D22A26303"""
2022/11/11 15:23," ""2542ed4afe803dc465e555032b01d190a904a150b6bf46ef3471a3a9658a1e6d"""," ""2a5dcadb23a5478ce4e6c83dd0d0b1e9"""," ""8067de97b8ce31a42e3c8d84c0c1b1ff8b4f471e"""," ""andretavare5"""," ""file"""," ""exe"""," ""application/x-dosexec"""," ""RedLineStealer"""," ""n/a"""," ""37.14"""," ""69b6c5773d82eb11b643349979ba10d8"""," ""6144:16zVZeLHxehRMXZImob3a+pEg2aKw/0JWBUSD2xtp68Mu4cVaE:16ZZejxeh6oba+pENwcJyDX3viT"""," ""T1707402127AD2E433C28761748870D7906B7FB5722977954F3B6817AE6FB02C26B29303"""
2022/11/11 15:01," ""1ce2a17f4a476674dbf6cf4e15c6d3ae424eee86f484edc38c9e6fdf97805bc8"""," ""9cca21b33d1141cf733bef2c6eb2c387"""," ""40c22c19a756a64646eaf3ca5ecbdabc49da3bea"""," ""andretavare5"""," ""file"""," ""exe"""," ""application/x-dosexec"""," ""RedLineStealer"""," ""n/a"""," ""n/a"""," ""52c996e5ccf2ddf1c7b9cb6a108dcd25"""," ""12288:lEfScoAK5cwYqmmdpkbAStnkeemEiXJjHQKRaXQ/MRZuXXqzgZu4PeliNH+fLg:lEfSclK5cwYqmucEiXpHQKRhU+pPrNp"""," ""T145E4AE1338D18037C67F34308AE5E7A356BDE430293A46ABE7C8063E5F785A16A5537B"""
2022/11/11 14:59," ""8f0c0b437c16dbe754208bda0cee6b528520a245aded0194676671b5321a4ef1"""," ""120781468b13dc518262969d407631d2"""," ""29b41e1b05648facf5e47273a4555cdfca66493a"""," ""andretavare5"""," ""file"""," ""exe"""," ""application/x-dosexec"""," ""RedLineStealer"""," ""n/a"""," ""n/a"""," ""4718c85fe28e792412bf1679bc40c971"""," ""24576:Y+L+/v6qMzuKM/YGYQtGt8AMwxZrIAxoZv38leCRA8ZHePXv:Y+L+/btKxVDRA8aX"""," ""T136555D3AE70614B4D7639771C29EFE77DB48B62480269E7FBF46EA0CA4334027C85256"""
2022/11/11 14:44," ""4be4544201ade85dc34ed3db64a67c7eca8064912c3268eb0a07d5e8ae60e7c2"""," ""906a03e998f7bb7545dbbc1ba626a67b"""," ""d2d143a8b02a59eafb449ce6480dfc242a1e6d88"""," ""andretavare5"""," ""file"""," ""exe"""," ""application/x-dosexec"""," ""RedLineStealer"""," ""n/a"""," ""40.85"""," ""50c076df41c0abfeb40d7e3bba8c1630"""," ""6144:MH8JLwOJiM6f9qsQmIF5iNjr209A13NsNqhO5hHKsTTo11d0VKz5b60n6sJFiQ:McJsOJiMhNLiZFi3NMha1AKzpCsz"""," ""T15A740220BAD2C473D67345304834D7947ABFB9326572594B3FA4067EAF602D1AA3B31B"""
2022/11/11 14:30," ""e9655e3a2b5379fae4bf7fcaafe0fb2880eb77636b3f35395b9d9a3e1435af4b"""," ""f5399d8abfd4b13f6ddefc2a8e4ef352"""," ""59cf0b628fe17a4dc5c50a79a02bd13fcaa8096d"""," ""jstrosch"""," ""file"""," ""exe"""," ""application/x-dosexec"""," ""RedLineStealer"""," ""n/a"""," ""n/a"""," ""50c076df41c0abfeb40d7e3bba8c1630"""," ""3072:QXXuEsbtp7gKLBAcRiIbRLBXC4ik6utwqMECGkBMSR5:audbLBlRiUXC4ikVwqIGkmq"""," ""T16514D0127A92C4B3C5A355704834D7B0ABBFB5325578B98B37A84B3D5F702D16A36B03"""
2022/11/11 14:02," ""144c27f0eef79f9c35c9cd856d33fdede7a6c67f66fc94e4d72e5ab894e12fd9"""," ""44ab30e96eebb0b3551ce14fdd3fbd0e"""," ""61971f58e8e7e738ca0a15d650ff97e351b84168"""," ""andretavare5"""," ""file"""," ""exe"""," ""application/x-dosexec"""," ""RedLineStealer"""," ""n/a"""," ""36.11"""," ""50c076df41c0abfeb40d7e3bba8c1630"""," ""6144:RlXjzLBXxiCin4g5B/2u93ACoEWjTMh6yf3iA6HiHOMci:RNzFXxi0C6jvyfqCHO"""," ""T1DC74F1113A82C473DAB354704531DBA0AF7BB5716879964B3BE803AD5F707C26E2A327"""
2022/11/11 13:21," ""558e19403ee263bb51b7f77bf32048309935a8237b2e15435b3292455aacbc0f"""," ""f74b8a26c17f34e9d2fab601a89f45e0"""," ""2fd3ee8afe9dded48f389ebfff16327123565817"""," ""andretavare5"""," ""file"""," ""exe"""," ""application/x-dosexec"""," ""RedLineStealer"""," ""n/a"""," ""n/a"""," ""50c076df41c0abfeb40d7e3bba8c1630"""," ""6144:PDFLG5aXiojydFsWlxfblKxu2BiM1Eo9/4J80f4XNjMv9hMOu1:P5C5aXioOnbxfE0+iaNR4Fg9e9Z"""," ""T1CC74022275E1C433C19382708922DB905A7FF5712676984F3BA51BFE6FA13C26A72703"""
2022/11/11 13:03," ""dbec57abc15cb077528aae8afe7bfbc5f8e16f819d04a35d85c0d09ea19c1867"""," ""2480a03b722b3f1c210a302bbe75d7c1"""," ""882030baf6af783f28789fde55883309bccd96f1"""," ""Iamdeadlyz"""," ""Chaos on Wheels Launcher (v1.4).exe"""," ""exe"""," ""application/x-dosexec"""," ""RedLineStealer"""," ""n/a"""," ""45.71"""," ""dec6728317238e4341e65afee614798d"""," ""98304:eNr8cmfC4Seka8FZMsbj+XgUNv+2f5oFucUGER4cocmMHhpR/:vfC//9yQUNLfoucUGER+1MBp"""," ""T1544623A303A4168ED2D2CC3E923BBED5B1F607578BC27C74659A7CC636720B5E206953"""
2022/11/11 12:39," ""197cf74cd5fbc150cc7d98e0e41a3daf2b4bbc473f8d311a304ccf28c9e625c4"""," ""3c55dddf974dd578b3395abb260c7552"""," ""7722f71667f6ab4f884decdce9f2b07951e454f2"""," ""andretavare5"""," ""file"""," ""exe"""," ""application/x-dosexec"""," ""RedLineStealer"""," ""n/a"""," ""n/a"""," ""83255581520bac60e7aa13415e1c76ea"""," ""6144:y24L9j+GD8ndJEDmxpWtzgABLE5kwrJ4qQhpPhoejhmTcQ:yrBj+GWrCx5Y/rJ44CmT"""," ""T1A674F1117A82D473C6A356749836DBD4AB7FF9B114B9914B3BA407BC9FA03C05A6B303"""
2022/11/11 12:06," ""a07ecabb9993e542834dab5498e7ab394dce0c9bcc02b186aebca710e8969db0"""," ""897b7b74ee3fd5087431cbc53aa235b5"""," ""45593efd8c59539cdcaac1e26c3bcee113e26d35"""," ""andretavare5"""," ""file"""," ""exe"""," ""application/x-dosexec"""," ""RedLineStealer"""," ""n/a"""," ""26.79"""," ""4718c85fe28e792412bf1679bc40c971"""," ""24576:6+L+/v6qMzuKM/YGYQtGt8AMwxZrIAxoZv38leCImsHePXv:6+L+/btKxVDIm7X"""," ""T1A6555D3AE70614B4D7639771C19EFE77DB48B62480229E7FBF46EA0CA8334027C85656"""
2022/11/11 11:22," ""89a4671154cbedeef33f82bfca8024cb818c413e136eb288a25cc026a6c763db"""," ""7a02915bbd477c4c4700d998d69f06a9"""," ""a4c9822ed22b604902eea2b444745980264554b1"""," ""andretavare5"""," ""file"""," ""exe"""," ""application/x-dosexec"""," ""RedLineStealer"""," ""n/a"""," ""n/a"""," ""4718c85fe28e792412bf1679bc40c971"""," ""24576:6+L+/v6qMzuKM/YGYQtGt8AMwxZrIAxoZv38leCImvHePXv:6+L+/btKxVDImMX"""," ""T1F3555D3AE70614B4D7639771C19EFE77DB48B62480229E7FBF46EA0CA8334027C85656"""
2022/11/11 10:53," ""cb445d69e9e6941a1c5f241ff1cbb0f276fb97bde77498837a491b8c356ec9d3"""," ""4a7f999a20293c9c74919a80a71d5237"""," ""d2f5c2785cc850258fca7d79932a62c3f15d1f41"""," ""SecuriteInfoCom"""," ""SecuriteInfo.com.Trojan.PWS.StealerNET.125.12950.12281"""," ""exe"""," ""application/x-dosexec"""," ""RedLineStealer"""," ""n/a"""," ""27.78"""," ""52c996e5ccf2ddf1c7b9cb6a108dcd25"""," ""12288:YfG4J68IKAIAPA+w2Cf/tUdCEiGKI/HQPU+qW2Y0ZuXXLz5IatDY1CCyZg:YfG4Q8IKAIAlIEiGK+HQPU+v0CzVDYvL"""," ""T110E4BF1638C1C032E373303105BAE6BC59BEA5711D2A4AEF93D8133E5F345916B5EA6B"""
2022/11/11 10:40," ""41b50ca266a53fcb5dcb9823614f6d0089f1234997cfee67b2d2283905a79056"""," ""38fd397b0369a0f70dfd9531a3d8b1de"""," ""0971fb1f726bfc5d522a6bfb8f7b5169ae1e0171"""," ""andretavare5"""," ""file"""," ""exe"""," ""application/x-dosexec"""," ""RedLineStealer"""," ""n/a"""," ""n/a"""," ""4718c85fe28e792412bf1679bc40c971"""," ""24576:a+L+/v6qMzuKM/YGYQtGt8AMwxZrIAxoZv38leCIm3HePXv:a+L+/btKxVDIm0X"""," ""T179555D3AE70614B4D7639771C19EFE77DB48B62480229E7FBF46EA0CA8334027C85656"""
2022/11/11 10:23," ""23a9ebd6ecd7cfe183feae9a59770946eee29c879c5e04f7f8124c69122851d2"""," ""8302e03ec093549a70ab85b319d466dd"""," ""39f5ee179dccb25a20393c8a6224e73619b6e92b"""," ""andretavare5"""," ""file"""," ""exe"""," ""application/x-dosexec"""," ""RedLineStealer"""," ""n/a"""," ""n/a"""," ""4718c85fe28e792412bf1679bc40c971"""," ""24576:E+L+/v6qMzuKM/YGYQtGt8AMwxZrIAxoZv38leCIm8HePXv:E+L+/btKxVDImrX"""," ""T15F555D3AE70614B4D7639771C19EFE77DB48B62480229E7FBF46EA0CA8334027C85656"""
2022/11/11 10:14," ""b92d7fba76d46c4481b6b6dbcfcd6044eb347edb6900f2efa14dca64983801a0"""," ""9fdfced3ba367a2349869167d5f92c1f"""," ""a752d31f60a52d0b2bede7ec094f2ffe13573c14"""," ""andretavare5"""," ""file"""," ""exe"""," ""application/x-dosexec"""," ""RedLineStealer"""," ""n/a"""," ""n/a"""," ""4718c85fe28e792412bf1679bc40c971"""," ""24576:FbL+/v6qMzuKMKYWYntW9rWMAxZr1Axobv3/VLCImAY:FbL+/bNKG7EImAY"""," ""T17C555D3AE70614B4D76397B1C19EFE77DB48B62480259E3FBF46EA0CA8734027C85256"""
2022/11/11 10:05," ""49f6fc402b9fd7c10bb9779a5552a6506da0a16005dc2f05c61d80f0661fa893"""," ""669334caaf0bbc57af345c2734ecb566"""," ""8a25385f8c5422a14a2c7e5bfa4961b6e7bef3f9"""," ""andretavare5"""," ""file"""," ""exe"""," ""application/x-dosexec"""," ""RedLineStealer"""," ""n/a"""," ""31.94"""," ""00a644324a239466ceb73fc87ff9b5b9"""," ""3072:bUXzs7GBL6T+FNMkSRLdFIYtcGOY2tDEmSRgNHjkwD6G:0z5L6T+FNMhrlyD9HSRgNH9"""," ""T18C14DF217692D473C5A361704831DBA2BEBFB5326ABA858B3BA4073D0F703D16A75347"""
2022/11/11 8:52," ""b2dcb9b99079ef9098199122161e73dbe62e761cd653ee1fe9192ea39491f9da"""," ""37d31cae5b755d7a0e8f45e5d09d41de"""," ""8ae859d15cfc2661203f406b3ffe49dba1b461c6"""," ""andretavare5"""," ""file"""," ""exe"""," ""application/x-dosexec"""," ""RedLineStealer"""," ""n/a"""," ""n/a"""," ""4718c85fe28e792412bf1679bc40c971"""," ""24576:i+L+/v6qMzuKM/YGYQtGt8AMwxZrIAxoZv38leCn/EIzHePXv:i+L+/btKxVDn/EBX"""," ""T19C555D3AE70614B4D76397B1C19EFE77DB48B62480229E7FBF46EA0CA4334027C85256"""
2022/11/11 7:55," ""208638d211587ac721faa83b62b06c3385a7a463213ec56fbae13cf4b1af69cd"""," ""01c3a8ce2fae0b740bb0cf43d058944d"""," ""edeed1cb597dce08d33b10d103923eeb2b4d9f33"""," ""abuse_ch"""," ""01c3a8ce2fae0b740bb0cf43d058944d.exe"""," ""exe"""," ""application/x-dosexec"""," ""RedLineStealer"""," ""n/a"""," ""66.67"""," ""f34d5f2d4577ed6d9ceec516c1f5a744"""," ""6144:csCXQertE1kiy/gBeylWvWvp7+xPNDXW8jOD/gSwgQM6/lkw3RRHxNjfOB8xO2:csCX5tEugsylWuBq/W77gSw7Wwt"""," ""T1A2E429637518D542EA1C4032A947C4B557B06DBADAD0613AB0EAFB2FE0F3322194DF5E"""
2022/11/11 7:11," ""25c2a7c2bc5a276b4b7ca40ec1f1be1f3ff359e673933d7c6095f2784f68b806"""," ""ee1a9821b362a49a173141397bcf480f"""," ""83cb4f1afd67702a7906faf94fa47f21392f518d"""," ""abuse_ch"""," ""ee1a9821b362a49a173141397bcf480f.exe"""," ""exe"""," ""application/x-dosexec"""," ""RedLineStealer"""," ""n/a"""," ""28.17"""," ""52c996e5ccf2ddf1c7b9cb6a108dcd25"""," ""12288:IfG4JTUySMS7J5oq2Cf/tUdCEiWcIBNWPU4WkcyELu5XHz5bVaMyrSqPMFISA+FN:IfG4lUySMS7ISEiWcoNWPU4JEWzCjmLf"""," ""T102E4BE1638D08036C67334318AB5E2B0DAAEB4711D225ADF67D9163E5F346E35A3273B"""
2022/11/11 6:42," ""1b45ce9e219018ea903f5028c6b8743cfd557bb30a8a049825edcc5dc64b3317"""," ""63ed95d895e9fd8a2c0725f6f189b74c"""," ""d912006337ffd7ea1cbb6c19e890f453982d0b67"""," ""zbetcheckin"""," ""63ed95d895e9fd8a2c0725f6f189b74c"""," ""exe"""," ""application/x-dosexec"""," ""RedLineStealer"""," ""n/a"""," ""77.46"""," ""f34d5f2d4577ed6d9ceec516c1f5a744"""," ""1536:xqsKjlqzWlbG6jejoigIr43Ywzi0Zb78ivombfexv0ujXyyed2bteulgS6pk:fKUeYr+zi0ZbYe1g0ujyzdHk"""," ""T194A35D20679C9F19EAFD1B74B4B2012043F1E08A9091FB4B4DC164E71FA7B866957EF2"""
2022/11/11 6:42," ""e291e795b512467af58f2455f62ae6d3cce66d7d932b5bd2f0a023b5a517e8e4"""," ""5dbd3a4c4c908582d25db793f0c490ac"""," ""58032cd11ae7958a8c71626fa72eef49dbf583f0"""," ""zbetcheckin"""," ""5dbd3a4c4c908582d25db793f0c490ac"""," ""exe"""," ""application/x-dosexec"""," ""RedLineStealer"""," ""n/a"""," ""23.94"""," ""52c996e5ccf2ddf1c7b9cb6a108dcd25"""," ""12288:GfG4J68IKAIAnA+w2Cf/tUdCEiGKI/HQPU+qW2Y0ZuXXLz5IqgmhdkDG/h0K0iZg:GfG4Q8IKAIA9IEiGK+HQPU+v0Cz0IkmU"""," ""T18CE4BF163CD18033FA73313106B9E6BC5AAEF4701926469FB3D8563E5FB41A11E2663B"""
2022/11/11 5:35," ""8b695ab5bc7a0211cf2a2fc98445ce164ab30f637fad547fc3f130bd9f510da7"""," ""a9f9190f0b9cdb660dbac86a547c9855"""," ""1823c364af98da9f2e2809e60c7e087b1908ce58"""," ""andretavare5"""," ""file"""," ""exe"""," ""application/x-dosexec"""," ""RedLineStealer"""," ""n/a"""," ""52.86"""," ""f34d5f2d4577ed6d9ceec516c1f5a744"""," ""12288:fmBU3VZYBJqPltfU5oApQx9KkcbFoWygfEi40sJnR1V87:z3VZYiCSx91c5Vy2yN9R"""," ""T153C42218B39C31EFC8C3C5BB9AE12D45C7E879737317D28BA8574173680E9609E851AB"""
2022/11/11 5:00," ""ab8751727e68331389b28f69e721260a8b920405eb0547829f4479d4e269a9f9"""," ""c84921a3720715ec0bd094b1dfbdbf17"""," ""e552ca381fcccf231392d225b6ba5dc470f7be04"""," ""tcains1"""," ""Cr邪ck[Full Version].exe"""," ""exe"""," ""application/x-dosexec"""," ""RedLineStealer"""," ""n/a"""," ""54.17"""," ""56a78d55f3f7af51443e58e0ce2fb5f6"""," ""98304:EPWvWxTsjxgPgsRYNj5kY4v7dCc4PrLEvnwwCiLjhKr+gp8Ab:EPWvWxTsjxrsRaiY2d52rLEvl9jopb"""," ""T1C62633921351CF8FE25F7EB24C2F46D0F79553A12EA3A843529638BE3ECA3D96444247"""
2022/11/11 4:59," ""b1198208e9e31b019e36fe22edc2e2bbe54641448b5c0dec09b43add73684829"""," ""3a0cb1e57457a5363e037555b0c198a2"""," ""bc285f20a0aa3c48d65d8f9ed60f3b059ee08195"""," ""zbetcheckin"""," ""3a0cb1e57457a5363e037555b0c198a2"""," ""exe"""," ""application/x-dosexec"""," ""RedLineStealer"""," ""n/a"""," ""34.29"""," ""f34d5f2d4577ed6d9ceec516c1f5a744"""," ""24576:eF4fvdjFd9qwnzw1rCw8tvpwfOE3XP/08HNNYxQtNGSYQkxChx4:eadjcwnzwewwOfBXPLNrGSYdxChx"""," ""T12DD58500AF94FB1EC97C303A699C6838D7532DFA866DC163618DB18C29B636F58ED0D5"""
2022/11/11 1:57," ""0ce402cf92619e1d76d785c01928ec54abcb73933bde93ef33bec31c6ec825f8"""," ""36c51c0d146dbe9024e34b251421a72e"""," ""54e5325e012106703cd432d7568f974bd115a337"""," ""andretavare5"""," ""file"""," ""exe"""," ""application/x-dosexec"""," ""RedLineStealer"""," ""n/a"""," ""n/a"""," ""f34d5f2d4577ed6d9ceec516c1f5a744"""," ""3072:A5m+sPa0rSqvWxPtdlROun6IQiWxh4WZ9bOTTmofHsEUv/f:+sPa0rLw7Wu6ItWxhl9w6YU/f"""," ""T12344285CA780DC0ACDF8C47D7C25DECDAB91942F66714BC7ED1633365A2EF80A0291A9"""
2022/11/11 1:53," ""d2ba0142c9e17b43feba80b43844f8ee44d9c19b22d21470eb379eb946c76582"""," ""cf529426ce8cfb27cfd984e0bc9a8b31"""," ""692b82e21c1044c0dd912a46ee0e738023fe0aef"""," ""jstrosch"""," ""file"""," ""exe"""," ""application/x-dosexec"""," ""RedLineStealer"""," ""n/a"""," ""n/a"""," ""4718c85fe28e792412bf1679bc40c971"""," ""24576:gbHgdU4LoV4azY6YOLxt8XMlkk6ZAVbx9gEpnCvunMDJBF:gbHgdUjV4huwvunKF"""," ""T1A7555D3AE74615B4DB67A3B2818EFE37EB14BA2440255D3FBF46EA0CA8734027CC5651"""
2022/11/11 1:53," ""00c82e3217c107a3ae691fca5fb625563537daeac130504b6e5c12b6be605741"""," ""c5caf031060a1b58100250bd6d10c952"""," ""497058834fe45cca83524c7e4b8574b7691ea065"""," ""jstrosch"""," ""file"""," ""exe"""," ""application/x-dosexec"""," ""RedLineStealer"""," ""n/a"""," ""n/a"""," ""52c996e5ccf2ddf1c7b9cb6a108dcd25"""," ""12288:xfG4J68IKAIAPA+w2Cf/tUdCEiGKI/HQPU+qW2Y0ZuXXLz5I87X3r2ophXsXyTZu:xfG4Q8IKAIAlIEiGK+HQPU+v0CzxX7N+"""," ""T188E49E1638D08032D27330314BB9E6B056AEB7711D2A46AF63DC263E5F345916FDA63B"""
2022/11/11 1:52," ""187cb39f278b18e3d77c8132d18dc34d67ebb7763d14487e63f866767ef978d8"""," ""c8d4d2a19b9cbf6266f47a0fcc87a1a0"""," ""932867e770a3829bc70b2a00122d7dc5cf3f44b9"""," ""andretavare5"""," ""file"""," ""exe"""," ""application/x-dosexec"""," ""RedLineStealer"""," ""n/a"""," ""33.80"""," ""aac454bd9c27c59510a0bbc09fbd7552"""," ""6144:2drK7NgLt1bJD0T7MzxSoViF6v4Rm9E3YaXdyDt1wCWXwOu1ql:2dhp1bJoHMzzMF6wRaE3YawxOUql"""," ""T116B4F0C0B793D472D1934030386EDBE5397BBF7169335D272BA537AE6D302C25AA6602"""
2022/11/11 1:32," ""21cbec3cb97c4b1a89614825e1f87615a218e70b938f112a36b87c9735385647"""," ""0de1cd21e46423d131335554492b2d2a"""," ""8d45376921aa7c11c624210224f78e66401e7323"""," ""andretavare5"""," ""file"""," ""exe"""," ""application/x-dosexec"""," ""RedLineStealer"""," ""n/a"""," ""n/a"""," ""aac454bd9c27c59510a0bbc09fbd7552"""," ""12288:8mpv46JspOwk+BIjA04C2tE5HRRAAm7LWbktQUql:8N6Jswwk+ByAcK6xRAA4LWbktul"""," ""T117B4E0D037A3C472D4934030386EAFE0767B7B7058736E673B6827EEAD302925666716"""
2022/11/11 0:57," ""48709413d8861b47cf9e5b2ad93fdade7a287c7ad09b406a133457b1ce4b4049"""," ""4c0066e9c7f67ff3ba51fdb8b4051be6"""," ""7aebdefccf7053a0d5b32552fce734770f4aff46"""," ""andretavare5"""," ""file"""," ""exe"""," ""application/x-dosexec"""," ""RedLineStealer"""," ""n/a"""," ""n/a"""," ""4718c85fe28e792412bf1679bc40c971"""," ""24576:g+L+/v6qMzuKM/YGYQtGt8AMwxZrIAxoZv38leCImDHePXv:g+L+/btKxVDImAX"""," ""T167555D3AE70614B4D7639771C19EFE77DB48B62480229E7FBF46EA0CA8334027C85656"""
2022/11/11 0:51," ""2f48e485273be89d24cdf15668eee11224eff2f8de7a547fc2302bf282ba4da7"""," ""52d8ab424e3234b293ce3f226a67c8d3"""," ""9683558328a42cea3fe6de3c4c177803a287efd7"""," ""andretavare5"""," ""file"""," ""exe"""," ""application/x-dosexec"""," ""RedLineStealer"""," ""n/a"""," ""n/a"""," ""aac454bd9c27c59510a0bbc09fbd7552"""," ""12288:6cRtQqJEeBFw7sK8HYBS3aC5cVe6uUql:6BqJA/hBJDYJl"""," ""T166B4E0D17753C4B2C5A71030386E9BE0767BBBB065336D3B3BA476AE2D302924676706"""
2022/11/11 0:12," ""aa9cb61a03fe6c11b0db5c84dbadb3766ebc2d9191233c200903f461b95cd5b5"""," ""70f89467c3e9b61872976619aad73f7e"""," ""9da79ccf8c3738b044541018c151eccd6929a4fd"""," ""andretavare5"""," ""file"""," ""exe"""," ""application/x-dosexec"""," ""RedLineStealer"""," ""n/a"""," ""33.80"""," ""aac454bd9c27c59510a0bbc09fbd7552"""," ""6144:PF3rmdhLPOTJDQCgGyS+m5R+prVTJvnl1BTc+3nEto2zXwOu1ql:PFmLOTJBgGx+mb+prVtDBI+3nEKWUql"""," ""T1F2B4E0C4B793C4B2C1631431782DEBE0367ABB7165335D2B2F6477AE2E303825A66716"""
2022/11/10 23:49," ""eeffec5de4713c770dbcb8c37102766f46c6e0472d69945cb75bf6ce4828e695"""," ""2ffb6e6bd6ee443af2a405042238b5f6"""," ""1f74294f681921a26f68ec7ad69eb3dadf860441"""," ""andretavare5"""," ""file"""," ""exe"""," ""application/x-dosexec"""," ""RedLineStealer"""," ""n/a"""," ""28.17"""," ""4718c85fe28e792412bf1679bc40c971"""," ""24576:y+L+/v6qMzuKM/YGYQtGt8AMwxZrIAxoZv38leCImJHePXv:y+L+/btKxVDImqX"""," ""T1B2555D3AE70614B4D7639771C19EFE77DB48B62480229E7FBF46EA0CA8334027C85656"""
2022/11/10 23:39," ""82ed847ff151260a02f9c9ab127186e7778bd6a92e7c29f7064f4eb93544cb5a"""," ""154e9449a432970e31a624039e4784db"""," ""4bc1c67eaf62096d5c42544dbeed832ec014f3da"""," ""andretavare5"""," ""file"""," ""exe"""," ""application/x-dosexec"""," ""RedLineStealer"""," ""n/a"""," ""n/a"""," ""4718c85fe28e792412bf1679bc40c971"""," ""24576:b+L+/v6qMzuKM/YGYQtGt8AMwxZrIAxoZv38leCImqHePXv:b+L+/btKxVDImNX"""," ""T1C7555D3AE70614B4D7639771C19EFE77DB48B62480229E7FBF46EA0CA8334027C85656"""
2022/11/10 23:31," ""710b035a0554bc1a5b9533e65ac73e4b9236b617bd765a1a35264cbca28d92c4"""," ""995ea89ed9a274c8eae57b7ce4f6f5e8"""," ""82d9a9f6b3a02a570f600cc94c831905f75cc195"""," ""andretavare5"""," ""file"""," ""exe"""," ""application/x-dosexec"""," ""RedLineStealer"""," ""n/a"""," ""36.62"""," ""8d78b3b1c838578b04f551eb41967f99"""," ""6144:4YnWwraL0o3K1/ZkDQ5dvDkkRiWHU2Ji2WP7ZGmMNgIdjtpGxIyBpNnDPV/36fj0:4Y6Ao3m/CDacx2JinM3jtTsDPUql"""," ""T155B4F1C47793C572C5930030386E9BE1367FAB7199335D6B3F5476AEAD302825AA7B02"""
2022/11/10 23:19," ""7364c1a162c1aba59448972e7a1586925cc2287dd02476acfe909bad9c2e9798"""," ""4bdbc2e72815c4b7dbc69b322313a35f"""," ""39a5a96f79b0794b78d777ccb428f739e519e1af"""," ""andretavare5"""," ""file"""," ""exe"""," ""application/x-dosexec"""," ""RedLineStealer"""," ""n/a"""," ""n/a"""," ""4718c85fe28e792412bf1679bc40c971"""," ""24576:lbL+/v6qMzuKMKYWYntW9rWMAxZr1Axobv3/VLCImnY:lbL+/bNKG7EImnY"""," ""T134555D3AE70614B4D76397B1C19EFE77DB48B62480269E3FBF46EA0CA4734027C85256"""
2022/11/10 22:49," ""1de1be30fe540a3ec2668c30563484622da5359180d635842e30013d036b7f21"""," ""74979747a1b204b08e1238044fda628d"""," ""ab0b625d06ff45927055c560fe82fd369bb0fb9d"""," ""andretavare5"""," ""file"""," ""exe"""," ""application/x-dosexec"""," ""RedLineStealer"""," ""n/a"""," ""n/a"""," ""4718c85fe28e792412bf1679bc40c971"""," ""24576:WN+L+/v6qMzuKM/YGYQtGt8AMwxZrIAxoZv38leCIm8HePXv:c+L+/btKxVDImrX"""," ""T165555D3AE70614B4D7639771C19EFE77DB48B62480229E7FBF46EA0CA8334027C85656"""
2022/11/10 22:44," ""480df6380ffa33d03a5edd961ad85847e436e84ec7ff22fcefa708b04952b09b"""," ""e97e1b5a8a60224a92623cce93bba0cd"""," ""7d6325ff6d4c816bb2c7cbc35450ce02b4b36f8b"""," ""andretavare5"""," ""file"""," ""exe"""," ""application/x-dosexec"""," ""RedLineStealer"""," ""n/a"""," ""34.72"""," ""8d78b3b1c838578b04f551eb41967f99"""," ""6144:VQ0ikH4LmiBEalKAkYPAEzcQb/GhBjyYTJ6mgLtyxpP0D6f4Kw2AVXPXwOu1qll:VQVyiBdLnDcQb/WfYmgLEA6ApUqll"""," ""T111B4E0C87793D4B2C6930035746ED7E43ABB6BB069335D273B4437EE6D302825A6A217"""
2022/11/10 22:22," ""3e51fae8b429b5bb30d61a5efb5357020eb378f5b83e1e913349d737ebe0bd10"""," ""60c476bfe436225043478816f7291e51"""," ""b755adcbd6f5cea440075db46c4374188d7977fd"""," ""andretavare5"""," ""file"""," ""exe"""," ""application/x-dosexec"""," ""RedLineStealer"""," ""n/a"""," ""23.61"""," ""4718c85fe28e792412bf1679bc40c971"""," ""24576:b+L+/v6qMzuKM/YGYQtGt8AMwxZrIAxoZv38leCImEHePXv:b+L+/btKxVDImTX"""," ""T1E2555D3AE70614B4D7639771C19EFE77DB48B62480229E7FBF46EA0CA8334027C85656"""
2022/11/10 22:12," ""31ab0c9dcb9699900b3e0a9591692c78d16b35040938d6556b96b40fb9d2770e"""," ""b579d487003baf20360913938f105daf"""," ""08c5498c6f5f4a3f52c1e2b9b89a391acf228237"""," ""andretavare5"""," ""file"""," ""exe"""," ""application/x-dosexec"""," ""RedLineStealer"""," ""n/a"""," ""36.62"""," ""8d78b3b1c838578b04f551eb41967f99"""," ""6144:MC3Hf9rL2T8PIGpzDhZqGpIQCJReTGx6R2UGJ4mMv+u4W9uXwOu1ql:MCFKT8gGgGp5TGxOW4mMvTIUql"""," ""T145B4E0D47693C5B2C1A34130386EDBE17ABBBB71A4375D273F1427AE6E302C25676206"""
2022/11/10 22:10," ""e951410795a6006c98df0cbc171f3d39732508129cc255fe47ce68bf8c6ed019"""," ""f8a1dd08b9b423c69c2f26d0c38b3eb5"""," ""2d7e5593f96675f1ee06d3898c2bf2aa66ad615d"""," ""andretavare5"""," ""file"""," ""exe"""," ""application/x-dosexec"""," ""RedLineStealer"""," ""n/a"""," ""20.83"""," ""4718c85fe28e792412bf1679bc40c971"""," ""24576:A+L+/v6qMzuKM/YGYQtGt8AMwxZrIAxoZv38leCImBHePXv:A+L+/btKxVDImiX"""," ""T1EF555D3AE70614B4D7639771C19EFE77DB48B62480229E7FBF46EA0CA8334027C85656"""
2022/11/10 22:02," ""bd862ccdb4efe187742367ac2aa0862d96747a1f066ff8d2fb356712f14e835f"""," ""3263f17afb32d1b87f0a3b9799f10db5"""," ""92ff0bf6fee64e5bfa170e1e70cd961950b9a10b"""," ""andretavare5"""," ""file"""," ""exe"""," ""application/x-dosexec"""," ""RedLineStealer"""," ""n/a"""," ""n/a"""," ""4718c85fe28e792412bf1679bc40c971"""," ""24576:q+L+/v6qMzuKM/YGYQtGt8AMwxZrIAxoZv38leCImYHePXv:q+L+/btKxVDIm3X"""," ""T1EB555D3AE70614B4D7639771C19EFE77DB48B62480229E7FBF46EA0CA8334027C85656"""
2022/11/10 22:00," ""391a279a73e83e2bb74cc101dfac06934a7557e45b0bdcf6e936638933b7642b"""," ""44154f66af30cbb8a2587e926d231881"""," ""19a73bd849f089045cd367132e2d1c57056270a5"""," ""andretavare5"""," ""file"""," ""exe"""," ""application/x-dosexec"""," ""RedLineStealer"""," ""n/a"""," ""n/a"""," ""4718c85fe28e792412bf1679bc40c971"""," ""24576:fTbL+/v6qMzuKMKYWYntW9rWMAxZr1Axobv3/VLCImYY:7bL+/bNKG7EImYY"""," ""T1FC555D3AE70614B4D76397B1C19EFE77DB48B62480259E3FBF46EA0CA8734027C85256"""
2022/11/10 21:52," ""8a95bd48d2584a749fda8738ec81175f9599b73c6ab873e92177287450df8fd9"""," ""40c7dec101104e9e0a512df3787adf6b"""," ""70385063e82a43217b2dc04ce0db164c765fecb4"""," ""andretavare5"""," ""file"""," ""exe"""," ""application/x-dosexec"""," ""RedLineStealer"""," ""n/a"""," ""n/a"""," ""4718c85fe28e792412bf1679bc40c971"""," ""24576:5+L+/v6qMzuKM/YGYQtGt8AMwxZrIAxoZv38leCImRHePXv:5+L+/btKxVDImSX"""," ""T1BC555D3AE70614B4D7639771C19EFE77DB48B62480229E7FBF46EA0CA8334027C85656"""
2022/11/10 21:42," ""d6841d2cc49083cd7cb8f193d2472bcfa3047a9604862e488add1a62ccae3b3b"""," ""b876c29343d16c5127ce85448fc32c7b"""," ""6d951e86b633de912429cb12d3b4070f09744438"""," ""andretavare5"""," ""file"""," ""exe"""," ""application/x-dosexec"""," ""RedLineStealer"""," ""n/a"""," ""22.22"""," ""4718c85fe28e792412bf1679bc40c971"""," ""24576:ewA5oiJRp8hYWYPt+9rXMohZztAiQnWdHPNlCImHY:ewA5omp+b9eImHY"""," ""T1A2555D3AE70614B4D76397B1C19EFE77DB48B62480259E3FBF46EA0CA8734027C85256"""
2022/11/10 21:22," ""1b1958624ae9c03836f0d114c31e687629b1540cd40f8aff82f728791ad77e43"""," ""c43287d0acf7a13061d6463e58589116"""," ""5c5ddf4886e6d509f16e6368ed3288ffcd6d5bd0"""," ""andretavare5"""," ""file"""," ""exe"""," ""application/x-dosexec"""," ""RedLineStealer"""," ""n/a"""," ""36.11"""," ""8d78b3b1c838578b04f551eb41967f99"""," ""6144:FfMWviaLC0TPbYKZfIxSeM07KY3ka9s99C3hFtHi+27dcfIFJtOomZXwOu1ql:FfJ20TDYK2XKY3yiztHdvrUql"""," ""T10CB4F0C4B793C4B2C5631134786E9BD1767BBB7128735D6B3F2832AF6E302825662706"""
2022/11/10 21:18," ""fede64298de9d89c6ad2b422291b7fa0073771373d46324d4ca8c1ef826ea830"""," ""3f03d5caf79360677225c9a7e53f3607"""," ""d32233e55ba08f36597253b220b956fcd2f791ac"""," ""andretavare5"""," ""file"""," ""exe"""," ""application/x-dosexec"""," ""RedLineStealer"""," ""n/a"""," ""n/a"""," ""4718c85fe28e792412bf1679bc40c971"""," ""24576:PioQBnudFumNOtQH4YoY8sIFYsM56I/1nAUyWOHaNUamdQoDt:PioQBudFumNcQi3kFmG6t"""," ""T192554D3AE74614B4D76393B1C28EFE77DB18BA2440259E3FBF46EA0CA8734127C85156"""
2022/11/10 21:10," ""bc7381a7248b4a546acf4944e549080fad811acbf1b22a07a3469ea0559faa62"""," ""00e0f25f47fc4614501424dc455a9b93"""," ""ebad67b3ca5de81f7f0b2f309bfec5b58794a075"""," ""andretavare5"""," ""file"""," ""exe"""," ""application/x-dosexec"""," ""RedLineStealer"""," ""n/a"""," ""n/a"""," ""4718c85fe28e792412bf1679bc40c971"""," ""24576:551e2GQUjUFZHyF2QOHTY4Y4sMVYkMBaY/NGAXK9tqnMZmNYjDMVv:551e294SZH2pOLw+mGPuv"""," ""T1A9554D3AE74614B4D76793B1C28EFE77DB08BA2440619E3FBF46EA0C68734127C89156"""
2022/11/10 20:43," ""4b721104097cc9a9f5bad2809b3830c48a3dc6f5a3db9c0f57277d1603341d00"""," ""4953eca8c0251a378473cf5b7227ef9a"""," ""8822f67da02c4d7820b660567364c576fbce76fc"""," ""andretavare5"""," ""file"""," ""exe"""," ""application/x-dosexec"""," ""RedLineStealer"""," ""n/a"""," ""48.61"""," ""4718c85fe28e792412bf1679bc40c971"""," ""24576:QwNqIJY0pSAlGTEw5YUY1F2yAuMww6C1dVAt258NImkwqDkAR+Lk8D4/nl3RuQ5W:QwNqIJvpSAlSEPjlImkwqDkAR+DUl3E"""," ""T132C52B135A8B0D75CDD27BB461CB633AA738ED30CA2A9B7FB708C43959532C56C1A742"""
2022/11/10 20:21," ""850d10d258df09b4e76d52a54aaab545b3fe53c442cf94b367cf288dcb88876a"""," ""7caae6585d662899aa05c7b8466628e4"""," ""9ead1a7f94387eab9097e198da6dac7a0ca7b516"""," ""andretavare5"""," ""file"""," ""exe"""," ""application/x-dosexec"""," ""RedLineStealer"""," ""n/a"""," ""34.72"""," ""0efb3edf7adc58eb257d46d00511e034"""," ""6144:wwzTQBt3LjnT6vELHg0WMvxltsrqhzIKKFo1VmqGSkk0qd3M1QsHpfLXwOu1ql:w3f3T6vVoxlmrqhzI1EV7h0me/LUql"""," ""T1E7B4F1C43B93C472C5A30134745EEBE139BFABB16533AD672B1467DE6E303C24A66612"""
2022/11/10 20:16," ""8149e8af66198a11c95ade83937a3f61a10c21a23a2f507bf734489724d54d5f"""," ""cff58c2c78ca95f95622400b224bc06b"""," ""44e2eefcc2ff803d6903538658886ee6b0e4055a"""," ""andretavare5"""," ""file"""," ""exe"""," ""application/x-dosexec"""," ""RedLineStealer"""," ""n/a"""," ""n/a"""," ""4718c85fe28e792412bf1679bc40c971"""," ""24576:NQNqIJY0pSAlGTEw5YUY1F2yAuMww6C1dVAt258NHEaKwqDkAR+Lk8f4/Zl3RuQA:NQNqIJvpSAlSEPjlHExwqDkAR+fGl3g"""," ""T194C52B135A8B0D75CDD27BB461CB633AA738ED30CA2A9B7FB708C43959532C56C1A742"""
2022/11/10 19:59," ""7f21b52f9b3a9efc07593303f785cf6d5d120b6d735ca1a27314412cb02aa343"""," ""aac095d69bd59f123125bd1417fc0a9b"""," ""7f23f9f0591f648585bfb029726530d4dd1c51f8"""," ""andretavare5"""," ""file"""," ""exe"""," ""application/x-dosexec"""," ""RedLineStealer"""," ""n/a"""," ""38.57"""," ""4718c85fe28e792412bf1679bc40c971"""," ""24576:PeNqIJY0pSAlGTEw5YUY1F2yAuMww6C1dVAt258NImWwqDkAR+Lk8/4/+l3RuQ5D:PeNqIJvpSAlSEPjlImWwqDkAR+/Bl3J"""," ""T15AC52B135A8B0D75CDD27BB461CB633AA738ED30CA2A9B7FB708C43959532C56C1A742"""
2022/11/10 19:42," ""83699d2332140ed6474583d39943683b9cd5e0925d87e82382459155bdf47265"""," ""d102673c4edf2141bfa523f7ba70617e"""," ""4d127c9b0dc9b2042cb9d4b7b7e3a464981b5fe1"""," ""andretavare5"""," ""file"""," ""exe"""," ""application/x-dosexec"""," ""RedLineStealer"""," ""n/a"""," ""40.85"""," ""4718c85fe28e792412bf1679bc40c971"""," ""24576:vYNqIJY0pSAlGTEw5YUY1F2yAuMww6C1dVAt258NIm1wqDkAR+Lk834/Ol3RuQ5r:vYNqIJvpSAlSEPjlIm1wqDkAR+35l3V"""," ""T1EBC52B135A8B0D75CDD27BB461CB633AA738ED30CA2A9B7FB708C43959532C56C1A742"""
2022/11/10 19:22," ""b44a521f5c49ef597c8a09b2e20f4c5ae91ca767f39e4a97a7ed7e2cc4e45b70"""," ""b13545e13acf9974b2d56f7891f12caf"""," ""d15f82159884b37c464a92698b112b32b226ff1d"""," ""andretavare5"""," ""file"""," ""exe"""," ""application/x-dosexec"""," ""RedLineStealer"""," ""n/a"""," ""37.50"""," ""e4d0e735c5b80d8efd3c6090a334e0c2"""," ""12288:Xql/ZvpZ3RhDLhDnSeQhrMWMaSqxp6d6BZUql:XkNpVFoh5xcd6Dl"""," ""T146B4E0C47793C472C1534430386EDBE079BBAB7129726D273F54A6EE6E303C256AA706"""
2022/11/10 19:19," ""d8668a7497663fe4dafbe879a0540d39c566f1826af34131213afbf025bd14e6"""," ""ed2ca5065efe3d4c3fce63ad36760529"""," ""90a569456f93582851fc42b1896b4aee0ca05177"""," ""andretavare5"""," ""file"""," ""exe"""," ""application/x-dosexec"""," ""RedLineStealer"""," ""n/a"""," ""n/a"""," ""4718c85fe28e792412bf1679bc40c971"""," ""24576:jKNqIJY0pSAlGTEw5YUY1F2yAuMww6C1dVAt258NIm3wqDkAR+Lk834//l3RuQ5b:jKNqIJvpSAlSEPjlIm3wqDkAR+3Al3t"""," ""T14BC52B135A8B0D75CDD27BB461CB633AA738ED30CA2A9B7FB708C43959532C56C1A742"""
2022/11/10 18:49," ""0bd04d88d81fa9df94fbf34ccb7f717b3511add8c84f575c6d71db296205d958"""," ""d61aa9cbf17951ed44c39ca6c199a9b8"""," ""4e1eef46cf4fea2dcd8b6b9a9a9e76eaf03254b2"""," ""andretavare5"""," ""file"""," ""exe"""," ""application/x-dosexec"""," ""RedLineStealer"""," ""n/a"""," ""n/a"""," ""4718c85fe28e792412bf1679bc40c971"""," ""24576:7qNqIJY0pSAlGTEw5YUY1F2yAuMww6C1dVAt258NImnwqDkAR+Lk8F4/ml3RuQ5b:7qNqIJvpSAlSEPjlImnwqDkAR+Fhl35"""," ""T114C52B135A8B0D75CDD27BB461CB633AA738ED30CA2A9B7FB708C43959532C56C1A742"""
2022/11/10 18:44," ""f2cc2dc4260006c10df0349d74f4d2a182e696e42eae6d5321e77da6ac488e27"""," ""833f31ce4c00a98173cf5e4fbdb6714b"""," ""72d9f0a8d1de38512330a11062d9106500fe64a9"""," ""andretavare5"""," ""file"""," ""exe"""," ""application/x-dosexec"""," ""RedLineStealer"""," ""n/a"""," ""34.72"""," ""e4d0e735c5b80d8efd3c6090a334e0c2"""," ""6144:lzXWIFuSLiX6QhENs1seWmIvlHQhX6m5UPR9dtOBRJL6M9vdpWYuxKmxXwOu1ql:lzGsGX6y11+QR2LwJLz9vvFxuUql"""," ""T126B4F1D46793C4B2C5A30030385EE7D03A7A6B71A9375E7B3F5536AE6E303C256A6306"""
2022/11/10 18:33," ""3fb6eda3a04cc1c6deb61aa659ab69d98830418668bd10c57380d39d980fe008"""," ""4ca9b3631ed4dd3ad3dfb7a401b127f0"""," ""2218ba0e9aa40646acde4cdad0e43e80fa71e467"""," ""andretavare5"""," ""file"""," ""exe"""," ""application/x-dosexec"""," ""RedLineStealer"""," ""n/a"""," ""41.67"""," ""4718c85fe28e792412bf1679bc40c971"""," ""24576:oANqIJY0pSAlGTEw5YUY1F2yAuMww6C1dVAt258NImCwqDkAR+Lk8M4/Tl3RuQ5j:oANqIJvpSAlSEPjlImCwqDkAR+MMl3N"""," ""T144C52B135A8B0D75CDD27BB461CB633AA738ED30CA2A9B7FB708C43959532C56C1A742"""
2022/11/10 17:51," ""67d95733eb6f0e24ceb38a6220ffc31fc1de39b2d7e6cd30acc38f221c2529f1"""," ""70dae664c9ee8b1efe8e314fe8f64927"""," ""039b363ff2169fe0b773ec8ab5ae105356bb17df"""," ""andretavare5"""," ""file"""," ""exe"""," ""application/x-dosexec"""," ""RedLineStealer"""," ""n/a"""," ""n/a"""," ""e4d0e735c5b80d8efd3c6090a334e0c2"""," ""6144:uKvYgjXGB0LNvpQEohy3OboCZHC78FMZL6AodIjB/7GJeaOXkMuIOEVXwOu1ql:ucl/ZvpoyYzc7TZG3EB/mVOXkMuAUql"""," ""T16CB4E0C07793C4B2C893503478AEEBE4747BAB7169735D3B3B1476AE6E302821666317"""
2022/11/10 17:43," ""ddaf59dadef1986e418ad40fb95573ef73b4fcf30a74594c3c74f7b9b98c2bbb"""," ""c30d9a7d7372dc5723d07e23ee7b13c8"""," ""3f94690270a98914caf5de4d5693836b3529503f"""," ""andretavare5"""," ""file"""," ""exe"""," ""application/x-dosexec"""," ""RedLineStealer"""," ""n/a"""," ""n/a"""," ""4718c85fe28e792412bf1679bc40c971"""," ""24576:kMNqIJY0pSAlGTEw5YUY1F2yAuMww6C1dVAt258NImcwqDkAR+Lk8/4/6l3RuQ5b:kMNqIJvpSAlSEPjlImcwqDkAR+/Zl3J"""," ""T1E6C52B135A8B0D75CDD27BB461CB633AA738ED30CA2A9B7FB708C43959532C56C1A742"""
2022/11/10 17:37," ""711e2cc9177883ae471f21f0d8e92fab20fb7be70b5e7e8df0465d2e22525eb0"""," ""5476e49c37087f27e4246f11ff002986"""," ""f41c8c191022a5c6b63bf9c954ea36f67e9f64a0"""," ""Iamdeadlyz"""," ""XeonusWallet.exe"""," ""exe"""," ""application/x-dosexec"""," ""RedLineStealer"""," ""n/a"""," ""22.22"""," ""de0d15079f46ae60edf51fca80fe8d64"""," ""24576:Z/3SYxYh3lM3NMeLnVIAj/LgYsge8TTbX/E9Oca51NgSekRAfgQLaVZ4:Z/B7T/J51NgSeoAfgQ4Z4"""," ""T16F854A25E7422AB4DBA35B71C4AFE77B87147D1480259A2BBF9FFF097033302285A159"""
2022/11/10 17:17," ""c9192a00936786e367fe1ffc605eafc645c4bc3dcc66987772a8def633235468"""," ""be847a28c8dea10a07e44905a33fef79"""," ""0ea07cd97e5cbfa14634bf90de2cd1cb646957e8"""," ""andretavare5"""," ""file"""," ""exe"""," ""application/x-dosexec"""," ""RedLineStealer"""," ""n/a"""," ""n/a"""," ""4718c85fe28e792412bf1679bc40c971"""," ""24576:XeNqIJY0pSAlGTEw5YUY1F2yAuMww6C1dVAt258NImewqDkAR+Lk8Z4/Il3RuQ5B:XeNqIJvpSAlSEPjlImewqDkAR+Z7l3H"""," ""T12AC52B135A8B0D75CDD27BB461CB633AA738ED30CA2A9B7FB708C43959532C56C1A742"""
2022/11/10 17:01," ""ea107aced2f858b3925ac4e522693bba0ea0c7d16ef4580ca5cb15a69f2e487a"""," ""5a343e4f13973c6073796f698fbc4285"""," ""f43350424f202d52bde79767e0d65514b88f0013"""," ""andretavare5"""," ""file"""," ""exe"""," ""application/x-dosexec"""," ""RedLineStealer"""," ""n/a"""," ""33.33"""," ""e4d0e735c5b80d8efd3c6090a334e0c2"""," ""12288:waWyAf4xN2mN4rcJemZarLHbQs/tGi6DI+6:wajLx9NMcJeCaPb3tGiw6"""," ""T174B4E0117E92DCA3C1E18030442AEBBCF67BB8F26823554B375537BD7E302925A7A217"""
2022/11/10 16:41," ""90902ac6c77e16a2e76175c59d1157f60bae24ddadf2abe7a939e35b7f4918a8"""," ""87e396389c17d5c8507e0fba0648bffa"""," ""755d9c660c38670d3136777e669429fb47cf9f56"""," ""andretavare5"""," ""file"""," ""exe"""," ""application/x-dosexec"""," ""RedLineStealer"""," ""n/a"""," ""n/a"""," ""2f31ca72463cc94ef7029d5f5d24836f"""," ""6144:s/WDAB9bKLBDpjrkgT3PYRDnVKpMJU3n2vQnDOfET6GCfXqsqJMozDqHQihDHcMn:s/WDrdDps03PYR5K+AnRnCPI5zkDI+6"""," ""T1CDB4E0107E91ECB3C4E1C1300866DFACF677A8F66963484B2B1577BE7E30282567A746"""
2022/11/10 16:02," ""cbb94d9b6c2264c89defd71fd8a5dc1851fe56a7cb1ea073690df0c7436840d3"""," ""07a576a67e1f4212e2f291a31059de62"""," ""0bc315f7434600fdc8320e13e092dd91bd2a3b51"""," ""andretavare5"""," ""file"""," ""exe"""," ""application/x-dosexec"""," ""RedLineStealer"""," ""n/a"""," ""36.11"""," ""2f31ca72463cc94ef7029d5f5d24836f"""," ""6144:yHHyy987Lz8Wj2192JH2RPXWym5Obif6UdTypq54TLASQKwB4Fb7eDHcM6++ra9n:yHHmn8WK191Zs6Uon3QKKqiDI+6"""," ""T148B4E0006E91DCB3C5E2C0704856DBBCFA7AB9F6692349472B5176BD7D343829A3E306"""
2022/11/10 15:41," ""0fa53b6beb6418aa594b55e44ad6e9a3b266e40e768c6ca44eeaed328014f9df"""," ""019e8e4c3e780c83fe3b58635a72f61a"""," ""44cc94410c70dc32b6e64b6f79ce317b0ea911a2"""," ""andretavare5"""," ""file"""," ""exe"""," ""application/x-dosexec"""," ""RedLineStealer"""," ""n/a"""," ""n/a"""," ""2f31ca72463cc94ef7029d5f5d24836f"""," ""6144:uZR4MLaRLZ+8V61FBk+lXFaITO7OvSbGqa2YXOYaBdSADHcM6++ra9n:uZRkl+8k1nPh1OCvSW9aDI+6"""," ""T138B4D0147D82DC73C5E584300866EBBCF67AA8F664234A4B3B41717E7D342D26A3E61B"""
2022/11/10 15:22," ""ff0a5b28b8e86e8f873adcdcc01d36daea6afd5031d9644f71837e1de2e7d875"""," ""7feacb472ad55a08c38bbf3accd1888f"""," ""d1be072f3cdbe4085eaef8b20857ebe94151c9f1"""," ""andretavare5"""," ""file"""," ""exe"""," ""application/x-dosexec"""," ""RedLineStealer"""," ""n/a"""," ""n/a"""," ""2f31ca72463cc94ef7029d5f5d24836f"""," ""12288:iRSt7e05vXRgwf1EdmUwl1/WlR98GPDI+6:iRl0hhCiOGG36"""," ""T10AB4E0107E91DC77C0E9C1304862DBBCFA7AA9F6242346473B4576BE7D342D2663A70A"""
2022/11/10 15:21," ""4a68e6a4b3691e027dfb50e0773ed86f2130e457cd86457afd87c4d9979d7bba"""," ""e61c93d7e181d04c931635ed169d15da"""," ""9e8d3f995cc69a327098ae73e2f1d7d7f94676d1"""," ""abuse_ch"""," ""Setup.exe"""," ""exe"""," ""application/x-dosexec"""," ""RedLineStealer"""," ""n/a"""," ""n/a"""," ""f34d5f2d4577ed6d9ceec516c1f5a744"""," ""24576:VD+0Scg2vdnUbgdLiElidUHLrPR3LvFshHoQmuUfhf0Crw8EYYx4+0g8Qqo/sKGm:Fw4+0zbo/"""," ""T177757F682ABE123BD028D2E4CFD584ABF119D17B32612C755DE763400757E8B29C36BE"""
2022/11/10 15:05," ""c6540305bd436857be3a8d27add6cc8da08d32c156846f30369b9baf012bb13c"""," ""b64edbb5f0cc5cc9c9f7229d9b4ae1dc"""," ""c565d218955f88d200685d6d883aa38d0259597b"""," ""andretavare5"""," ""file"""," ""exe"""," ""application/x-dosexec"""," ""RedLineStealer"""," ""n/a"""," ""40.28"""," ""4718c85fe28e792412bf1679bc40c971"""," ""24576:YYNqIJY0pSAlGTEw5YUY1F2yAuMww6C1dVAt258NImDwqDkAR+Lk8b4/yl3RuQ5M:YYNqIJvpSAlSEPjlImDwqDkAR+bNl3+"""," ""T1C8C52B135A8B0D75CDD27BB461CB633AA738ED30CA2A9B7FB708C43959532C56C1A742"""
2022/11/10 14:56," ""9a27c02eb672606161359aa7e306c2790b372ffe4e38a058d58e9576d3f47d37"""," ""515f3a2cff497021519d4a0f02062274"""," ""2df3bb7a9b2ddadc7331c3cd3b0c202ba7b1c1e7"""," ""andretavare5"""," ""file"""," ""exe"""," ""application/x-dosexec"""," ""RedLineStealer"""," ""n/a"""," ""n/a"""," ""4718c85fe28e792412bf1679bc40c971"""," ""24576:skNqIJY0pSAlGTEw5YUY1F2yAuMww6C1dVAt258NImLwqDkAR+Lk8w4/Al3RuQ5B:skNqIJvpSAlSEPjlImLwqDkAR+wvl3L"""," ""T1DAC52B135A8B0D75CDD27BB461CB633AA738ED30CA2A9B7FB708C43959532C56C1A742"""
2022/11/10 14:41," ""5b7980827b280b946afe6fdc04d13816a161b39fc088085a968a6e2e905d2f4e"""," ""f5ec61bf6aa7afbed2af67ac6934fa35"""," ""5cfcaf348e7436e7b21ccde23d3fb23929602d4f"""," ""andretavare5"""," ""file"""," ""exe"""," ""application/x-dosexec"""," ""RedLineStealer"""," ""n/a"""," ""35.71"""," ""2f31ca72463cc94ef7029d5f5d24836f"""," ""6144:F8Hhl8NjLQ7j0k1dLEwfkwd2VSEgvf84Pc6C5LEwDXVSgQSbb4DHcM6++ra9nw:F8Hmk7jb1dLwq84KpEmX5QrDI+6T"""," ""T192B4E0207E91DCA3C4E6C0304456DBACFB7A65F6542759872B5572BE3E302C39A3A34B"""
2022/11/10 13:59," ""cc9566fff3434f0b7948feca466667d43f14630a8df29e7e502f69755bce5e6e"""," ""3979b7bf6fd5b08657243324b1c0bfd7"""," ""fbcf2c76ce41b7e3b374b06abeef0e2a84f35cd6"""," ""abuse_ch"""," ""3979b7bf6fd5b08657243324b1c0bfd7.exe"""," ""exe"""," ""application/x-dosexec"""," ""RedLineStealer"""," ""n/a"""," ""25.35"""," ""c69a5bbcafa00749476580e00607e5fa"""," ""49152:lPFJCvLqOaSTK5ISawpVpVliC8Tkx4d7Eg+uDQShhzQShhzQShhzQShhzQShhzQb:lPFsjqOaSFUad7ztttttta"""," ""T169468C936245A0FAC06E213DCC328D60B93F6E536916CD4B7AFF39484F37590697AA07"""
2022/11/10 13:59," ""40ca0998c84775fdde0aaab7ff9ab51ce67ebb3c619275d91c07a10f3938891e"""," ""f59fcba8b7e4c0f60b26318ac05fef67"""," ""54de3dc5e7906431442c50b611607d7a5930c38e"""," ""abuse_ch"""," ""f59fcba8b7e4c0f60b26318ac05fef67.exe"""," ""exe"""," ""application/x-dosexec"""," ""RedLineStealer"""," ""n/a"""," ""19.72"""," ""b128da42edc801068b5469911b24a324"""," ""49152:6cT69CujFDGxbUHmq6OtRTO90Ll4goRNdJF0vmDZo+c:lug6HmitRVE/dJOOaz"""," ""T1CB8502DCE6847735D9EF15B88076C2D02C6DF50D4E4D827A59A036C3BF56AC026ABE32"""
2022/11/10 13:54," ""797cf3d715ae5c433b139b38418759d8a1d7a02e63da205a6d137bdc5725aa9c"""," ""9b109eeeae78ded41c903301daed7f55"""," ""8bb9d604f4d871e0f4a10c01e843f0fc77cc4a48"""," ""andretavare5"""," ""file"""," ""exe"""," ""application/x-dosexec"""," ""RedLineStealer"""," ""n/a"""," ""35.21"""," ""2f31ca72463cc94ef7029d5f5d24836f"""," ""12288:WTJ2YbeJe10RIqEH4Tjp3AsxSks+dNTymvvtf4R8DI+6:WTReJeipEH4TjCsAks+TTLX6"""," ""T1C6B4E0117E41DCA3C0E5C4304826DBBCF67A68F66923898B3B5576BE7D30292663E317"""
2022/11/10 13:31," ""1420f2aa5371b5fee33d7acf88f29db6379f93a1b0e9d08353b9a4bc7ee3e25a"""," ""04473f6a9f9e52acb99a3d8eaed19024"""," ""b21b1f027832742cda1d16236fc9d14ef305b1e3"""," ""andretavare5"""," ""file"""," ""exe"""," ""application/x-dosexec"""," ""RedLineStealer"""," ""n/a"""," ""35.21"""," ""2f31ca72463cc94ef7029d5f5d24836f"""," ""12288:PmCMgPbD4wq5Hn2CPKbxvjjK9y4AuiyxJmDI+6:PmobD4b92CSdvHmiJ6"""," ""T15EB4E110BE91EC73C5E2C0300466EFACF67A68F265235947274576BE7E342C29A7A707"""
2022/11/10 13:27," ""8c390b728d39ad79c1c88b1eeac353cccfd30d8394c232fb49ce41e350b76353"""," ""18fdf341299abd58b40ecfbcb71591c4"""," ""1031c973e0965475b89640aeced5801b97fdddc5"""," ""andretavare5"""," ""file"""," ""exe"""," ""application/x-dosexec"""," ""RedLineStealer"""," ""n/a"""," ""n/a"""," ""4718c85fe28e792412bf1679bc40c971"""," ""24576:KiNqIJY0pSAlGTEw5YUY1F2yAuMww6C1dVAt258NQ/ifwqDkAR+Lk8N4/Ql3RuQr:KiNqIJvpSAlSEPjlQ/YwqDkAR+Nvl3L"""," ""T12BC52B135A8B0D75CDD27BB461CB633AA738ED30CA2A9B7FB708C43959532C56C1A742"""
2022/11/10 13:23," ""050505c077b590adaa0dde0669639616828ffd3e5ced0cba3a94d3c13633195d"""," ""75ec9f84f1f80ad2b2816c5e85baab37"""," ""ae7f2e8aea7128936801c618134673c7a6a6312c"""," ""andretavare5"""," ""file"""," ""exe"""," ""application/x-dosexec"""," ""RedLineStealer"""," ""n/a"""," ""n/a"""," ""4718c85fe28e792412bf1679bc40c971"""," ""24576:196U0SAGpo0JyQpPHGTgExY0YJV+yAaMYg+ehdVEEUjmZsz3xLSoXN+MnUmkQdKz:196IpfJyQ1ygD/7P9dnUmkQdK"""," ""T1F1757D3AEB1614B8C7639771819EFB7B9748B52480269F3FFF46EE0CA4330126C95256"""
2022/11/10 12:53," ""3d65374675a4cbda5aa538318d88371f6a75a2c97e0deae143a550fb1a507af4"""," ""6f6b0b1e8841d8255d191dd58bf6c609"""," ""ba9971766e6ee59a59ddc78b0311ce1a6e1e6414"""," ""andretavare5"""," ""file"""," ""exe"""," ""application/x-dosexec"""," ""RedLineStealer"""," ""n/a"""," ""36.62"""," ""2751973a1f0bf5da4196dfeed17df118"""," ""12288:uooEYjnsWZNsp+zDnARG9VrmWJd1BtDI+6:uoAnLNqKrPVrFJjBx6"""," ""T193B4E0117E81DCB3C1E6C1308826DBACFA7B65F2252796473B5576BD3E302C25A7E206"""
2022/11/10 12:32," ""690881aa320eff75fd7b54b14fad18a0d3ab865f74cdab2d5c8f16b7ae5963bd"""," ""fbf286695682f26df73fdc6e8f02a5ce"""," ""70dffd5d1adc7d60b8145920d37eb66fe119503a"""," ""andretavare5"""," ""file"""," ""exe"""," ""application/x-dosexec"""," ""RedLineStealer"""," ""n/a"""," ""n/a"""," ""2751973a1f0bf5da4196dfeed17df118"""," ""6144:BPuKMYLak3r8rN1nFMcsZxBrgQneILtiw0tX+jyi8EFRFWs0NDHcM6++ra9n:pTd3r3cozrgYMTujhFReDI+6"""," ""T1F8B4E1117D80DCB3C0E5C5314456EBBCFABA69E22813864B3B8567BE7E345C25A3E316"""
2022/11/10 12:11," ""37b7b8f7474ab572c4b07e681560654bbf26e98a931d96d9062690ce5135e1b5"""," ""1568a376e6833ee634b5be8bdc754e3c"""," ""46006b7bce596e9a90080a9569ed74d59ffa5adc"""," ""andretavare5"""," ""file"""," ""exe"""," ""application/x-dosexec"""," ""RedLineStealer"""," ""n/a"""," ""n/a"""," ""2751973a1f0bf5da4196dfeed17df118"""," ""6144:8/M9AL6+u68rMVPs6tkw2sm9xlRKf00X1Vjf7SaoldCrr3rApoDHcM6++ra9n:ofu6hTXIlRsmd0AoDI+6"""," ""T1A4B4E0157D90DCB3C0E5C5340856DBBCFA7AA9E2656385873B4077BE3E302D25A3931A"""
2022/11/10 11:32," ""71e08b3ec6500046ea41335216d7483f6cd41e1c5edafd7dabe6a440537bf567"""," ""33a5964afe2458441af9ea334f2d28f3"""," ""7e3ad6f6676ea16d3558be146c53d9547ac338e3"""," ""andretavare5"""," ""file"""," ""exe"""," ""application/x-dosexec"""," ""RedLineStealer"""," ""n/a"""," ""n/a"""," ""2751973a1f0bf5da4196dfeed17df118"""," ""12288:QtBpcGsfTLulmYlxUnrRJnPFk4CdDI+6:epcGGylZEnrRPch6"""," ""T1B2B4E0117D90CC77C1E2C4340952EB7DF679A9E228239A8B3B5566BD3E302D35A3E316"""
2022/11/10 10:56," ""c19eece37b3f121921955fa412ad6b48877f8267b5736254f8b08a7182c80fb7"""," ""4650efab21a1c5c23bfd841b51aef953"""," ""0dc91dd75c8b93b7cff0f53b624594cd94bbbb20"""," ""andretavare5"""," ""file"""," ""exe"""," ""application/x-dosexec"""," ""RedLineStealer"""," ""n/a"""," ""n/a"""," ""4718c85fe28e792412bf1679bc40c971"""," ""24576:R6NqIJY0pSAlGTEw5YUY1F2yAuMww6C1dVAt258NIm7wqDkAR+Lk8:R6NqIJvpSAlSEPjlIm7wqDkAR+"""," ""T115757D3AEB1614F8C7639371819EFB7B9748B52480269F3FFB46EE0CA4334126C95256"""
2022/11/10 10:54," ""0694c8a85fb5f70b966d7ced30ff5cbcb674e747577299d69f5858aa2f46caae"""," ""106fb9bbff6aa37f4e55f75103b8011a"""," ""69486d1171f0f297c47b5e3f521fd2c7edbc93f6"""," ""andretavare5"""," ""file"""," ""exe"""," ""application/x-dosexec"""," ""RedLineStealer"""," ""n/a"""," ""n/a"""," ""2751973a1f0bf5da4196dfeed17df118"""," ""6144:HskZgLc6+08rQd7Caffv90m7m2wmdmTUKg3FxY6gmRQXB/HdcPsDHcM6++ra9n:yx+0TNHfvby2zA1g1IcQXBfdKsDI+6"""," ""T126B4E0117D91DCB3D4F6C1704456DBBCFA79A4E264234A4B3B5277BD7E302826A3A30A"""
2022/11/10 10:50," ""cc03302457a0f8306587c3cc985e34de489419c910f1d91b008f4e435cc19a25"""," ""adb8338bcc5b597890ff2ac385263465"""," ""c0e2a90697509971d81298a3b83cf31e376b636a"""," ""andretavare5"""," ""file"""," ""exe"""," ""application/x-dosexec"""," ""RedLineStealer"""," ""n/a"""," ""35.21"""," ""4718c85fe28e792412bf1679bc40c971"""," ""24576:PINqIJY0pSAlGTEw5YUY1F2yAuMww6C1dVAt258NImwwqDkAR+Lk8:PINqIJvpSAlSEPjlImwwqDkAR+"""," ""T192757D3AEB1614F8C7639371819EFB7B9748B52480269F3FFB46EE0CA4334126C95256"""
2022/11/10 10:22," ""ae33e022883443a6017cebace6ab931495a3b1a1b101b50fe08e6cb3bc76dba6"""," ""4413b5333d072ced66a1f024b5ebf94c"""," ""f484c08dcf4f59f743ee20550a673f170d95cc8c"""," ""andretavare5"""," ""file"""," ""exe"""," ""application/x-dosexec"""," ""RedLineStealer"""," ""n/a"""," ""n/a"""," ""2751973a1f0bf5da4196dfeed17df118"""," ""6144:jnvziLaE5j8r5EaA/8J1CE+FSDWLN8YvTiymLS3DcEPk+1ZJDHcM6++ra9n:Ct5jIEaXBgSDWJ861uYDdkgJDI+6"""," ""T164B4E0117D50DDA3C4E6D0304566DBBCFABAA9E22867464B3B547BBD3E302C3653A207"""
2022/11/10 9:44," ""8f3a006b7e65fe0dbb10119891f00bc2aac2b2de26b325757836f54c50d68fae"""," ""b4e9a87fbfa8ad3c01c5d5bbd9976a24"""," ""0bcfffb9e1d1cec00bd7142a60f28acb73a754c1"""," ""andretavare5"""," ""file"""," ""exe"""," ""application/x-dosexec"""," ""RedLineStealer"""," ""n/a"""," ""34.29"""," ""2631b4954b3dc83586de07b2274469a3"""," ""6144:Zdxw3lLDl8tB8/JTtiL/FYEqQWD7ci3HG+sbUVEX0lwbIVcZWhgMDHcM6++ra9n:St8tB2iDFRqhRAbEkUVcaDI+6"""," ""T193B4F1157D80ECA3D0E2C5314856DBBCF77AA9E22967858B3B5076BD3D301C25A3B31A"""
