2022/11/12 2:22," ""6c69f2907eccb9bc8715c3bbe0af8c8e55effab53abd16e5641b336f79bdc483"""," ""d570fae4cdf655e485008e1c5a5c8a68"""," ""80d93e12cb427fdcfc20ddb519f3143d7404f851"""," ""GovCERT_CH"""," ""satin alma emri.exe"""," ""exe"""," ""application/x-dosexec"""," ""SnakeKeylogger"""," ""n/a"""," ""42.25"""," ""f34d5f2d4577ed6d9ceec516c1f5a744"""," ""12288:8lYQGOFN45OHyuYTNruCZUDpaC/kkcIbL3Xfx8zHK:CZHyuIhgpaC/kkf3Xfxg"""," ""T1A3054DD5F1508C9ADD6F0AF2AC2BA53011D3AE9C94A4C10D5ADD7B572AB3342209FE1F"""
2022/11/12 1:22," ""d3169220e46eead42605fb4420da09e0c524c7a5d20b7b0d087c13c29c9de964"""," ""ac0ced8d7565a7a3dc0f231fb65d12ef"""," ""79d543edcc559b689c19514ab2b964d152a0b941"""," ""GovCERT_CH"""," ""belge.exe"""," ""exe"""," ""application/x-dosexec"""," ""SnakeKeylogger"""," ""n/a"""," ""66.20"""," ""f34d5f2d4577ed6d9ceec516c1f5a744"""," ""24576:lmsmYmsmBIBYpCJok/bktHOU3io3F93h:lmsmYmsma+pCLcHbSoV9"""," ""T192457E917150CC9AE86F07F1AC2A543013B6BE9DD4A8C30C5AD9766A2DF3312649FE1F"""
2022/11/11 20:05," ""ad56f94844519340ee763e3a6e7ecebbe0a807dcb0e97c61df4c08e95b692315"""," ""aa5040ee24e39b3bfd9cb4e38dfc16e4"""," ""d8ffceced177123bddd36a42d88d8a74cab6a457"""," ""zbetcheckin"""," ""aa5040ee24e39b3bfd9cb4e38dfc16e4"""," ""exe"""," ""application/x-dosexec"""," ""SnakeKeylogger"""," ""n/a"""," ""26.47"""," ""f34d5f2d4577ed6d9ceec516c1f5a744"""," ""12288:ZSpOUwIKqbhMEZ/RGPZYUdYNjjWpJ9Eh3Vbz3D9YlIGC0Vq461:kOvIP5G2IYNj1h353DClfx84k"""," ""T1CC25F90925B5C433F4490BF45224F9EC253CEC0B6E88824F68B6FD176E79AA7F498D52"""
2022/11/11 18:32," ""6043474cab212e4b6a51fc863d2d38efe771dec8b83f9a340f31f06ad4631377"""," ""8072a22f12139b7345cdb7c841446f8c"""," ""fcf179822f59952223184765bd5e9fd804666fe9"""," ""abuse_ch"""," ""s4098765456789-09878.exe"""," ""exe"""," ""application/x-dosexec"""," ""SnakeKeylogger"""," ""n/a"""," ""40.28"""," ""f34d5f2d4577ed6d9ceec516c1f5a744"""," ""24576:nCed3Mm56nTkEWrO+82MYP2M7+19Uyoluova1JMoqaW0k+YA:nfdcm56s1ttyjUjVvgqWl"""," ""T13055CEE4F145C169DF421F7D8426CD3222EABC678AB0794E66CE7E5B73773422822463"""
2022/11/11 18:32," ""7943a35a82cdeeedd3d1271bf449fa554665ff38fc07b17a5067385e1ed0724c"""," ""1f662c1f7634ab807e2f4d2f368cfa8d"""," ""abc5d11cce23916872a469d8711d8c3c2f11256a"""," ""abuse_ch"""," ""1f662c1f7634ab807e2f4d2f368cfa8d.exe"""," ""exe"""," ""application/x-dosexec"""," ""SnakeKeylogger"""," ""n/a"""," ""65.28"""," ""f34d5f2d4577ed6d9ceec516c1f5a744"""," ""1536:pi6sFUWsvTZUv81g3HV7uzabrkNOb/U+WG8DpiOWBNbF0Kcl:pi68VsVUv81g3Hb4Ob8LRtwBNbFbY"""," ""T18EE3081D3BFC8904E5FF8A7311B15211C7B9B852095ACD1D5AC1F8692A7CA80DE1AFE3"""
2022/11/11 15:17," ""3d06cd1430771df1de9948c5f1e0b75eb9f8fe61fe2d7765ddaf916e8d59950c"""," ""80c54c8308d7819d4620f84ffc14c8c3"""," ""47c1fad698471e92a9b400fc4f9faa75e8a6bfce"""," ""GovCERT_CH"""," ""IMG-2022839844-PDF.exe"""," ""exe"""," ""application/x-dosexec"""," ""SnakeKeylogger"""," ""n/a"""," ""27.78"""," ""f34d5f2d4577ed6d9ceec516c1f5a744"""," ""12288:oSgcM/U057k2Tnu6IKFe0IIeBTSFesN8c2PQPibwHZ6U:8/Tnu6g0vETsNx24auZ"""," ""T12CE49E5460958A99FBAF93B021FCFFB012B230F3A5C8975686696184D7DCFC10E846DE"""
2022/11/11 14:11," ""c96c213d5c0a6408e232cfe53edbbb46cfe2cfcf8f5b7157017dbc5f74cd5867"""," ""32b2d7666dc6ba5ef9cdd7a35d685e79"""," ""c7173bbb1f15e5c79ecc1dbd94e156358d87b740"""," ""James_inthe_box"""," ""Pending Order.exe"""," ""exe"""," ""application/x-dosexec"""," ""SnakeKeylogger"""," ""n/a"""," ""48.57"""," ""f34d5f2d4577ed6d9ceec516c1f5a744"""," ""12288:fB4ASeEM/7BOuQ5Jr0QpdRdgs1QpRJY7p:abgIuQjIQpdvgsKpRJEp"""," ""T134E48C68A156C899F65F4372A1ECFFB013F271E3E1CAC75792682284C7D9F920D4129E"""
2022/11/11 13:48," ""d3cd3076d9df007e13f80cb032ccceefb8017ef6f3ea80cc02b5f0f737405075"""," ""223c59e071cfa0c3931a18df26669606"""," ""666735c53a6fe5569d61598b5769f180089957ba"""," ""SecuriteInfoCom"""," ""SecuriteInfo.com.Trojan.NSISX.Spy.Gen.24.24883.32304"""," ""exe"""," ""application/x-dosexec"""," ""SnakeKeylogger"""," ""n/a"""," ""43.66"""," ""29b61e5a552b3a9bc00953de1c93be41"""," ""12288:XJEm10Qb/p87R9ZUH4PJZhr3MKnkUqwSlJZRQbLv5BnPg5qC3hnuMd9A3Fu:XJT1jzp87RsHSfhDMKnkUTgZGLvbPKqI"""," ""T181F42303ACB2E946F6019D3A8695E33BEBE1C94500FF8D9B171CE3BA76FDB111225452"""
2022/11/11 10:03," ""cd3a8a30fab5929fb0c75fc80d28025ae10a7ccba84580cbcd2716636461091f"""," ""ac955d4da69f023ecd6d9cce496e6c85"""," ""dcfc5b9915742935407d07f70348034088197e4c"""," ""abuse_ch"""," ""ac955d4da69f023ecd6d9cce496e6c85.exe"""," ""exe"""," ""application/x-dosexec"""," ""SnakeKeylogger"""," ""n/a"""," ""15.49"""," ""f34d5f2d4577ed6d9ceec516c1f5a744"""," ""6144:klrIKqEhqIr8ZztR5vxmsMAfkG5GYtWHCKMT4WOTnrXkdWTcOurEdRIht+gzVQx:UIKqAJahR5vP1fkCGBit6MkTigfgJA"""," ""T1FBE4730925B5C433F44907F45224F9EC253CEC0B6E88824FA8B2FD576E79AA7F498D52"""
2022/11/11 10:03," ""0c27457d56fb6fff074654b98e1e7e272dd8b6827239fc3d28f0ee8369be892a"""," ""1f920ed872b85a60d6272775e2d89cab"""," ""5204ddc568578c6625b7c312ee002beaba69911d"""," ""abuse_ch"""," ""LP-2206.exe"""," ""exe"""," ""application/x-dosexec"""," ""SnakeKeylogger"""," ""n/a"""," ""26.76"""," ""f34d5f2d4577ed6d9ceec516c1f5a744"""," ""12288:KqraIH7ocmk5iYOVRFuau/4izBpPg0G7ia/mg6dAmIofM/dXsutRMMqpe/p4LAkM:Xrb35iSvV7JGWaegoAmIY"""," ""T13D05399C3150A5DEFD5FCA72D5A8BF60657170F392CAD25B90271198DB8CADF8E000EA"""
2022/11/11 10:03," ""1b312316c01c6a558f017c20ae484ddd11dde500cd290f11af6fd623ed51e7e9"""," ""0e61fae9f6a2a1fa84858fb9466cfe50"""," ""5f1b6d990220f47a20ccbe0faa8a7e6e808b70d5"""," ""abuse_ch"""," ""DHL ZAG00220.exe"""," ""exe"""," ""application/x-dosexec"""," ""SnakeKeylogger"""," ""n/a"""," ""26.39"""," ""f34d5f2d4577ed6d9ceec516c1f5a744"""," ""12288:7SmzM/U057k22hjlqykC450fnq+F8jCjkiXCxJIsso4Ujnu6:N42plqyktGq+n4Isso3nu6"""," ""T19EE49E6461558A99FBAF93B161FCFFB022F370F3A5C8865786646184C7D8F820D846CE"""
2022/11/11 6:38," ""81c837a00b77f100ff36f3d85a4cf70b411d3bca9cc81c03d0c6db76b4d802a4"""," ""7a27b570a947167a663e1a74546945b4"""," ""ce9e39b17347bc4d809e72167fdcf6431fd1909a"""," ""abuse_ch"""," ""Order11022.exe"""," ""exe"""," ""application/x-dosexec"""," ""SnakeKeylogger"""," ""n/a"""," ""47.89"""," ""fcf1390e9ce472c7270447fc5c61a0c1"""," ""24576:1AOcZusALZPOQT5EySJcFMpohOaC/EZQ/J+43DsIYZc:/lUQiJcFMMO3nh+y+Zc"""," ""T11F451202B681C072D8321931D936EEA15A3E3D309EB49A4FF7D07D2DAE766815139F72"""
2022/11/11 6:38," ""80d1a09ae2bf3d82a34620822a32f69d442378e080a75a00851beda86937a879"""," ""42e90f10ad1bfc9c792f1e32fc8d75ff"""," ""3fdce306746cce5b717b42efd5b2bd4d3dc918e2"""," ""abuse_ch"""," ""RFQ MR 27136.exe"""," ""exe"""," ""application/x-dosexec"""," ""SnakeKeylogger"""," ""n/a"""," ""44.44"""," ""f34d5f2d4577ed6d9ceec516c1f5a744"""," ""12288:d1sA1DW0LXJp7WCi3DZ0WPl9R6JM6aN18P1LtJZltu6wU:M0LXJ0CAZ04p2btXlM6x"""," ""T1D9C4E1397B579B12C3B91A72C0D2510497F2CA0353B2DA0A7FD411950E47BBB7E8A7CA"""
2022/11/11 6:26," ""a316758201301fbb5bea1354ae7fee5f8a81e0ad449b527eb1b5c00ab475b6c0"""," ""65fd4a02b91e2c034dabba2053837707"""," ""149f7caa627c528283bb5fec498d9577d2b6bca1"""," ""GovCERT_CH"""," ""09.11.2022-09.11.2022.exe"""," ""exe"""," ""application/x-dosexec"""," ""SnakeKeylogger"""," ""n/a"""," ""34.72"""," ""f34d5f2d4577ed6d9ceec516c1f5a744"""," ""12288:xt/xgkGxM8F9tvks1eeM/iFuqk5fsaf+IL5/43ng62zKl1Wq9ftfJW7:X0ks1PFuEw8V2W7987"""," ""T1A5252BD0B150C89AF95F46B2A8EDFB3021F37DEA90D4810D52A97716A7F3352148EE4E"""
2022/11/11 3:18," ""767c5838c6250f066fe8089e2d77b998a61a626b20080b1606791af987120c06"""," ""fef9185943007de3c943d268fcb302f6"""," ""d76a4acb3ecb8dc9dc226bcdfe98f3d89c7c6fd2"""," ""GovCERT_CH"""," ""Statement of Account pdf.exe"""," ""exe"""," ""application/x-dosexec"""," ""SnakeKeylogger"""," ""n/a"""," ""n/a"""," ""f34d5f2d4577ed6d9ceec516c1f5a744"""," ""12288:iuvhjbjl2pl3xzK5ySi+51cXq0tw7HOpdjlKjgMU/:igYDzK5ZiBaqkNgx"""," ""T1B0E46C1429AE5119F176AF7D1ED0F4B18BBAFF222606E42914C01F872726A3ECD9CD35"""
2022/11/10 18:40," ""a9c01f4b56368e2ac193fd37f4679a19c1f80f10c308632d51d8b0487f2564ff"""," ""ac911b62086dc90fd832d2f11ed57fa5"""," ""419cf27d3eac77388533917fce1b8e96cb4b3a47"""," ""SecuriteInfoCom"""," ""SecuriteInfo.com.Win32.PWSX-gen.13179.3015"""," ""exe"""," ""application/x-dosexec"""," ""SnakeKeylogger"""," ""n/a"""," ""34.72"""," ""f34d5f2d4577ed6d9ceec516c1f5a744"""," ""6144:QsS2Yd2CB4LVD/YaJfvEQs4N8uN2HiU5QuGsaDUdK2Hr8W+KbK44y6T6DF8a+b1N:UZL69MLMVg5QuGsaqHIW844y6msJ"""," ""T149B4F1474B5A7E53C97E863AAD21261003F0EE231651EB6B7CC871F497BBBC50B407A6"""
2022/11/10 18:31," ""454529ef92f2ff17bdfb7f8ec8df852fd1f7c7919a021adf1b6b1d41b4519ef6"""," ""6b99640af4d396d38800c51c3e5225f5"""," ""f86888accc0cd522921c4701cc1cea8ff74b3eae"""," ""malwarelabnet"""," ""PO 4700021958  & 4700021964.exe"""," ""exe"""," ""application/x-dosexec"""," ""SnakeKeylogger"""," ""n/a"""," ""30.99"""," ""f34d5f2d4577ed6d9ceec516c1f5a744"""," ""12288:u2iN3M/CcD39oo3F5/W+aKepSBlK0hPlCTGsC3shaf9d:u1CD3io3F939l/HCTrC3sid"""," ""T1A4F48C9460598989F7AFA77061ECFFB023F13CF3A1CA469A82687145C7F9F910DA418D"""
2022/11/10 13:58," ""861dfc40f7981f485a7caba7358401ebb7a622be550dc79f7a7292f5654a83eb"""," ""6da2e3af62b37ef2f0cb34115c6e4725"""," ""3640ab6e2a9c4b938db239f4b654f9328e68a563"""," ""abuse_ch"""," ""Purchase order.exe"""," ""exe"""," ""application/x-dosexec"""," ""SnakeKeylogger"""," ""n/a"""," ""n/a"""," ""f34d5f2d4577ed6d9ceec516c1f5a744"""," ""12288:i2iN3M/CcF39oo3F5/W+JqcqMMaEOeEXkFLzxzr4KC6tUWbkHBZSsH:i1CF3io3F93+Fge0CL5rDrUWbkhZSs"""," ""T11AF47B98605A8989F76FA27061ECFFB033F27CF3A5CA565A82687145C3F9F910D6018D"""
2022/11/10 13:58," ""184aff1b65ffdbd8c458dfd914d44a24c73956cdaade19d7539dda6bfc184cb6"""," ""76ba9db73cd8ec955106c99d053f4afc"""," ""9fe3093410a82fa0ee3cd307c9f41a50b6a432c4"""," ""abuse_ch"""," ""e-dekont.exe"""," ""exe"""," ""application/x-dosexec"""," ""SnakeKeylogger"""," ""n/a"""," ""44.78"""," ""f34d5f2d4577ed6d9ceec516c1f5a744"""," ""12288:/y2iN3M/CcZ39oo3F5/W+f1FfQA2Sy1OgGyz/1h7WJ2EtatAGoDIX:q1CZ3io3F93fLQA2Sykyz/uxctvoDIX"""," ""T1E1254BD1B05088DAFA6F16B179ADFB3021F37DEA94D4410D42A9B71697F3342189EE0E"""
2022/11/10 13:52," ""6f493b242d947fb42cacf6c5824857405bcd8426504d6e38b508762a92d3e1a0"""," ""7694ac2d0f0c68d734d845b34c9b27cb"""," ""74733dab79c3a7897a7f2a8fec0809699a444d8e"""," ""zbetcheckin"""," ""7694ac2d0f0c68d734d845b34c9b27cb"""," ""exe"""," ""application/x-dosexec"""," ""SnakeKeylogger"""," ""n/a"""," ""22.54"""," ""f34d5f2d4577ed6d9ceec516c1f5a744"""," ""12288:43cqXPoy39oo3F5/W+LFKD4Dw23SxpF++RQ7CEfTWaFpXPuntZuTtWc:3jy3io3F93LFJw23Wer7CEyaPzT"""," ""T13EE4F082701E9B59C32CBBB672E593607BA0BD32A893D55E298C35CB85337844E32757"""
2022/11/10 12:33," ""1276d69291b917af55a996adf07d0157379b7afa227d51d2ff86d4e06311afed"""," ""9451b64c517dd1cdf73f9ea6e931e693"""," ""7452d2d6765580c591ab921032bc42b3da9dc79d"""," ""abuse_ch"""," ""9451b64c517dd1cdf73f9ea6e931e693.exe"""," ""exe"""," ""application/x-dosexec"""," ""SnakeKeylogger"""," ""n/a"""," ""28.17"""," ""f34d5f2d4577ed6d9ceec516c1f5a744"""," ""12288:tiD8plm3BEHlO9BeZM/6+ONck2Fxt8tG8InQNue9WeXZjGi:tFObW+OyF8tPB5zjGi"""," ""T1D4E48C68A156C89AF61F4372A0ECFFB013F271E3D1C9C65792A46285D7D9BD70E4028E"""
2022/11/10 12:33," ""11ba879203691cf383e6600a3812019bc3a9dd5da7643ace3e0168fd6d3f546f"""," ""c559dad2cd291b582073eb92adcb5692"""," ""c526dc71779d8678bbe7bcbcc440599fb0fa9e8b"""," ""abuse_ch"""," ""c559dad2cd291b582073eb92adcb5692.exe"""," ""exe"""," ""application/x-dosexec"""," ""SnakeKeylogger"""," ""n/a"""," ""32.86"""," ""f34d5f2d4577ed6d9ceec516c1f5a744"""," ""12288:zLcqXPoY39oo3F5/W+Ul8ndbXb7yBz0jb2d8Si0/d/MrSQDcTve2c:MjY3io3F93sAdbXb7yBEQi0N0FlN"""," ""T120E4F183712E4B18D36CBB7236E583507BA07D315993C25E2ADC36DB86337884D3969B"""
2022/11/10 12:17," ""268284d43524b292123f0458959bfab14020353a4ed7d6f16028583afa0513d1"""," ""916a9afe886140ef107d9a467001f7a7"""," ""3362c50053f42de1fd78ff0b947fc253f4d47d1f"""," ""abuse_ch"""," ""Purchase order.exe"""," ""exe"""," ""application/x-dosexec"""," ""SnakeKeylogger"""," ""n/a"""," ""29.58"""," ""f34d5f2d4577ed6d9ceec516c1f5a744"""," ""12288:uBU031XdHeMM/KQZc1EV+YDsPlaoYDyo:u31Bzsc1EV+yJE"""," ""T164E48C68A152C899FA6F837291ECFFB013F271E3D1C9C65792686184C7C9FD60D8129E"""
2022/11/10 12:17," ""8a93ececcf3c4de8bb2f3b6024a0d4df4d752f54b71d16dae5ce2d32b79e8cfd"""," ""3090233337b1e7b74141b99971313970"""," ""d68aa9888d450761ab0e7f98044658756c2099f6"""," ""abuse_ch"""," ""Documents20221110-pdf.exe"""," ""exe"""," ""application/x-dosexec"""," ""SnakeKeylogger"""," ""n/a"""," ""n/a"""," ""f34d5f2d4577ed6d9ceec516c1f5a744"""," ""12288:ybEnxQQTOe8M/MgLkA61h/t0l3uIXEXzG8eJOd:7O4z61hKleIWG8f"""," ""T182252BD0B150C89AF95F46B1A9EEFB3011F37DDA90D4810D52A97716A7F3382188EE4E"""
2022/11/10 12:17," ""37b18e3f5959105296e85bd500d53b862ef7f8187df179401470333275485b81"""," ""9cdd63e1bfaf4710b3411892b076c35d"""," ""b0ada9f9bb1670ddc1d553f24f2b3b6ab598fbed"""," ""abuse_ch"""," ""9cdd63e1bfaf4710b3411892b076c35d.exe"""," ""exe"""," ""application/x-dosexec"""," ""SnakeKeylogger"""," ""n/a"""," ""32.86"""," ""f34d5f2d4577ed6d9ceec516c1f5a744"""," ""12288:9cqXPoOBYmT1b7JH6ZTI11439FU7AFlO739oo3F5/W+sc:WjONn91O3cAG73io3F93H"""," ""T1F9E4F092702D5B58C36CBB7176E583207BB07D369953D65E2ACC32CB86337844E3266B"""
2022/11/10 8:55," ""ddef9ddc5c621654d2cef10a8a1c2da7cc409784814a517f34c39c3dbd8c3e89"""," ""1d1f04d00aaa3f5ed89b903016d607f5"""," ""7f3bdbafbf3b9ad14d521cd1ba147b9992e13f6c"""," ""GovCERT_CH"""," ""document.exe"""," ""exe"""," ""application/x-dosexec"""," ""SnakeKeylogger"""," ""n/a"""," ""52.78"""," ""f34d5f2d4577ed6d9ceec516c1f5a744"""," ""12288:WyCWxQir2iN3ybI1a30EZvSIk3Um4Mm/E8eLtVvxG6s8pnIvXQX6xs27toeMPVRS:WWr1aCTEZaTT4MAE8IpGQOvRsaHMtY"""," ""T150F4021AF222EFE4E42D03B918315C626FB2D90AADACCD7D1CC6369A0975343125BDD7"""
2022/11/10 6:51," ""5d7ea409cdbcd41bc3431b2f26c1f5a1ec9b12b501c789f118b25d0d332c2eef"""," ""463c9afcd189d5ef9981beab1ac4d2c3"""," ""c7b9c52ef0ef2c60241ea32af009e52afa9631ec"""," ""abuse_ch"""," ""463c9afcd189d5ef9981beab1ac4d2c3.exe"""," ""exe"""," ""application/x-dosexec"""," ""SnakeKeylogger"""," ""n/a"""," ""68.06"""," ""f34d5f2d4577ed6d9ceec516c1f5a744"""," ""3072:hnG5e9P7IiMURh4Sb5LqTb86BIcfBmmFbY:HNRj5+bsib"""," ""T190C3F61D7BFC8814E6FE8A7315719211C7B5B952191ACD1D1AC1F8A82A3CB90CE17FA3"""
2022/11/10 6:51," ""df38a6f6bdb783cca7d8cbf1bd6889631a08c16396f5afe61cbded07bcdcd07f"""," ""32709328e8fc19c172add7a082938974"""," ""971904076a1ab754461a9bd3cd410936f6977f47"""," ""abuse_ch"""," ""New_Copy.exe"""," ""exe"""," ""application/x-dosexec"""," ""SnakeKeylogger"""," ""n/a"""," ""29.58"""," ""f34d5f2d4577ed6d9ceec516c1f5a744"""," ""6144:APdvY2kbEstY0d/KpdWStiWhL+Yl6ySjIiW9EEADdwTw3Z9bsNWm/FNaoPhe/4/K:ARTwFJMZjL9ApwTwJ9bGz04/FaLlM/"""," ""T1FCE49EA860558599FAAF837421EDFFB052B631F3A1CC875692756584CBC8FD20E811CF"""
2022/11/10 6:51," ""91a3e32ebd79aafd9f8761c961933d6763d57e9ca163f3e019d1881f2562debe"""," ""a56b339b10c3cdba98eabb015b50f51b"""," ""5d25631b5072ea5e50f35a7f2e81c758360926d5"""," ""abuse_ch"""," ""Invoice.exe"""," ""exe"""," ""application/x-dosexec"""," ""SnakeKeylogger"""," ""n/a"""," ""n/a"""," ""f34d5f2d4577ed6d9ceec516c1f5a744"""," ""6144:nPo4GAcQ2kbFAtYeg/KpdIco+apdZkYKWmm0QwSOQKeqtDnBpWgFPJh2B7Zx0OLf:nw4IejEeQQ2NBgUh87drkFxQyAnM/"""," ""T13CE48CA820918599FA6F937421EDFFB052B631F3E1CD8B569275A484C7D8FD20E4128F"""
2022/11/10 6:51," ""82ab49f2560c1880f313f39bee79cee6429f5a360111448656c4b06f48349a59"""," ""92866b32fbbfae490f5bdd39bdcb0808"""," ""220d6cdbe21b1d6658cd2050ed6146d44d57fcea"""," ""abuse_ch"""," ""92866b32fbbfae490f5bdd39bdcb0808.exe"""," ""exe"""," ""application/x-dosexec"""," ""SnakeKeylogger"""," ""n/a"""," ""26.76"""," ""f34d5f2d4577ed6d9ceec516c1f5a744"""," ""12288:U4xg4tBzVsJgAwKqRCgZJ199wt2QMs5nJhi07kyLL1XXMQwGieXR7yS2QgshO2U0:Us6MMnToyLJnMEXN7gd0FOV2"""," ""T15BE49D106176EE12E7B953B685C054648BF3D896E03EEF495CCA31DB079ABA10EC1F27"""
2022/11/9 23:53," ""6c317cf17fd580577d0d326188f5ad3200eec4a1b1c0e426c30ce73001114941"""," ""38abc5c9db403fc6ced7c2da3536bea7"""," ""f552fc1a5d4d88db0ed08b8b7671a20e6fae795d"""," ""GovCERT_CH"""," ""EKTEDIR.exe"""," ""exe"""," ""application/x-dosexec"""," ""SnakeKeylogger"""," ""n/a"""," ""40.85"""," ""f34d5f2d4577ed6d9ceec516c1f5a744"""," ""12288:DvqfFriisKyPLbvoIqkTJ3Ibo9FaT9xN5Povc:DCfFWisKgLbLqa3cD35"""," ""T129F4CFF4084036F4EBAECF32D5AD2B6457632E615382FA0F1490B1B61A337E39665C5B"""
2022/11/9 18:06," ""18743d67309b9042dccd7fc9b27dfdf6860b11745831d891fb64142836e3fc77"""," ""72bf67ebec03ef0e0eac9d2efb2594ad"""," ""9f1a0f382d6cc2f1269176b4a0684ee591281866"""," ""zbetcheckin"""," ""72bf67ebec03ef0e0eac9d2efb2594ad"""," ""exe"""," ""application/x-dosexec"""," ""SnakeKeylogger"""," ""n/a"""," ""31.94"""," ""f34d5f2d4577ed6d9ceec516c1f5a744"""," ""12288:Uf454vMXPoP39oo39/PZD3vdGcZiGdGkaLGTKvDdmB3YNuwlU5/W+zx52tEYGqn8:l2P3io39PZigGz6TKJi+Z293Gtj"""," ""T17125D6AC751031EFC867C2AADAA86C64EB61387B431F8207902715ED9A0DB97DF145F3"""
2022/11/9 16:46," ""781b4c78badb1c255fd4f4178906c0f775709ad02a7b381e5c2832c414df447f"""," ""bff6fedcbb2e259990b55a98eeccf39a"""," ""17666c4ea85d5a388bd3f2f46b43ec4a8de1b97f"""," ""abuse_ch"""," ""DHL 007948998401.exe"""," ""exe"""," ""application/x-dosexec"""," ""SnakeKeylogger"""," ""n/a"""," ""48.61"""," ""f34d5f2d4577ed6d9ceec516c1f5a744"""," ""12288:S/7IXPod2iNzqGwHUYe2W7v1+cYIj+bt4dAEU0FQZL39oo3F5/W+:Shd1cGwHUYehdPj+bKCEU0yV3io3F93"""," ""T1C4E4125C62B14E58E6FF4BB5F055041083B8B843E18BE3DB9EC669DA2D523F8890D787"""
2022/11/9 16:45," ""8fe1fbda137d7d1a5ee48332b6c076a9536537dd660239a251c1877ed886f0b9"""," ""7ba83f0f99cf00e61615b602d5d2c548"""," ""253a2e52a709997a4d226a88eac8ca9c71acb331"""," ""abuse_ch"""," ""e-dekont.exe"""," ""exe"""," ""application/x-dosexec"""," ""SnakeKeylogger"""," ""n/a"""," ""43.06"""," ""f34d5f2d4577ed6d9ceec516c1f5a744"""," ""24576:2243io32LfY4alYoPHl8xRkKStl0T93KtB:USomYtlYoPHl8xRWq96tB"""," ""T1F85519D8711074DFC867C2F6DE682C30A6913C6E432F410A901736DEAA7E793DE199A7"""
2022/11/9 16:32," ""5858f01bcc7b7e57d7705e26201eae641421dee20244d1a40005123938e6216c"""," ""9c326fde80825aec5eed4a7eef7d407e"""," ""0b323168cedd8ad65746fa917806540dc0ce8c70"""," ""abuse_ch"""," ""9c326fde80825aec5eed4a7eef7d407e.exe"""," ""exe"""," ""application/x-dosexec"""," ""SnakeKeylogger"""," ""n/a"""," ""36.62"""," ""f34d5f2d4577ed6d9ceec516c1f5a744"""," ""24576:F5mMC/t39hnWj8g7sJQgSvhcAHvABxMC9oh:F5m7VNhQ5fvhcgv6r9I"""," ""T13525E0285FEA5E1BD6AD43F5C00526509335E213E28EEB6F0ED400FE0D6A7A4CC9D65B"""
2022/11/9 16:32," ""54933c48dcb2387600abe3a527ebb21ea93927134b38a014afdb2ba44d8c1fff"""," ""19faeb967832ae9fce598dba4f6134b6"""," ""542fff59d8a0ec846a54d011c8e5c8e819ccf6cf"""," ""abuse_ch"""," ""19faeb967832ae9fce598dba4f6134b6.exe"""," ""exe"""," ""application/x-dosexec"""," ""SnakeKeylogger"""," ""n/a"""," ""35.71"""," ""f34d5f2d4577ed6d9ceec516c1f5a744"""," ""12288:YrNjY5GIXfs/7S9jAQNaqJZVMXGvj77Rcr0GRgm+UABI9FR1S1BkybEr43IraVaB:YIsjSeKZVZvj7qvLbl1h0Y4aElk"""," ""T14D25D02C5FA05F9ADAAE47BAC11215109336D216F28EF71F5AC400FC2E66760CC9F697"""
2022/11/9 16:32," ""30ca5c0516711096dfef3a19f0552c7c3141afa626061705723caf97e176c9a7"""," ""9754516ebb1491e0a773e453a68dae4a"""," ""d95155fd8f16b66671d643e3236b3763b4f2b246"""," ""abuse_ch"""," ""COLL-670646124-2022_10_31-23_43_39 htm.exe"""," ""exe"""," ""application/x-dosexec"""," ""SnakeKeylogger"""," ""n/a"""," ""n/a"""," ""f34d5f2d4577ed6d9ceec516c1f5a744"""," ""24576:I3d1E3io3F931/tB5ePYsp0+0J0d3oFAil2Qw:SiSoV9l/D5eQsf0J0to/2"""," ""T19B156ED1F150C89AED6F0AF1BD2A643021A77E9D94A4810C569EBB1776F3352209FE0F"""
2022/11/9 7:11," ""83766eb3d1b9de9f4360d4bd3d9b9348041b37d6e09b2aecc15185520208cd9d"""," ""039c1819b0ee78ae113548e75ba59061"""," ""dc97c48f8fdab0f890c3671d84f6db1928e97ba1"""," ""abuse_ch"""," ""039c1819b0ee78ae113548e75ba59061.exe"""," ""exe"""," ""application/x-dosexec"""," ""SnakeKeylogger"""," ""n/a"""," ""41.43"""," ""f34d5f2d4577ed6d9ceec516c1f5a744"""," ""24576:cmsmYmsmHqrc48+IoYMvkOJnqu5VBs3io3F93huRBo:cmsmYmsmMrhIMv535zsSoV98o"""," ""T13825AD243B505D49E56E077990708C24A374AD1ED15EE76D0BC432AF4EFF32EBC1A68A"""
2022/11/9 7:11," ""c747fff018734130ed9ea73cfe40edd1fdfe417c19a45be0818861a0b878b8c4"""," ""73a8fc44143f54db0859e581a8979811"""," ""d6878696067be8596b58a04aa55fb4031bd1b356"""," ""abuse_ch"""," ""DHL AWB 9738939976.exe"""," ""exe"""," ""application/x-dosexec"""," ""SnakeKeylogger"""," ""n/a"""," ""n/a"""," ""f34d5f2d4577ed6d9ceec516c1f5a744"""," ""49152:wsti/N9imMBG36inUhlMgi/ECdHo2GF2adVIz7aWffmUdWk:WlImMs3jnU/MF7IOaYXaWJdW"""," ""T1A3B533F1F4A19DA5FC4663B308258F144406BD4C81EE991EB4813F3F7AB735724BAA92"""
2022/11/9 7:06," ""8f6910c2c42d4d5aef3cd7ffa5bb4a70e15c2b32e35d465be19a68ffd872b60b"""," ""da012a5a1d12e4f25ea16b58a7bfa18a"""," ""45e755fd9dda72f45f68186edfe3aeb907f79c42"""," ""abuse_ch"""," ""da012a5a1d12e4f25ea16b58a7bfa18a.exe"""," ""exe"""," ""application/x-dosexec"""," ""SnakeKeylogger"""," ""n/a"""," ""29.17"""," ""f34d5f2d4577ed6d9ceec516c1f5a744"""," ""12288:UAHYLU/UhMIDDoOpG4W1501/x7HAKFvfWgVqNXex9pDjc:H4Y/U6WMIG4W1501/pnf7Pjp"""," ""T1BA2559642B4ACF0AE1C9DE31A471D1F007D29C7A6C6DBA81E2E43FB73572DA2D95C142"""
2022/11/9 7:06," ""44ef6929139229baffe966a8f2facca112903f143106b56b6afae3e0ae94276b"""," ""a9b0ce19022f485418ee2a462332e8bb"""," ""85eb607d13d6c6d8366f637bb6ab3529f777c8e4"""," ""abuse_ch"""," ""SS83234567890.exe"""," ""exe"""," ""application/x-dosexec"""," ""SnakeKeylogger"""," ""n/a"""," ""n/a"""," ""f34d5f2d4577ed6d9ceec516c1f5a744"""," ""3072:9qmCDoekTannri9bVtSeaWujgqVDY50mYjkqjdIc31aDDuMxsRpcYcZio3nnxt4z:YDBkuri/tJaWFqmammj+ZHuMcpGtx0P"""," ""T14F64F124A30DE373CE3C73B05471994403BBBDEAE560EA9EED95B6C821B2F111592E47"""
2022/11/9 3:31," ""f487cf6d998c562d6d43424c23df0d8648860e77a37c1bd0403a63833ee12cff"""," ""920b705e86bffeb6e7ef6ba8cdf17cfe"""," ""3d88b7debca8369a982d5ce6ec2b3ab50c360520"""," ""zbetcheckin"""," ""920b705e86bffeb6e7ef6ba8cdf17cfe"""," ""exe"""," ""application/x-dosexec"""," ""SnakeKeylogger"""," ""n/a"""," ""40.28"""," ""f34d5f2d4577ed6d9ceec516c1f5a744"""," ""24576:CsE1K8DJKM4cSqxJ9bhwKkAg+Frw2+JOHG9We+SqrhvvGG:REBJHTJ0hAg+FreOm9n+SqrhvvGG"""," ""T1B135E0213274DB17E0BA97FA653164A00BBE7E96692DD6281DD039DE0A33F414F18F63"""
2022/11/9 1:03," ""6379623552f5d0965d8cfe83f3725942907a9b26766e3e6cb5e27258b1e120d9"""," ""6f2e8519fa167fdda8f00e5c2646e6da"""," ""ff012c29fb84e551ab754675d0a0bf237a1c9a48"""," ""SecuriteInfoCom"""," ""SecuriteInfo.com.Trojan.DownLoader39.61726.22217.24044"""," ""exe"""," ""application/x-dosexec"""," ""SnakeKeylogger"""," ""n/a"""," ""62.86"""," ""b76363e9cb88bf9390860da8e50999d2"""," ""6144:PBlL/aWVqB0mVnS3LC9JAEAyYix1jspcL5M9JEHLH+jiGNTR8HW9w1h+iJX:p5W0m83uHT7LScL5MsrYiGtR8HWGhL"""," ""T17DB4D0D2F11045EEEC6A073274270DA249931CBDE6B9D15D71FA33227BF62A3402A95F"""
2022/11/8 22:39," ""54d7590201b896cf43690362e083fb71afba0f102b23ca5c90990072a89ec011"""," ""5f3817b68524229a8487f137a61bc297"""," ""848eb279905e935cec75663a1d8556842f06864c"""," ""jstrosch"""," ""file"""," ""exe"""," ""application/x-dosexec"""," ""SnakeKeylogger"""," ""n/a"""," ""26.76"""," ""f34d5f2d4577ed6d9ceec516c1f5a744"""," ""24576:ksE114VcHkqoOzUPuQskUMrO0fDgn5XDvH/sD31hv:zET4akqzUmQskri005XDvH/sDlhv"""," ""T1C835E06173A8DB27E0BA57FA653064600BBE7E96691DD2281CD139DE0A33F414F19F23"""
2022/11/8 19:17," ""479d6d3179e41f5b8e6f331c099b5668dc92df52aa43790167f59f192e0d8db3"""," ""4b3d1d75c7b7434f7500d287588d73d9"""," ""6b1d1acfa0ea0449610187a0d7dbfa8423cedee7"""," ""GovCERT_CH"""," ""belge.exe"""," ""exe"""," ""application/x-dosexec"""," ""SnakeKeylogger"""," ""n/a"""," ""44.29"""," ""f34d5f2d4577ed6d9ceec516c1f5a744"""," ""12288:KcIxQiv/HN6EL2z7L/y/d3E6jRwO0kZHgXCDS7OPVRSWe:KcqnTyz3qFHRwO0kKXCKOtYD"""," ""T191254DDBB150A8DADDB70DB1FC2A663010926E5C5464830F15AEBF1736B335A219FE0E"""
2022/11/8 16:32," ""331bbb0be69a6dd82555b23ee94a57060e69b1a9e71ef7bd65dea2e0847ef88b"""," ""f95022061d3279e1d8dbbfbd849db02a"""," ""e56bab126a28fb826eaa1da5d89f151f2c262df0"""," ""zbetcheckin"""," ""f95022061d3279e1d8dbbfbd849db02a"""," ""exe"""," ""application/x-dosexec"""," ""SnakeKeylogger"""," ""n/a"""," ""37.50"""," ""f34d5f2d4577ed6d9ceec516c1f5a744"""," ""24576:WTxE15FwP9wBkiiJ3yJYdaXPep1PZBMeKRBo:+xE/ewBkbJ37DGo"""," ""T15635CF543B508E64E96F077990704C24E3729E1EA4AEE7191AC032AF4EFF72DBD095D2"""
2022/11/8 15:36," ""35cee2022882d526edd3e6875100533418235040405ec907f6df3e72a01e18d2"""," ""a63882feeda3fcf0c7d80230cb18062d"""," ""f6243297adfa01ed2ae2bbc5cc9851a706ad5d11"""," ""abuse_ch"""," ""DHL-0079488601.exe"""," ""exe"""," ""application/x-dosexec"""," ""SnakeKeylogger"""," ""n/a"""," ""45.83"""," ""f34d5f2d4577ed6d9ceec516c1f5a744"""," ""12288:CUEk4RSIvxAMra+8f0o2+SF7Vvg6fTMB8CwZcQ93h7uybSkzuJPmeUid:CUURaMe+8f0Au7nIB8b9luSyJue/d"""," ""T10A25C0A034702FB9E67EDFF68268261483F32DA5625AF64E4CE470EE1573F924620D17"""
2022/11/8 15:36," ""4b28969cc4f30f407d15a6d462105ac3f164585ae720d35a8249bd5c91fc51d5"""," ""e8e28471feeab2c0f64f1663f906d229"""," ""4d11a606449f6432044b6e4658d73e7d1e9ae930"""," ""abuse_ch"""," ""UPS Ship Notification 1Z1E31.cmd"""," ""exe"""," ""application/x-dosexec"""," ""SnakeKeylogger"""," ""n/a"""," ""n/a"""," ""f34d5f2d4577ed6d9ceec516c1f5a744"""," ""12288:BUEkeDhAIdTzw/4I1l9Mwg0kmcW07GXqjmnnlfmLQ3K36FPJDBE24e9lEo:BUKDsvMK7uyJnlq36LX4e92o"""," ""T13C25BFA034701FB8E67ECFF29669166483F32DA9225AF60E4CE170FA1573F924A50D17"""
2022/11/8 15:35," ""7b59387424fab533c46c56bc259e1804ce9a2524fef9158a3ff479d6bf1043ee"""," ""f9640a798354465bc64fd08b9de50402"""," ""cc05ffae9181538f786d37b614ebc53ef3b36d87"""," ""abuse_ch"""," ""UPS Notification Letter.cmd"""," ""exe"""," ""application/x-dosexec"""," ""SnakeKeylogger"""," ""n/a"""," ""n/a"""," ""f34d5f2d4577ed6d9ceec516c1f5a744"""," ""12288:MUEkQPPR7qIa+Xsjd7eR+s7rc0ZLlUwYEyOOQhlKgdJegcxePOJHcqtFA:MU0ZqeXgd6R+qc4xnJhU2gPkOJHch"""," ""T11825BFA034B01FB9E67ECFF64624266483F33DA9625AF60E4CE170EA1573F924660D17"""
2022/11/8 15:35," ""ed70d26100b509a7b74ae7b12260c679a05a6bad291a5e40ef6a44a9fb3fdef7"""," ""8ed06fbf3b32cf9527d6997156590190"""," ""c3cc3069def00c580afa04bf911d1b04a0204d4c"""," ""abuse_ch"""," ""Ziraat Bankas Swift Mesaj.pdf.exe"""," ""exe"""," ""application/x-dosexec"""," ""SnakeKeylogger"""," ""n/a"""," ""n/a"""," ""29b61e5a552b3a9bc00953de1c93be41"""," ""12288:eferyoul/Zg6YuA3bIUE1FH4PJZhr3MKnkUqwSlJZRQbLv5BnPg5qC3hnuMd9A3+:emr1ul/zYuOboLHSfhDMKnkUTgZGLvbI"""," ""T142F4234399A5E107FC8A4A3986665735DBE2CE87102F4E5F079CF76B67F7302A12201B"""
2022/11/8 15:34," ""5184dee4018720301d37bc49fcf46eb957a4e847294902e90f34dcb277d36e2b"""," ""77eefe2eaa23e4dee99f9d68623b0a57"""," ""1a5fde14b4e267a767f7afce1ea5ea4ab4ec3b3e"""," ""abuse_ch"""," ""Hesap Ekstresi.exe"""," ""exe"""," ""application/x-dosexec"""," ""SnakeKeylogger"""," ""n/a"""," ""54.17"""," ""f34d5f2d4577ed6d9ceec516c1f5a744"""," ""24576:gU2TyFn4J02jnJpvA1jdnBcT8YBbAJM3ilx:CTyR4BtGXw8Y1Ol"""," ""T14B556CD070604EA9E97B8BF2AD2A653013F37E9D50A8D10D5DD976EB26B3342105EE0F"""
2022/11/8 15:26," ""dd1c9336b79c38138bb107ccb4a8baf9b1b3b2fd959b9f2ae93cba684707cb8c"""," ""88d3fda27bd1d91c526189a9ea40e2a2"""," ""2fce59377ae224087fcbb9b17241243c0fdf1991"""," ""abuse_ch"""," ""Receipt_20220913155706.pdf.exe"""," ""exe"""," ""application/x-dosexec"""," ""SnakeKeylogger"""," ""n/a"""," ""30.99"""," ""f34d5f2d4577ed6d9ceec516c1f5a744"""," ""192:V8mG99JGbXExe+6ZqPIT7QrPUNpxLX6A2vZK63A1h7Vq41uR6CE4XcUaIXCZC3xe:V8HJGbanAmIQ4BLYvnR6CPc2xx1D"""," ""T1C0725A126A5CE2B2E5ADCB7F98D6EA0097F4D3061567CB8FB08003077D03795CE667A4"""
2022/11/8 15:26," ""9d6f62dde12da038355490fdfde404e87945fc8605ce11985269ea784c3594c6"""," ""588c529e1c3711d6c25ca08f4fd92b3a"""," ""ef884890653e5c71e0580c4cc58c7dece2d745e2"""," ""abuse_ch"""," ""Halkbank_Ekstre_20221031_075819_154055.exe"""," ""exe"""," ""application/x-dosexec"""," ""SnakeKeylogger"""," ""n/a"""," ""43.66"""," ""f34d5f2d4577ed6d9ceec516c1f5a744"""," ""12288:qUEkXfB8z4bKsxmDJWFEC84nyLKBrnPvCD5csOU/VHaDiW:qUrJ88boDJ084yLyPvC9csRtaDl"""," ""T110455CD070604EA9E97B8BF2AD2A653013F37E9D5098D10C5DD976EB26B3342205EE1F"""
2022/11/8 14:55," ""14525ad7046164b44c2e52b75a6684b9cee3d0d699b1ad2451b780d63e2ab218"""," ""8e16f8a6aa2734185d7f5ab4c75d6447"""," ""248da8cdd01a716c11c66c9861883e7c723da87b"""," ""adrian__luca"""," ""14525ad7046164b44c2e52b75a6684b9cee3d0d699b1ad2451b780d63e2ab218"""," ""exe"""," ""application/x-dosexec"""," ""SnakeKeylogger"""," ""n/a"""," ""58.33"""," ""f34d5f2d4577ed6d9ceec516c1f5a744"""," ""12288:wXOVh71BEfr7BdDTp4kX7sQc+ZAoyBqmQEyLRhH:w+lBEvXAzuAoyBCEyL"""," ""T1BCB412A87B1536EFC82789758C5C0C24B72068BB634FD28360972AAC5CAD95FDF115F2"""
2022/11/8 14:49," ""269135909706b22a5060b5d53ecea40ffa8d1fe1d1f13fe80062bcb37db09918"""," ""0f2c6b78d8990982708912f64327220c"""," ""1ab24b799dfd09608aa222ce5972e61a631c6135"""," ""adrian__luca"""," ""269135909706b22a5060b5d53ecea40ffa8d1fe1d1f13fe80062bcb37db09918"""," ""exe"""," ""application/x-dosexec"""," ""SnakeKeylogger"""," ""n/a"""," ""50.70"""," ""f34d5f2d4577ed6d9ceec516c1f5a744"""," ""12288:Ph790jc12eI6lsiWW8sNas5R9Cz5thlXgWfmEyL:4cfI6fWIN/9CNflXgYmEyL"""," ""T1D0A4233A9616A3B3CA8B13F8FD5F0B471B734945E2F194FF6A4DAA5801B390951054F3"""
2022/11/8 12:25," ""8482b7bc62650fb0a7b485e4edccb50bd0d9f4880fec06a31071635bf4fbb0d3"""," ""bd039c2a8bb1715b30e5dc7e79c918b6"""," ""01567f780a70e06ca42c0ca96474110344a1cbe1"""," ""adrian__luca"""," ""8482b7bc62650fb0a7b485e4edccb50bd0d9f4880fec06a31071635bf4fbb0d3"""," ""exe"""," ""application/x-dosexec"""," ""SnakeKeylogger"""," ""n/a"""," ""42.86"""," ""29b61e5a552b3a9bc00953de1c93be41"""," ""12288:8aZ3xzvHcMMQA6VHbr/pBYaO6D7zkoT+lqp/7Iu/O2ybZx9Y9rl7jjGHL:8aZ3xzv5lbrRBjZlT+lQTD/O3BArRCHL"""," ""T1E5F4EF362D339005FFFDC2347DE2B394826479BE98C90F86D604BACA39B72D64674562"""
2022/11/8 11:39," ""bd101151493572e15312c745f4216063668d99a1ac5d24584595975eb5ecde1f"""," ""95cfc9199d7fe91437b2d24037ba5d40"""," ""0a166a0958bf6970dd4a334baf7d3ec37b6f5219"""," ""SecuriteInfoCom"""," ""SecuriteInfo.com.Win32.PWSX-gen.7320.25388"""," ""exe"""," ""application/x-dosexec"""," ""SnakeKeylogger"""," ""n/a"""," ""n/a"""," ""f34d5f2d4577ed6d9ceec516c1f5a744"""," ""24576:GUaeFVsQm75RmRRVLdmQX2oJIC+Vm7wfCPV:IQ+TjmHVotC+VmcfCP"""," ""T1C725BFA034702FB9E67ECFF286691A6483F32D69625AF60E4CE170EB1573F924520D17"""
2022/11/8 10:17," ""9f5da29a4b91ad8996aa600ac824a5667400dde0076bdff5c5b27652f0df000b"""," ""8079de36ab25abb7ddf26af913359591"""," ""1dc683ecea53a59851617942bc7b7c5823cc5393"""," ""GovCERT_CH"""," ""Payment details.exe"""," ""exe"""," ""application/x-dosexec"""," ""SnakeKeylogger"""," ""n/a"""," ""44.29"""," ""f34d5f2d4577ed6d9ceec516c1f5a744"""," ""24576:DpgPMp/xaBWsPqxMLdAM3zJIAEgSv5TVZ+H:eMF0QMv3FnEgSh"""," ""T1C0057B609E3B4A06C5E5507791B7AC0A39F07E17F809D9B53E583188F3923FCA613E66"""
2022/11/8 9:39," ""454372ac55268a8141c6e02573cd6e7afb216af6d5cd3e30b05f26e2f931d2e5"""," ""88394121a015f510aed55bd4f576dceb"""," ""413f4887da76bf7be7fe26a4caeb52efa4f91286"""," ""SecuriteInfoCom"""," ""SecuriteInfo.com.Win32.PWSX-gen.21051.32558"""," ""exe"""," ""application/x-dosexec"""," ""SnakeKeylogger"""," ""n/a"""," ""n/a"""," ""f34d5f2d4577ed6d9ceec516c1f5a744"""," ""24576:rUumxZFh9AXJKQgd4L461WhnA5mJ594B/ot5:DG004R1Whnim5uB"""," ""T11825BFA034B02FB5D67ECFF68629165483F32DAA624EF64E4CE070EA1573F924660D17"""
2022/11/8 8:40," ""eeee70d0a88095478c4ab938f5954151a3f18b86ecf23b2cd3ade775a1e5c9de"""," ""83169a81c18b97e907f405838ba7b4f6"""," ""9fcabfb0787dd030b7b812bfcc1a062619727d12"""," ""SecuriteInfoCom"""," ""SecuriteInfo.com.Variant.Strictor.275740.15579.12532"""," ""exe"""," ""application/x-dosexec"""," ""SnakeKeylogger"""," ""n/a"""," ""49.30"""," ""f34d5f2d4577ed6d9ceec516c1f5a744"""," ""24576:4U9AWryAI8mUIE8OFdEIrvwh77tzJ8k2:RBlIE8u7MpJ6J"""," ""T132556DD070604EAAE97B8BF2AD2A653013F37E9D5068D10D5DD976EB25B3342205EE0F"""
2022/11/8 7:02," ""e4ca634fd909ade2e92560c959a6585b19e050d06b09cf69faebd37529f4abbe"""," ""4c7309cbc7ed4b265e2146bf0b073911"""," ""0524eb2dd2bdd8f51e0e2d20f2018560e67af180"""," ""abuse_ch"""," ""DHL Airwaybill.exe"""," ""exe"""," ""application/x-dosexec"""," ""SnakeKeylogger"""," ""n/a"""," ""n/a"""," ""f34d5f2d4577ed6d9ceec516c1f5a744"""," ""49152:J+AYf+GBYeud5YULMyNoIvc72HfBFLrC0B8MkNl:cuvwBIvZvCw3kNl"""," ""T1CFA5BEFC891FBDCBF4669B390D52A1415C146DCF9DA6BF01820E34A0927658FA3A6DCC"""
2022/11/8 6:56," ""91cf869fcc307366426f34deec69f87b925e834fab6c7df15526882c2d6626be"""," ""480996743c270eb338fc88cefe4cc856"""," ""b6e63f782695ee1dacecb347e3b2bc3da14942f3"""," ""abuse_ch"""," ""480996743c270eb338fc88cefe4cc856.exe"""," ""exe"""," ""application/x-dosexec"""," ""SnakeKeylogger"""," ""n/a"""," ""72.22"""," ""f34d5f2d4577ed6d9ceec516c1f5a744"""," ""1536:8FlAi3bCo1sI4SSGP0NZu0eLTxJS45Osfeyf8+Y+b/UUSQTMM3piOWBlpF0Kcl:8FlAi/s+PkZu0eLTDh8+Vb8QwBlpFbY"""," ""T144C3184D3BF88904E6FF8A7311B15215C7B9B95209AACE1D1BC1F859297C680CE27F93"""
2022/11/8 6:56," ""60af9df81cf538b49e2411b69acfbcd2df44edffa4c4912e16c64d2618d22a8c"""," ""017d37014a8a11b41bd5816579ba4170"""," ""b6e8c755d2b42dcc3de86155a26f7323bdcb4ffe"""," ""abuse_ch"""," ""NEW BANKING DETAILS.exe"""," ""exe"""," ""application/x-dosexec"""," ""SnakeKeylogger"""," ""n/a"""," ""53.62"""," ""fcf1390e9ce472c7270447fc5c61a0c1"""," ""24576:CAOcZOXCJF/YIOQlTgshPh6I0lYglQTQD3+L8Fh:IgJF/Yu5+lYgaG+L0h"""," ""T1E155D031EF72C4A9C8759AB0DB35A706CD2B2F102D3D8BDE2394349D4631972A7DC692"""
2022/11/8 4:52," ""62807c3f8896bab3bad4537ffc327dc1775e250c0f0d8822f2df585e843e3f47"""," ""957bc32e2ca5f831d9be29117e32e4a4"""," ""82522af73bdc1c8bb18cf5b3d8d1f905afff7da9"""," ""GovCERT_CH"""," ""IMG-550001-LIST.exe"""," ""exe"""," ""application/x-dosexec"""," ""SnakeKeylogger"""," ""n/a"""," ""28.17"""," ""f34d5f2d4577ed6d9ceec516c1f5a744"""," ""12288:rHnWxQir2iNu27toeMPVRSAA/+AWSL28Yohv4hSBtaM4V3a0wkPxUQkeuZ:rEr18aHMtYN/n+8Ykv4hSBtaF5wk5fUZ"""," ""T141F40207F722EAE8E92903F458315C522B72EE1AA8ACD96C1CC536EA4D74383415FDC7"""
2022/11/8 3:18," ""9c5f4f464204dee9f965c7a9649abda3cc2c374fb445937427779ad7f0a3bba9"""," ""c1090e1cfcfed852268f5fdfae9be2c3"""," ""748be22cf141a784d8f3b4b540efb0f03951be42"""," ""GovCERT_CH"""," ""MAWB PDF.exe"""," ""exe"""," ""application/x-dosexec"""," ""SnakeKeylogger"""," ""n/a"""," ""50.70"""," ""f34d5f2d4577ed6d9ceec516c1f5a744"""," ""12288:AgC6yb0gAtfzPrltu64eWKXHDute0rmiiQmx/vQcZectbbz33XosU49E1gHEB/Tr:JtTnKTkxbD4sUKECHUTvMToLJ7RzUi"""," ""T16F35B0153A7A6825F0E75633C7D6A8B84FB5FD226103D51F38C7338B8213B89CE855A6"""
2022/11/7 23:19," ""b47aa7b5477954f8d297266a203475a4e9f7b1152cb3a804c29402511157848e"""," ""77a67658ede353bfd8d528699a8fc145"""," ""bf632ced1a288988eff5566e8cb5253f34268f70"""," ""SecuriteInfoCom"""," ""SecuriteInfo.com.Variant.Barys.32009.4752.18764"""," ""exe"""," ""application/x-dosexec"""," ""SnakeKeylogger"""," ""n/a"""," ""50.00"""," ""f34d5f2d4577ed6d9ceec516c1f5a744"""," ""49152:YwNy1RLrzUhSEpiBEpHXAbQ20bvpdkRKyY/4kljQh3W6HtAOK:fY7rUhrpiIUQ20bvpdkRKyY/4kehmQtj"""," ""T136A5D0BF5D20C9FAE09A4F72BA9901C84250BD7900F4196A7C3D58E33B62D8319657EF"""
2022/11/7 18:57," ""58fd850405d91bc203ac92fc156020bee43051739ce29e8575cf1fcc4b723ce4"""," ""9b56161c9f937a22c8e27b5243dbf837"""," ""10e76edbc12f311e9b31cfe87ff756fd73e4e403"""," ""GovCERT_CH"""," ""DOCUMENTS09482.exe"""," ""exe"""," ""application/x-dosexec"""," ""SnakeKeylogger"""," ""n/a"""," ""45.07"""," ""f34d5f2d4577ed6d9ceec516c1f5a744"""," ""12288:ZJWxQir2iNv27toeMPVRSguHbDirRi3LfUN+BgLmFAhVdUR03ofS:Z2r1FaHMtYgOHirRGZBgLm2"""," ""T19C256DD1F150C8DAED6B06F1AD3BA93025A3BE5D94A4810C559E7B1B66F3342209FE0F"""
2022/11/7 17:17," ""8149c65930ce8cb22dfae9e6d18506abeefd8164fa13351e034c6fc9f844308e"""," ""ef307b811cc3fc15b0fae4b831023799"""," ""e15d3ef3fe272adb2632e319053e48fd1df0f56e"""," ""GovCERT_CH"""," ""Invoices - Past Due.exe"""," ""exe"""," ""application/x-dosexec"""," ""SnakeKeylogger"""," ""n/a"""," ""43.48"""," ""f34d5f2d4577ed6d9ceec516c1f5a744"""," ""12288:OlBGeWKXHDute0KiZQed/GZvtSuOvnAXWkiInSk56qmtqMOyxrGVpKPBQ01:OL5Jia9ZOPlBISI8INBOQm"""," ""T19E259F2439A9563CF07ADF704BD1F075CBFAFD329617ED6A2890324A4632A40DF51639"""
2022/11/7 17:13," ""dacd4c3fcc709ea06487613f8921bbce9714e551ed5e3b3f9912b3c159b44b65"""," ""b6a22b13579affea77cb7b538a39d3f4"""," ""d0bf9b7ad7d4a74e640df3df3183287129132f25"""," ""SecuriteInfoCom"""," ""SecuriteInfo.com.Win32.PWSX-gen.15328.14605"""," ""exe"""," ""application/x-dosexec"""," ""SnakeKeylogger"""," ""n/a"""," ""29.17"""," ""f34d5f2d4577ed6d9ceec516c1f5a744"""," ""12288:70f4sKsTwcK6StRAcjyWm0/t7vzC6oUSjTZwQzFpn:QfFKsTw/DAcjyWm0/tfCHZbFpn"""," ""T1A6F4CFF8084036F4EBAEDF32D56D2F6896631DA59382F60F1090B5B11A337E39265C5B"""
2022/11/7 16:47," ""632c422039da363564777fa9306f420594bc54f3fe0ac2e597d26f60cadc8cd8"""," ""3699b6dc9f2840327300279356b03296"""," ""3d035d0a2c1228c93702c46bda59f10f2d1fde94"""," ""abuse_ch"""," ""SWIFT Transfer (103) TTUSD714519.ace.exe"""," ""exe"""," ""application/x-dosexec"""," ""SnakeKeylogger"""," ""n/a"""," ""42.86"""," ""f34d5f2d4577ed6d9ceec516c1f5a744"""," ""49152:jPc7MqgpRwx3X/IIS2alBvWI2fu+ACcYdaqawN6eEB26n5b5V:jEgqg8X/a2GlCciaNwQL26n5t"""," ""T17DA5BEA2031F08D95F0544D5C3D681EDECDCB960E914667A94E2E8F7E7D80EC12CA9EB"""
2022/11/7 16:47," ""64c749751bffaa96432c647beb4f8ed81a7c811bc6dc0a6763f44455a7c4d5f3"""," ""36ae764df107044a6f5166e589a74930"""," ""bf73c36cbd4aa32c4cf53973372d8a3f35ca8460"""," ""abuse_ch"""," ""Re [EXTERNAL] DHL Global Forwarding - Overdue account letter.exe"""," ""exe"""," ""application/x-dosexec"""," ""SnakeKeylogger"""," ""n/a"""," ""26.39"""," ""f34d5f2d4577ed6d9ceec516c1f5a744"""," ""12288:0TNQIWKXHDute0IsMoz//OJ2LITg9+pnfgMus6ONGu7b22UxfE8NtIUaKpp4JrQ/:0h5jsMoz/m88oTsXNZ+z/YKpvia9EK"""," ""T162259D28EBA5ED38F0329F310BD3F57586E6BDB15E01D09B3961234A1673E808E9D536"""
2022/11/7 16:21," ""005ba396358f3e9ab38fe29e3f81a06e24bbd12690a04b4eaae2bbb93d348240"""," ""9460f083175e903bb250056b776fd784"""," ""57f803c5c0e8d627f0a4dedb3cefbec6e10be7de"""," ""GovCERT_CH"""," ""SHIPPING ADVICE#QINGTAO SHIPMENT202211.exe"""," ""exe"""," ""application/x-dosexec"""," ""SnakeKeylogger"""," ""n/a"""," ""36.62"""," ""29b61e5a552b3a9bc00953de1c93be41"""," ""3072:WwJSq+ytGIon9KccWpvoMA56tVtRpZsf/c20gH5n8m3s391L/DGmyn5AuWHL+TMw:jEa0iWrMeVTHEggq391LL74WwoufALWN"""," ""T161848B362C739055FFFDC2387DD1B394826439BEACC90F82E6447ACA35A72D69270166"""
2022/11/7 14:56," ""8e4ee0ec7d1ac518e6f583d03c62b7d89978f2a0df7f5d1e50e709fe7a91a512"""," ""66617b2819a0e0789e60a888ccd71ec1"""," ""1c06be549688dbcca343c3d0aa3e12477e8d2f3d"""," ""zbetcheckin"""," ""66617b2819a0e0789e60a888ccd71ec1"""," ""exe"""," ""application/x-dosexec"""," ""SnakeKeylogger"""," ""n/a"""," ""19.72"""," ""f34d5f2d4577ed6d9ceec516c1f5a744"""," ""12288:84xQiE2iNxAesgJDfKSCGyTG+c/VyYZxHKQS36CYUl27toeMPVRS:/E1nNti5ah/ZZxHXCYUlaHMtY"""," ""T16605D059B040C916D3091BFD3CB7F9536F617F056F10C211E87AB4AFA5A9621E288E8F"""
2022/11/7 13:20," ""4fa0b2f0de92f44a363b6dd07c8f3f43d336acc79891f41d88d5cc13b6566ea4"""," ""ff6637281171435e36fef0883ec0074f"""," ""2bd87685139101c138be6dc09fb8c516d7b3ee59"""," ""zbetcheckin"""," ""ff6637281171435e36fef0883ec0074f"""," ""exe"""," ""application/x-dosexec"""," ""SnakeKeylogger"""," ""n/a"""," ""39.44"""," ""f34d5f2d4577ed6d9ceec516c1f5a744"""," ""12288:WQPRmlxUAi1Jj9uSlvXzD/BZBT/8ZRgUT5WLCI8ua:WQGxdiESvXzD/6/Wp"""," ""T1D9C4AEF4085032B4EBBEDF32D5A92B6457A31D555382F90F1890B1F11A33BE38A25D9B"""
2022/11/7 12:22," ""72591e77bbafe38b00b3946db0ac4dfd559ff18a13562d6e58a9bdb10a668ae9"""," ""d590c6d5fdd04400034c68868519c388"""," ""f412414c628d6d054dcf32699790549b8bb43975"""," ""GovCERT_CH"""," ""PO48995.exe"""," ""exe"""," ""application/x-dosexec"""," ""SnakeKeylogger"""," ""n/a"""," ""40.00"""," ""f34d5f2d4577ed6d9ceec516c1f5a744"""," ""12288:OIWxQir2iNb27toeMPVRSOMxIbwRzUuC0ysfUo33usQ1tCaoBY:O9r1paHMtYTE+jCZsfUyY0BY"""," ""T11F356DD5F150C8DAEC6B06F27D3BA93025A3BE5D94A4810C559E7B1B66B3342209FE0F"""
2022/11/7 11:33," ""0277b5d4172fd48c3868e940683bfd9608d10fc147d83f872d9982be7c751942"""," ""e7b4a447365d4717f19abfc60fc7f445"""," ""b142fdc4cfff064ee2dd6b70f8b0859580b12a19"""," ""abuse_ch"""," ""e7b4a447365d4717f19abfc60fc7f445.exe"""," ""exe"""," ""application/x-dosexec"""," ""SnakeKeylogger"""," ""n/a"""," ""27.14"""," ""f34d5f2d4577ed6d9ceec516c1f5a744"""," ""12288:b0gxQiFZ1K+4nckdzqfuU1C0VKttgnoly27toeMPVRS:4iLs+XSqfxCKKtt1lyaHMtY"""," ""T12BC4126B3361C792DA394FFD9C72017367B2804D6830D2324DD9B5E95FB83A79B41A22"""
2022/11/7 11:29," ""d28e06e30e13b4ab8cf705e807e08d96d2c7be5e1ef0c87e0bd8f2feb4a7b28b"""," ""39987d2c69f1bd440a3f8e4daf04b923"""," ""e5b148ab98d270750bbab69f78193d09a9d26cf0"""," ""abuse_ch"""," ""DHL 0079488601.exe"""," ""exe"""," ""application/x-dosexec"""," ""SnakeKeylogger"""," ""n/a"""," ""28.57"""," ""f34d5f2d4577ed6d9ceec516c1f5a744"""," ""12288:D4JWxQir2iNM27toeMPVRS89KVY7WvqXOg4pWNKa+Lk2W6Sz+tDSp1VuZI9MUSwL:DJr12aHMtYIQY7L94pQ+Lk2WQtuvEZPU"""," ""T154F4025AF222FAD4E42943F568305D532F72E90AA8ACDD7C2DC6369A4875343418BEC7"""
2022/11/7 11:13," ""81b3ee48efd3c8cc795f8aed301eebc2dc9409a955b34be0d2248fd7a837a227"""," ""ad87f75ff91c44358851ddfe24c793de"""," ""f8ae83880f2bdf88bbd8aa4818fe67e8165b2034"""," ""abuse_ch"""," ""TT makbuzu.exe"""," ""exe"""," ""application/x-dosexec"""," ""SnakeKeylogger"""," ""n/a"""," ""47.89"""," ""f34d5f2d4577ed6d9ceec516c1f5a744"""," ""12288:oBwWxQir2iN927toeMPVRSRbMO98KwYIc4Elih5dM6yiOYp:o3r1faHMtYRL9V0c4mmOiOYp"""," ""T132356DD1F150D8DAEC6B06F17D3AA93025A3BE9D94A4810C559E7B1B26F3342209FE1F"""
2022/11/7 11:10," ""38662e4581c093a8ec9254756bd59aa99f8d579434034ace17deea99fe2eb27e"""," ""729d125562a9caf1b94319ee0801b3b4"""," ""49c3e41390e4ffa896f13b81a17cd8b7f3c637b1"""," ""abuse_ch"""," ""quotation.pdf.exe"""," ""exe"""," ""application/x-dosexec"""," ""SnakeKeylogger"""," ""n/a"""," ""23.94"""," ""f34d5f2d4577ed6d9ceec516c1f5a744"""," ""12288:bcWxQir2iNTL4xiOUfGyPI+Nc4ulM5663Rg55qkC6pWBmUTcaC527toeMPVRS:bJr1ENUfQIisH3MVFpWhw75aHMtY"""," ""T166F40257F622EA99E82D437928315D221B72ED19A8ACCD7C1CCA329A0D78743534FDC7"""
2022/11/7 11:09," ""fc692587b027b7079b3d977ce7d2a0ee54c7d871d396bd255a82baed734eb158"""," ""3171135157c2ef8315abb9d65ce05799"""," ""4d929f1581e7ab0153fe09722ef2964edf2b5568"""," ""abuse_ch"""," ""Swift pdf.exe"""," ""exe"""," ""application/x-dosexec"""," ""SnakeKeylogger"""," ""n/a"""," ""49.30"""," ""f34d5f2d4577ed6d9ceec516c1f5a744"""," ""12288:DsGOLsSJIW1+MdS2e7UgyZQXqWKXHDute0LvsmiiQmRPkebkiPEQa/FCGUr90efR:AGOLdWy5dYPFa4r3+h90XbkdiQ4/5"""," ""T10E457B5336279614E0A69632C7F5AE78CFB1AD6E6903C40EF8C1324A4F32789CF95C56"""
2022/11/7 11:09," ""ea3605219638f6d67dde5ccedc1d1c12bcbf26fdddab503cc497aed1fc2ad9c6"""," ""10d30331e0733e1ba40663312f090bdb"""," ""f11d9a44f1f6d4469099d299552269f5539744f9"""," ""abuse_ch"""," ""PO#8754302.exe"""," ""exe"""," ""application/x-dosexec"""," ""SnakeKeylogger"""," ""n/a"""," ""61.43"""," ""f34d5f2d4577ed6d9ceec516c1f5a744"""," ""12288:acIxQiH/m+f3U1JN9KEUF8CEg79aC8nfC6/SDd7OPVRSWe:acqfm+fiJbPfoaC8nq6/81OtYD"""," ""T174253CDBB150A8D9DDBB0DB1FC2A663010926E4C5464830F55AEBF1736B335A219FE0E"""
2022/11/7 11:09," ""4a2077c64b24049a2dfcfb0d2788d4160f1b21bdea9fa588ac69ed8fcd1ecd6e"""," ""034a8c241a6f4121d1e2d9d696ba45d8"""," ""e25e8429a57cccf40e9584732d453f9dd1138b8e"""," ""abuse_ch"""," ""technical drawing and specification.exe"""," ""exe"""," ""application/x-dosexec"""," ""SnakeKeylogger"""," ""n/a"""," ""36.62"""," ""29b61e5a552b3a9bc00953de1c93be41"""," ""6144:5Ea0ZjAaAFaF2lEeyVWox8d3jFTi7/mBmuYvuS4+:sjAa+a8lEey0GqTAdvuS5"""," ""T1C654F1C372C0529BE4411A796E7B8F21CA3B6F149D46B54FAB80FB6F1E772C16A0A444"""
2022/11/7 7:06," ""76bb047672915b6378f82db87a53b80be37aa810ac89b934b5c111e57601fc31"""," ""d529d45eecb09d51541f2f6dd8bdd241"""," ""5ae75fe97cdcafad98345875fda5e98b2aa2916d"""," ""adrian__luca"""," ""PF-34757-AY.exe"""," ""exe"""," ""application/x-dosexec"""," ""SnakeKeylogger"""," ""n/a"""," ""32.39"""," ""f34d5f2d4577ed6d9ceec516c1f5a744"""," ""12288:S8cIxQi2/zsZMOjzp3bEnSDt0dRRz4bv4E7OPVRSWeyCc:zcqQqvp3gSDt0d3z474EOtYDyCc"""," ""T18DF49CEF66A2B4ECCEF48D79F4756B0C06206E105A27A347247FFE26767522D4F40909"""
2022/11/7 2:56," ""790027b5d9e45f536c779d6527483930da9e3b5891f5a5767363d496a1d528cb"""," ""f3a5b02cf1e06f49223189a515c811f2"""," ""d462ee15c9ff740b6c912aec09bb97f079807410"""," ""SecuriteInfoCom"""," ""SecuriteInfo.com.MSIL.GenKryptik.TVQQ.tr.15340.30673"""," ""exe"""," ""application/x-dosexec"""," ""SnakeKeylogger"""," ""n/a"""," ""23.61"""," ""f34d5f2d4577ed6d9ceec516c1f5a744"""," ""24576:D5wJEPYgFhkdkzTwI6CJH/Kf/Fbp+ebI+xoi:qkhNT9C5pc+e"""," ""T1884549017756FA10E1E606F3C6C6ABA45E74AE113D01FCDA28D5A3CF4236BD1F8861A7"""
2022/11/5 18:55," ""b8848531fba261561cae57936e50512202d45257460805c92f2778331e0db85b"""," ""088aa61ca92897f64877f1731374d9c1"""," ""7064f508033dd99d1cb1b1ab8125da7dc8656b2e"""," ""abuse_ch"""," ""PO 87877654.exe"""," ""exe"""," ""application/x-dosexec"""," ""SnakeKeylogger"""," ""n/a"""," ""30.56"""," ""f34d5f2d4577ed6d9ceec516c1f5a744"""," ""12288:fcBkUYbebIqY3rjA0AeR8bJH4wuTEj1p3HU27toeMPVRSt:qYbSRY3rjmeRi4wdjfEaHMtYt"""," ""T1CA15E01F0AEA060BC6693AB845E4E7F7A39A9C41F817C24717CABD0BB877334D611395"""
2022/11/5 18:55," ""23147a614a485e4d60fb32e57bcb62e2229ecb0fcc7e8c754e0bbec3f880dfe5"""," ""061d9c583309a760001a38a422328eca"""," ""035dedefadeee72fe432ee0d26aa0f3d6ca3ae8a"""," ""abuse_ch"""," ""061d9c583309a760001a38a422328eca.exe"""," ""exe"""," ""application/x-dosexec"""," ""SnakeKeylogger"""," ""n/a"""," ""76.39"""," ""12115494f2c86ccfa8a7bf3471dfac33"""," ""3072:kqqaM97eOTPiK3DruiiwT/XbKjPM1817FlAi/s+PkZu0eLTkZ4nb87X9wBlJFbYb:PCteODD/TzKZxvp5nbkXQ3bs"""," ""T1ED144C597BF48820E6FF4A3304B19261CB7AF8110A56DD5F57C0B5292E7C680CE26FA3"""
2022/11/5 17:17," ""f2fbf3aacd32bdcd8dc22abc45d879eb863dff437484913e1242bb6f277f1b53"""," ""c28020982b43fea74340b4665043c770"""," ""debe3507c41afd17c75596fff0cc7bb049270536"""," ""GovCERT_CH"""," ""MIAA AGOSD advised.exe"""," ""exe"""," ""application/x-dosexec"""," ""SnakeKeylogger"""," ""n/a"""," ""34.92"""," ""f34d5f2d4577ed6d9ceec516c1f5a744"""," ""24576:Oq4J5Q96PzwYf58728MtpVi9reeoiazC:Z+wu5G28Mtpeeeor"""," ""T18F456B10B756F724E17547F2C690ABB55EB56E11BE00ECE828E0A3CF0671AD0FE425A7"""
2022/11/5 6:16," ""9d0ff50ebd77de7861b3770a71c3ddd6c9694b8c70fd2dd07aea0980f83d7247"""," ""d804e1fa74440622b7389f5675c374d5"""," ""3f113819d21e0fbc0604d19b6ea6a8a3d89359c7"""," ""abuse_ch"""," ""12220173387_20221104_13363111_Hesap0zeti.exe"""," ""exe"""," ""application/x-dosexec"""," ""SnakeKeylogger"""," ""n/a"""," ""43.66"""," ""f34d5f2d4577ed6d9ceec516c1f5a744"""," ""12288:VouHH1JT2iN+w2gHDN223afwaKnzZdyGz7r+bdHl7qGfSP:mu1t1R3aIaK7r+BHdqGU"""," ""T19D156DD1F1918CDAED6B05F1AD2BA53020A7BE9C94A4810C159D7B1B7AF3352209FE1F"""
2022/11/5 6:12," ""2ea8e7fe7b60fdc9a2d5edd1e71660d4bf60edff3f36576308b4bc1792e4d560"""," ""0dbbccfbf1d211dc4c9915facb9d3c68"""," ""abb208d9602c58d2b4dc3de5e28c7ad2b6c56a17"""," ""abuse_ch"""," ""ESTADO DE CUENTA DHL - 160656167.exe"""," ""exe"""," ""application/x-dosexec"""," ""SnakeKeylogger"""," ""n/a"""," ""28.17"""," ""f34d5f2d4577ed6d9ceec516c1f5a744"""," ""12288:UouHH1J+2iNhw29GfSHlAa3hY4JEhnUB1TM7f74ktX/q1/Mog3UgvctHodKKVeFl:Tu1Q1tG4lAWSKEhUB1S4t1/Moc3EtKKf"""," ""T17CD402F532E76D60C6BD937D84A254A003357E69A5B3EF1D108523FA8CA27A2C122DD7"""
2022/11/5 1:41," ""ee4b810a397867119685343b2367383e2f594179ee5a032a31aaca6fe353ec4b"""," ""4c0f5788733bd9e92b9e06178737339d"""," ""604f1f668e157a69ed09940b8c86e093e93f2fd3"""," ""zbetcheckin"""," ""4c0f5788733bd9e92b9e06178737339d"""," ""exe"""," ""application/x-dosexec"""," ""SnakeKeylogger"""," ""n/a"""," ""38.03"""," ""f34d5f2d4577ed6d9ceec516c1f5a744"""," ""12288:47V/yCO/DYrCVWK3W1wwdJBNJrm1Tbh50wby3fs2sFLTAehm8buS89Wh0VASDRgf:2ZujH+7/BPrmRvS18TAqbD"""," ""T13425E00EB6A1219EC52BB17849F4EDB7A755AC12F50BC20B12C73D4FB83F162CA116D6"""
2022/11/4 17:10," ""65d0c541425d117d3a7cae9f870b5d3b14968066e0d1af76a6a511b4022eae28"""," ""bbc670507beb28a487cbc9b1441f6611"""," ""22067cb494eb6923811929daad39ca4ddf881e1d"""," ""abuse_ch"""," ""PROFORMA INVOICE.pdf.exe"""," ""exe"""," ""application/x-dosexec"""," ""SnakeKeylogger"""," ""n/a"""," ""27.54"""," ""f34d5f2d4577ed6d9ceec516c1f5a744"""," ""12288:2wpL6ajmI9euStP7c/DuN9LJnM7klUKkRk0APfs2sFLTAehm8buS89W7Bm/2orYh:WGmI9ezIqN9lM7klfkRAd8TAqbD"""," ""T18015E10E7691655EC51BB17899F4EEB7A785BC12E50BC21B12C31D8FB80F262CB107E6"""
2022/11/4 17:10," ""d3cd2cdc7d4979c03daa0b92a90d18ba47089abc568c76e4a11c4067defd6b31"""," ""cb160e6059055b0f378be2a27160fdb3"""," ""018640ea69e7dc3b3fe4e155ac99ce158d5821f7"""," ""abuse_ch"""," ""ABS # 440132106213+214.exe"""," ""exe"""," ""application/x-dosexec"""," ""SnakeKeylogger"""," ""n/a"""," ""n/a"""," ""f34d5f2d4577ed6d9ceec516c1f5a744"""," ""12288:OkVfs2sFLTAehm8buS89WKDym89eLK8uWV/wJHPZKjeEcwRwG6dNvBQRPiq/iRov:18TAqbDK5geL1wDEckV6dNvSR/X"""," ""T14925D00E76A5214EC55AB17885F4EDB6A785AC12F50BC20B12C37D4FB83F262CB117E6"""
2022/11/4 17:10," ""d742297ca5cc509b66ce7090284d5a996b4bf3fb284797442402fff10ae47e74"""," ""d39ab42e3a593f074d3ee70acfcc3585"""," ""b95ca960e16e4fb0d916bbc3b91dea46e6d1a148"""," ""abuse_ch"""," ""ENQ E0104-0911.exe"""," ""exe"""," ""application/x-dosexec"""," ""SnakeKeylogger"""," ""n/a"""," ""27.78"""," ""f34d5f2d4577ed6d9ceec516c1f5a744"""," ""12288:ILVfs2sFLTAehm8buS89WlA9LNDSHyGNrB8mi3ALa9vht4aoPQw1MgbBT28L72dY:68TAqbDQDwF8ma9IaCbBX"""," ""T1A515D00E76A1659EC52BB17895F4EEF7A754AC12E10FC20B12C75D8FB80F261CB106E6"""
2022/11/4 17:10," ""8b797d817fc22b7ebafe44b6514710a76ddc448ab318a4504d3a49e24c88cb28"""," ""577010e58651ed4e573590ddd13d26e1"""," ""41b6235dfc0f6005ad46db5345c7290e693592b7"""," ""abuse_ch"""," ""577010e58651ed4e573590ddd13d26e1.exe"""," ""exe"""," ""application/x-dosexec"""," ""SnakeKeylogger"""," ""n/a"""," ""31.43"""," ""f34d5f2d4577ed6d9ceec516c1f5a744"""," ""12288:eouHH1JOYaxW2dbQCwfNUz09QxpUgkejwFGf1:du1uUC2NUzPx7eGN"""," ""T188C4124135B3DA61D46E03F98DF3C2E06B783C1AD423D60868C5AAAF6D75725C221EB7"""
2022/11/4 17:09," ""8399c2071ae9e9f742ef97c5e218fcc20c8787dccf867a658e328f8e2f2b7eff"""," ""fb1c14a7109cca6b40b5d050d0c90b22"""," ""4b612f20686fb355cd1e9f6bcf996b6803bb1f89"""," ""abuse_ch"""," ""Revised SOA PDF.exe"""," ""exe"""," ""application/x-dosexec"""," ""SnakeKeylogger"""," ""n/a"""," ""30.56"""," ""f34d5f2d4577ed6d9ceec516c1f5a744"""," ""24576:ZMqC4LcbskQBs6SqM39OX6kEOJBtCNbaHgpUX7okcdf4/y:bRLAGsjk66JLCJ47lcV"""," ""T1EE559DA325D74618F1369B708BF07F99CFA9ED6FAA13D01DF89031850F32A858B61D25"""
2022/11/4 17:09," ""9d3369a27c6853c05779af9b2d55559b225e27a8bd9a57e35bfde1825bfbdbf1"""," ""f676aeb2cfcdc4070175c8b6de0699b4"""," ""6778bce0479f8b61837e4cee3a4a9e3ff58aad5a"""," ""abuse_ch"""," ""PaymentDpoc_04-11-2022-F279493_PDGS93.exe"""," ""exe"""," ""application/x-dosexec"""," ""SnakeKeylogger"""," ""n/a"""," ""35.21"""," ""f34d5f2d4577ed6d9ceec516c1f5a744"""," ""24576:r8TAqbDD6Wo4ej+5DPKIxos/5Hcuegp2CqnilHMwriBP/0hqyy:oDD6WoNcwAwCwQsgid3F"""," ""T18445F10E7691659EC52BB07899F4EEF6A754AC12E50BC21B12C35D4FF80F162CB207E6"""
2022/11/4 17:09," ""2b3bc8ae8908f619944ca14696ecec764b92d6ff891838d1a7fe951580b8edea"""," ""9aa60dbb387fb942779632aa429c30f3"""," ""d917e01d4421d1004009ffd07bc4bdbd9f650725"""," ""abuse_ch"""," ""DHL SHIPPING DOCUMENTS.exe"""," ""exe"""," ""application/x-dosexec"""," ""SnakeKeylogger"""," ""n/a"""," ""25.35"""," ""f34d5f2d4577ed6d9ceec516c1f5a744"""," ""12288:GouHH1Jy2iNFw29GfSP4slM/T19+DDHo7vPn8YiVpA/N:lu1w1ZGUabT+fI8Pg/"""," ""T14AD402F532DB5E61C26AA3BDC89194A113397D29E873DF2D104523BD8C717A2C212EE7"""
2022/11/4 17:09," ""6c92c0a7566c67f67330f52bd2b3bcd86c5494126be9b66220ad73e7710de1d8"""," ""390180f020ae400ee164864a59683255"""," ""b03b3e5504cbf2b1f7a277d50f3ac56f2cc3d205"""," ""abuse_ch"""," ""e-dekon.exe"""," ""exe"""," ""application/x-dosexec"""," ""SnakeKeylogger"""," ""n/a"""," ""40.85"""," ""f34d5f2d4577ed6d9ceec516c1f5a744"""," ""12288:abouHH1JB2iNNw29GfSPsiIDwMZ3AJrpcfvUG/Ykv1orY+:pu1P1BGUsiqkrpcnUYX6t"""," ""T194155ED1F1908CDAED6B05F1AD2BA53020A77E9C94A4410C559E7B2B7AF3352209FE1F"""
2022/11/4 14:04," ""1e4d15ccd3ee787324ccd48246f980a8e37495b82e962a27e9d634b14e6660bc"""," ""178ff2e386dee063633a246556caf621"""," ""b6f7afc2f136c5a56a698814d5d500b6bdddf7b0"""," ""James_inthe_box"""," ""vbc.exe"""," ""exe"""," ""application/x-dosexec"""," ""SnakeKeylogger"""," ""n/a"""," ""38.24"""," ""f34d5f2d4577ed6d9ceec516c1f5a744"""," ""24576:XW8DET+VwfHGXG31BX8+BvFr8TAqbDORBY:BbVwfpFBX8+BvFoDaY"""," ""T1A835BD0E3A90284ED91A607855B4DDBA77566C19A10FC20B12C33F4B79FF36EBE10AD5"""
2022/11/4 7:44," ""898da3660c91d1e919cc0a330e6b9d9a00a72afc1f06c33cabee346d7c03df06"""," ""23726271c8a60b39df1aead86195f9f1"""," ""7e18ef92ee5d17186b37cfd0a7f0d8d86f1a237a"""," ""abuse_ch"""," ""BANKA KOPYASI.exe"""," ""exe"""," ""application/x-dosexec"""," ""SnakeKeylogger"""," ""n/a"""," ""38.03"""," ""f34d5f2d4577ed6d9ceec516c1f5a744"""," ""12288:iykur8jNwPGvf1tfyfvuFj3H1fs2sFLTAehm8buS89W:qaPGvfLIvulHv8TAqbD"""," ""T11A357E86E190889AEC6B15F1BC7AE93121D7AD4CA4A5810D16DEBF1B75F3311209FF0E"""
2022/11/4  7:44:30+A4923:N4926," ""1ad58f55bceeb539c9f77e62af86c5e09fb0dd0dcac700e6368964f6a4f5e5a8"""," ""0ad359598640ac6944e054984434eed6"""," ""ecc68ba0dc7af7ce230f31831862ca226ec6159d"""," ""abuse_ch"""," ""PO 8876544.exe"""," ""exe"""," ""application/x-dosexec"""," ""SnakeKeylogger"""," ""n/a"""," ""25.35"""," ""f34d5f2d4577ed6d9ceec516c1f5a744"""," ""12288:kycOVfs2sFLTAehm8buS89WBrNtSxLv1U5n6GL2UHjG0OvM9w8ZIVutMe:h8TAqbDBRUhC56GKia0Oqw/VutMe"""," ""T13005DF0F4AE6460ED66A36B854F0EBB757998C01F44BC71F16C67E4FB87322082527DA"""
2022/11/4 7:44," ""4c68110055c5902ce7fb0b21937939ead3f5d1b3857618c4286e93653e5f2813"""," ""57952db115760dd2dbab626eaa70772e"""," ""45e85b39debe6869c76b6e29d559383833e789c6"""," ""abuse_ch"""," ""bilgi.exe"""," ""exe"""," ""application/x-dosexec"""," ""SnakeKeylogger"""," ""n/a"""," ""43.06"""," ""f34d5f2d4577ed6d9ceec516c1f5a744"""," ""12288:jvVfs2sFLTAehm8buS89WwADQro+oHb7KDiO/d/v+MsAmHM14HIdJjhpXvO2jPoo:T8TAqbDw7o+o+DiO/ZzsI1OId9Lv79M"""," ""T18F458D86F190989FD86B45F1AC79ED302593BD9CA4A5810E12CB7F1B75B3312609FE0E"""
2022/11/4 7:44," ""05ffa704d4fac8d3c9e75f459d79d1383699b1b24c0a7fab19a63df1a92fbe18"""," ""0f9da165a8b895e21ca24760dec0817c"""," ""b9d762033672f3fccbf6e46f0bd6c0fd0b6814b6"""," ""abuse_ch"""," ""Payment Advice.exe"""," ""exe"""," ""application/x-dosexec"""," ""SnakeKeylogger"""," ""n/a"""," ""47.14"""," ""f34d5f2d4577ed6d9ceec516c1f5a744"""," ""12288:ZIG9ccWk3n2wjs3CVJm85ixFz3aFpY9g3iywxikr9FOH/kFSgJhiXfBnvZrweDgh:Gm9syV+Fz3/9wkrvOfkFWXfBBwYnWcL"""," ""T181A5180D7B43AD96ED5083B694FA5BA023668F768851B307D397753890772F8AF40F82"""
2022/11/4 7:44," ""9f8bd35c99417ab86d20781c7f4737a247ab64354e73ffbc52d5c5e35f8cdc14"""," ""b0806c28838bc32c162af185d7f7bc69"""," ""d78df5bc33f812e99574cc6d1418b8f45dd15efc"""," ""abuse_ch"""," ""RFQ NO PROC107422.exe"""," ""exe"""," ""application/x-dosexec"""," ""SnakeKeylogger"""," ""n/a"""," ""29.17"""," ""f34d5f2d4577ed6d9ceec516c1f5a744"""," ""12288:VouHH1JekejwFGfxTPmb/kdLvjNqygqVOB/yBokcycO60p:mu14eGF8/GfYyg64UcycO6"""," ""T15DB412403193E668D83D43F198EB80E012767E34E832DB583D5A77AD49B5B53E38793A"""
