2022/7/8 9:22," ""b7cbc5e5dc182c8d99809cd64d36734abeb6bfac15e6efc2ebcc2c57254bf172"""," ""8402ab33eafb84178069f8f490ca604d"""," ""516c7a538e93f7cf4bff29196511f94e5fbb5a40"""," ""KdssSupport"""," ""sefff993.bin"""," ""exe"""," ""application/x-dosexec"""," ""TrickBot"""," ""n/a"""," ""n/a"""," ""f3ca748f76db44ff1430515217457e6d"""," ""6144:jo5N5OazOZaTDWlVnrchrahdOxveC2wo80/agxb0zLz4qM:jmSuOcHmnYhrDMTrban4qM"""," ""T13F84A7FC56C61611B0ECCDB7C7129F6AF655BF535328B29A284C82BD702283F0259A77"""
2022/6/23 9:55," ""415e04eb340f1b092288cbcc71295a2c95e864fc1bbfcd55d6e3f5aa67099b1a"""," ""367b6a5c0e0e8ec68ea14a085b1d32b3"""," ""d02f452d01660387fd78d40e9f2405c3e38c9668"""," ""anonymous"""," ""solar.php"""," ""exe"""," ""application/x-dosexec"""," ""TrickBot"""," ""n/a"""," ""85.07"""," ""de3b3bef1d15dd8ecc264ee790a36468"""," ""12288:nO4BydKj3ACZfNFEnw6qJxs3UPwgDrZiI0OSnnox7Yu:OOyO3YnwFRPVXZf09nMD"""," ""T1E6E4CF13FAE1C07AC6E311304FD6D7B866F6FA114E73454372D90B0E1E35A8A963AB16"""
2022/5/25 12:44," ""7e8c547fcc86e26b973e4c974da8ee2c4cfe84846e2cdfcd7f265929d27602f9"""," ""17492f7b9906b807cffd30e8a0edd993"""," ""ac0724c724f8d6e2a54b41b86d99aa189e40dc81"""," ""KdssSupport"""," ""bnuethogt.bin"""," ""exe"""," ""application/x-dosexec"""," ""TrickBot"""," ""n/a"""," ""80.88"""," ""46111b1241c22aa3ede6b4176531c30a"""," ""12288:QyeWT96x+MN2N4Bou8Bw1bFswwGFGvyLOE8uQnUK5bA:QyeAEwN4BuYFswwsGz1uFCc"""," ""T10AC4022076E089B2D46D423688A7EF4A576BAE314F6645C7FBDC038B0E347C06A7751E"""
2022/3/21 3:04," ""236f4e149402cba69141e6055a113a68f2bd86539365210afb9861f4e2d3ad5f"""," ""e05d85acc62b2795bfb94a681e64e20f"""," ""7cb195e05a78a39cacb0c0d4d4fa23e4c3366785"""," ""NolindRaymond"""," ""sample2.exe"""," ""exe"""," ""application/x-dosexec"""," ""TrickBot"""," ""n/a"""," ""89.86"""," ""cc031e3bfe0d9f81b846819826c1b0a4"""," ""6144:2LMNe5kFT/RK1WoJg4ouLl2pFUBm5iKsTFxcW3Qt07kjnnnnM:2LMMktpUWoJg4ouLsFUICcYQmkjnnnnM"""," ""T1D814021AEFBD04A7F045A57BA02B0A4D887B790247DE2863566B2CFA60713ECC0FD557"""
2021/12/31 9:34," ""fcde8f225a14fe70009f32c4acfba0407b5fd6b0da5c2f65778434359962e5c1"""," ""218c5b56132ee73c7a5ad2e5c96c64d4"""," ""c1a72d736eb870684a190bad60d1da7d1292c37b"""," ""abuse_ch"""," ""218c5b56132ee73c7a5ad2e5c96c64d4.exe"""," ""exe"""," ""application/x-dosexec"""," ""TrickBot"""," ""n/a"""," ""53.73"""," ""297ed3de0a49d4831344ce5a84729097"""," ""6144:YFn61kciCuR6b15sZwkst8K5YHJHJ4wX4wp16SiVyaE6Clb4p:YF61k9CuRoaNK5Ypp4wo8OVlE7R4p"""," ""T1FD94F120B3E5C071D18721718A62CBB24FBA7C722591BD8F6FD656794F38A90972831F"""
2021/12/30 7:39," ""1a6bef8525a2b7eded1ea8c92e65cea20a08dc2fff175e37886c7f46846bcb68"""," ""da42b3f16999890ffa59a2aa10a334e5"""," ""421b355c7b3311961359bea6e886a316e410bbf8"""," ""abuse_ch"""," ""da42b3f16999890ffa59a2aa10a334e5.exe"""," ""exe"""," ""application/x-dosexec"""," ""TrickBot"""," ""n/a"""," ""47.83"""," ""297ed3de0a49d4831344ce5a84729097"""," ""12288:5F61k9CuRQuCBifx5ABMQ2f6OArPtMZotp:fCuGlQxDni9rV"""," ""T1A594F11172D4C031E19721348A76CBB10FBABC7675A2AACF2FD5467A4F34AA1D32471E"""
2021/12/29 12:46," ""01c69d0acc8734993ba9cbfe9b0da4616bb05041e103afdb487759995b93ee5c"""," ""1e19cdc980488fb82c9245fde3ba28f8"""," ""6010fb83b30adfeba34ac6f302c2c8e865cdc705"""," ""abuse_ch"""," ""1e19cdc980488fb82c9245fde3ba28f8.exe"""," ""exe"""," ""application/x-dosexec"""," ""TrickBot"""," ""n/a"""," ""39.71"""," ""297ed3de0a49d4831344ce5a84729097"""," ""6144:YFn61kciCuRBb15sZwkst8K5YHJHJ4wX4wp16SiVyaE6Clb4p:YF61k9CuRhaNK5Ypp4wo8OVlE7R4p"""," ""T15C94F120B3E5C071D18721718A62CBB24FBA7C722591BD8F6FD656794F38A90972831F"""
2021/12/29 1:36," ""5c032f85c0a9a4a551f6c0057ecc78aec6b625df77fcbf6e76c685e362613a92"""," ""e9d4ef1a8d0371d5760cd8a815cf1acd"""," ""0cb109a1a37622d8147d11b1b5ffbe858388707b"""," ""SecuriteInfoCom"""," ""SecuriteInfo.com.W32.AIDetect.malware1.29332.22610"""," ""exe"""," ""application/x-dosexec"""," ""TrickBot"""," ""n/a"""," ""25.37"""," ""297ed3de0a49d4831344ce5a84729097"""," ""12288:5F61k9CuREuCBifx5ABMQ2f6OArPtMZotp:fCuOlQxDni9rV"""," ""T18C94F11172D4C031E19721348A76CBB10FBABC7675A2AACF2FD5067A4F34AA1D32471E"""
2021/12/28 21:54," ""d9ef2723a2d54f8774224b15ad9324598e2213597cf882292af713223b097294"""," ""e6211b1c55e1f978dfef54d9916ece48"""," ""a47aa744bdcf3523b8957d57a620cc5a48ab2f16"""," ""zbetcheckin"""," ""e6211b1c55e1f978dfef54d9916ece48"""," ""exe"""," ""application/x-dosexec"""," ""TrickBot"""," ""n/a"""," ""23.88"""," ""297ed3de0a49d4831344ce5a84729097"""," ""12288:5F61k9CuRbuCBifx5ABMQ2f6OArPtMZotp:fCuFlQxDni9rV"""," ""T1F294F11172D4C031E19721348A76CBB10FBABC7675A2AACF2FD5467A4F34AA1D32471E"""
2021/12/16 18:54," ""2586d4d0fb6798a84320492847b839815b787970c9f279acf1d1436780c40a3a"""," ""824df92374ab73f4975dc5d4be868a15"""," ""9523c81f56912db91cb1c477163ef5f54122dbf5"""," ""anonymous"""," ""2586d4d0fb6798a84320492847b839815b787970c9f279acf1d1436780c40a3a"""," ""exe"""," ""application/x-dosexec"""," ""TrickBot"""," ""n/a"""," ""26.98"""," ""1e14b9e859467fd4c1b3bb619c1a4550"""," ""6144:+7a7bh89lgMMMMMgMoJMMMMMMdMMMMMMMMMYI1MCQ4UCLgW6uGpofipdZT4kfmA5:+7a+9SJMMMMMMdMMMMMMMMMYI1tbUCLx"""," ""T1B574F1117390D432C4661930547ACEB11A3F7CE6F6648AAB37C43A6E3EF17E119363A6"""
2021/12/16 7:57," ""caf56d168c770350da83ad489809007df7813c3bef213c35f1c6e1f4bf3142de"""," ""51ddc2c6f1de2401ce987d589dad88c8"""," ""01fdb7c669d6c2e8f18393bce2fda086367390d2"""," ""abuse_ch"""," ""51ddc2c6f1de2401ce987d589dad88c8.exe"""," ""exe"""," ""application/x-dosexec"""," ""TrickBot"""," ""n/a"""," ""28.36"""," ""1e14b9e859467fd4c1b3bb619c1a4550"""," ""6144:+7a7bO89lgMMMMMgMoJMMMMMMdMMMMMMMMMYI1MCQ4UCLgW6uGpofipdZT4kfmA5:+7an9SJMMMMMMdMMMMMMMMMYI1tbUCLx"""," ""T13674F1117390D432C4661930547ACEB11A3F7CE6F6648AAB37C43A6E2EF17E119363A6"""
2021/12/16 0:11," ""27298bd1cc024cf7807b22de38b4bf6cc24109dae62a16583e50f7fe65c94590"""," ""5a9bd68976925253a93105cf5f27d8e3"""," ""886f47c5af62fd0ae5dbfddc68333ac9a59ab0bd"""," ""zbetcheckin"""," ""5a9bd68976925253a93105cf5f27d8e3"""," ""exe"""," ""application/x-dosexec"""," ""TrickBot"""," ""n/a"""," ""26.87"""," ""1e14b9e859467fd4c1b3bb619c1a4550"""," ""6144:+7a7bA89lgMMMMMgMoJMMMMMMdMMMMMMMMMYI1MCQ4UCLgW6uGpofipdZT4kfmA5:+7ah9SJMMMMMMdMMMMMMMMMYI1tbUCLx"""," ""T15274F1117390D432C4661930547ACEB11A3F7CE6F6648AAB37C43A6E3EF17E119363A6"""
2021/12/6 16:50," ""f96104fbecd8ab4cc3f88df6619c13b99b28b2b7923a4b0e1bce6ff062d93b68"""," ""58828abb3770c36a0757b2507943cd54"""," ""b52b1cfaba2d41fdefd1ff8f4c98801cb8b93620"""," ""anonymous"""," ""f96104fbecd8ab4cc3f88df6619c13b99b28b2b7923a4b0e1bce6ff062d93b68"""," ""exe"""," ""application/x-dosexec"""," ""TrickBot"""," ""n/a"""," ""74.24"""," ""55754e7c2ff4111726a0287744b2114b"""," ""6144:koMgXsS8vVr0uBuz7KGW3yv8/fk2SvpLBxGxDDhKg9T0/Q1HN29GBPJs780YWmPF:kopx2ou0aY40/yU4Rs7MWcZ"""," ""T19A9401E667D1BC27F1554CF8929FBFB92608592A4F4C518720907D3EA1B50A2EC32E1F"""
2021/11/23 9:04," ""355d4c4c8eabcf15161ac4754c6a20fd1945c91a90f88e90de1d2ba2ac1545de"""," ""4a4ecfe12c4ce7f9ab8f5812cfcf50ec"""," ""d2c0dfdd419db0ab8c048131dfaf6b597f60aa1f"""," ""abuse_ch"""," ""4a4ecfe12c4ce7f9ab8f5812cfcf50ec.exe"""," ""exe"""," ""application/x-dosexec"""," ""TrickBot"""," ""n/a"""," ""n/a"""," ""d31639bc44b992226d49e6ecf1a2a248"""," ""49152:+BQhCnUUbPhzn++Z3vrOzYN/z8PcrpQiX:"""," ""T1C395C190338872E7F68BE53B5330983AB26639F57A6790C89BD37F4D586EE404F24941"""
2021/11/22 22:42," ""c988a65d39f617c531454c2f15971c0a769d42ac84bea0a7a3bd89394ba3e654"""," ""2c46770b7bccaba1280e5c39ac42f2fe"""," ""f4eac70c6ec4160f7939f56d4fd65b50a2b4b669"""," ""zbetcheckin"""," ""2c46770b7bccaba1280e5c39ac42f2fe"""," ""exe"""," ""application/x-dosexec"""," ""TrickBot"""," ""n/a"""," ""16.42"""," ""d31639bc44b992226d49e6ecf1a2a248"""," ""49152:nUiob4iogjOUcXQb0Np2/csvUMf3fs8E6mHGpV1S7LSYV+eo0E:"""," ""T17D95F19C9EB35440EC1198F67F8FE7E05C0E271AF8DD4AE72528456402C04FF659BABA"""
2021/11/22 17:44," ""e177d899ad1fe93863e30a44fe7adcdbe6cbde5594c9ffe63115592fb2a39de0"""," ""4610eeac2606fb87588f945a68575a6b"""," ""bfe3f6d3fb86a6538b3364e966abafb647eed021"""," ""ffforward"""," ""unpacked.dll"""," ""exe"""," ""application/x-dosexec"""," ""TrickBot"""," ""n/a"""," ""n/a"""," """""," ""3072:CVMvhoQEma7BDEny211coblUwXkZ0oOp3cbn34z:hhoLr9O1cobOwXkZ0oOV4"""," ""T1E3D35B19FAC7D2F1EE8104B0232EB37F69761706A71699C3C3A45C14A9116F3E23E66D"""
2021/11/22 17:37," ""0d8f71039695b040b07f1d5781b4ef5e50b318532eb1139b5de954f13c6751ae"""," ""bfbc8373bc8c5406a7bbb82fd5088882"""," ""dd613242070d5083983eba5742244055cba38a6c"""," ""anonymous"""," ""TempoYx30.exe"""," ""exe"""," ""application/x-dosexec"""," ""TrickBot"""," ""n/a"""," ""n/a"""," ""d31639bc44b992226d49e6ecf1a2a248"""," ""49152:V4tdahKfb8JIhWtqrPMqsGJznOmWAw0Asdz3x9:"""," ""T12D95C190338872EBF6CBD93B5330D82AA26638F57A7750C89BD36F8D196DE404F24945"""
2021/11/22 15:36," ""d8ec9f0a62bf5507bee6eaa6fa254937b65a0e27fee0906d715aa7fefa4da968"""," ""cc9d6fe92b4a055cd61a80b419943830"""," ""6e59ff5d2f88afb7781064feaac37ae060c46178"""," ""zbetcheckin"""," ""cc9d6fe92b4a055cd61a80b419943830"""," ""exe"""," ""application/x-dosexec"""," ""TrickBot"""," ""n/a"""," ""15.62"""," ""d31639bc44b992226d49e6ecf1a2a248"""," ""49152:SBQhCnUUbPhzn++Z3vrOzYN/z8PcrpQiX:"""," ""T1A995C190338872E7F68BE53B5330983AB26639F57A6790C89BD37F4D586EE404F24941"""
2021/11/22 15:08," ""2a039fd90e9150cf1caacb66326d0a3aae6f050c6d0a20e0adbaa2a2e3025450"""," ""845a8cdc7b1a09479fc11a10cba719fd"""," ""35937ae2b484e06c15638002ed0a70674216e330"""," ""ffforward"""," ""TempoYx30.exe"""," ""exe"""," ""application/x-dosexec"""," ""TrickBot"""," ""n/a"""," ""15.15"""," ""d31639bc44b992226d49e6ecf1a2a248"""," ""49152:GXJhROVyY4a9ow2HPC4U8ZfJk4l13EO7Sv+sqplfPQ:"""," ""T10B9501D19BA74D84F800F8FD678AD3F1684A3D58E188C7F3A254C23726D48AE5452B7E"""
2021/11/21 9:48," ""53a2b18f28a8f164564b3ddf20900858acfa9da50d4dea27c4fcc9dcb7d7d83d"""," ""9ff0c327c3811bce19259e0c87a711bc"""," ""45f42fd1c68352bd37ec0b1d2c3a887dd7473dc7"""," ""anonymous"""," ""53a2b18f28a8f164564b3ddf20900858acfa9da50d4dea27c4fcc9dcb7d7d83d"""," ""exe"""," ""application/x-dosexec"""," ""TrickBot"""," ""n/a"""," ""61.76"""," ""b1583b0de68b5707a7d41293f45591df"""," ""6144:9/Z8DzzV0Xl2D3cowVtWGC0m9LYLr5XY1HUoG/D4gHpb9KqLHnhEoXYzo:QzzV0Xl2TGCLOR2fFgJb97hTXYzo"""," ""T1EFF4E0A236E48076E5B601320EB67B3A96FBEC644F79FBC31390974D5E310D1493936A"""
2021/11/21 8:33," ""b1adee00a132b96a6f457031953b01fd1e322c57bff3fc9517b7d92d1ba884f4"""," ""ab514dc1ce046921ffd95c5c7797b496"""," ""4899afe80086a97c1825b37ae34e55af0945042b"""," ""abuse_ch"""," ""ab514dc1ce046921ffd95c5c7797b496.exe"""," ""exe"""," ""application/x-dosexec"""," ""TrickBot"""," ""n/a"""," ""69.12"""," ""bc70c4fa605f17c85050b7c7b6d42e44"""," ""24576:OQLny3OiG7O5fWcmCM4jBg0nWDqVXF1/Vz897cDH6WboJVIb90I8Yls:OQLy3Z5ecmCMqhnllLNgIHjbiIb9O"""," ""T1F355EF337CAC475DC8901B73CD93E27116AE2E5B5AF2C14A50F66F878BF01989016F9A"""
2021/11/21 8:14," ""d91513a2a784ebf90a41e3b24de8eb44cff5025901049fdf2c0a92ce887ec774"""," ""439c600d23854de793abc609555d7ee4"""," ""e9cccdc1b01dae1031e67ed9d8c2af13746ce96b"""," ""abuse_ch"""," ""439c600d23854de793abc609555d7ee4.exe"""," ""exe"""," ""application/x-dosexec"""," ""TrickBot"""," ""n/a"""," ""n/a"""," ""1ead8b58f090444c7c586af0c5013096"""," ""12288:3TaX9ug6sv4SS64ku6ZwGBT4ln4XwRQsV:uXQgn4S3u6ZwGBTjXwRQsV"""," ""T184B4D06670D1C473FAD202724DF66FF7EAF5BE034AA9A45BD397034C1831943461AE2A"""
2021/11/21 7:59," ""6f61d466fdb609fd461ba5979fab4a908a5a1c61336566e1313d54d9bf484366"""," ""8758f0d7d50bfd8a4e4e663fedc1b1e3"""," ""8b45aa42aafd6e2a51e2721a0b8945a823e10f37"""," ""abuse_ch"""," ""8758f0d7d50bfd8a4e4e663fedc1b1e3.exe"""," ""exe"""," ""application/x-dosexec"""," ""TrickBot"""," ""n/a"""," ""68.66"""," ""bc70c4fa605f17c85050b7c7b6d42e44"""," ""24576:OQLny3OiG7O5fWcmCM4jBg0nWDqVXF1/Vz897cDH6WboJVIb90It2:OQLy3Z5ecmCMqhnllLNgIHjbiIb9K"""," ""T12655DF337CAC475DC8901B73DD83E27216AE2E5B5AF2C14950F66F878BF01989016F9A"""
2021/11/20 17:08," ""487178988d7c3bebc34fe2c40f1b19cd8f89f2753d552a19c4fe5da82f22d828"""," ""c943e46ad3c645b2a378169a2f1a201a"""," ""2b8eeb2b2dc8d577cebbff56051762720fbf1b56"""," ""abuse_ch"""," ""c943e46ad3c645b2a378169a2f1a201a.exe"""," ""exe"""," ""application/x-dosexec"""," ""TrickBot"""," ""n/a"""," ""68.12"""," ""bc70c4fa605f17c85050b7c7b6d42e44"""," ""24576:OQLny3OiG7O5fWcmCM4jBg0nWDqVXF1/Vz897cDH6WboJVIb90I6Rgex:OQLy3Z5ecmCMqhnllLNgIHjbiIb9xS"""," ""T18555DF737CAC475DC8901B73CD83E27116AE2E5B5AF2C14A50F66F878BF01989016F9A"""
2021/11/20 10:58," ""7735a05791f9c8d69e6211b9d5df24a852fcf7e6e8bae876f4ac126023c52852"""," ""7dfb148ff794dde58c7ab55d93b0112c"""," ""94ae964cbfcc06246bdb1407315059b9eb84ee43"""," ""abuse_ch"""," ""7dfb148ff794dde58c7ab55d93b0112c.exe"""," ""exe"""," ""application/x-dosexec"""," ""TrickBot"""," ""n/a"""," ""66.18"""," ""bc70c4fa605f17c85050b7c7b6d42e44"""," ""24576:OQLny3OiG7O5fWcmCM4jBg0nWDqVXF1/Vz897cDH6WboJVIb90IrWH:OQLy3Z5ecmCMqhnllLNgIHjbiIb9EH"""," ""T1E455EF337CAC475DC8901B73CD93E27216AE2E5B5AF2C14A50F66F878BF01989016F5A"""
2021/11/19 6:16," ""cb7039ba05399ae3d6d550ffb2c520fc031c6c91c4251e532eeb058dba645958"""," ""1507f47c7f219d189ac413892e8de409"""," ""5c4ad3c26f612dbe0a41f67e677422c1718cf0e7"""," ""abuse_ch"""," ""1507f47c7f219d189ac413892e8de409.exe"""," ""exe"""," ""application/x-dosexec"""," ""TrickBot"""," ""n/a"""," ""64.18"""," ""94b6b0c692a071d602628f1443f71582"""," ""12288:JWpK9SEjollK9N3/fl6y57cmgIjZdtyJ/:JWvvlMFflRwm71dtyJ"""," ""T1D8C4E02173908032D173397A8AA6C3B58E6AB4726F6269CF3FD6067D4F246D1C63531E"""
2021/11/16 21:13," ""11538d33c8725709ab2452fb27660892ac941e1e82b7d79d3f3180d12062cc99"""," ""734447612a5a160f9f5f0607a348984c"""," ""363fa0ff3b3bccb2f1dfea5e8b014e8992edd4a7"""," ""abuse_ch"""," ""734447612a5a160f9f5f0607a348984c.exe"""," ""exe"""," ""application/x-dosexec"""," ""TrickBot"""," ""n/a"""," ""47.76"""," ""b1583b0de68b5707a7d41293f45591df"""," ""12288:RrWHBIB7EQKzTBS+FrmAlK3wg5MQrhhTXYxZp:UBIp88uSIKgl2hTIh"""," ""T164F4E15232F4807BE5BB92720FA6673A97BBAC644B71B6C713A0935D8D310C14D39B27"""
2021/11/16 20:40," ""e134e7b7e1960e3809b8748244e881b39f437a27be9a75c5b2a4c80fd60d1479"""," ""e0c5962c4516fe7c2c72922721a49939"""," ""eef1b432f9de77ec9644323eac70f77be0703bc6"""," ""abuse_ch"""," ""e0c5962c4516fe7c2c72922721a49939.exe"""," ""exe"""," ""application/x-dosexec"""," ""TrickBot"""," ""n/a"""," ""n/a"""," ""b1583b0de68b5707a7d41293f45591df"""," ""12288:UzzV0Xl2T+4FdlzIePSMbEyJfXtRvEihTXYzW:Y0Xlp4FLzzaMlFzBhTIC"""," ""T117F4E06236E48076E5BA01320EB6773AA6FAE8644F75FBC71390974D9E320C14D39367"""
2021/11/16 2:53," ""0c465bf1b390d7c7021b6d77afba91c59609727bfc7f351d90e20f0a76240cb4"""," ""389f8f4849d246a506d7d125965afaf9"""," ""d96774c93a65a68d7fb678579609780c0f6e7297"""," ""SecuriteInfoCom"""," ""SecuriteInfo.com.Trojan.GenericKDZ.79891.2681.19517"""," ""exe"""," ""application/x-dosexec"""," ""TrickBot"""," ""n/a"""," ""n/a"""," ""b1583b0de68b5707a7d41293f45591df"""," ""12288:RrWHBIB7EQKzTBS+FrmAlK3wg5MQr6hTXYxZp:UBIp88uSIKglRhTIh"""," ""T1C0F4E15232F4807BE5BB92720FA6673A97BBAC644B71B6C713A0935D8D310C14D39B27"""
2021/11/16 2:53," ""5f62f7634733757e1bd1ec20b2c5c56b39cbffec1eef614dc74eea35084cacbe"""," ""f161c5c3f1022b96ded94bf75ce8cb2a"""," ""d7b2c535b13a11b67915d993c3f1200bce6d7c40"""," ""SecuriteInfoCom"""," ""SecuriteInfo.com.Trojan.GenericKDZ.79896.13348.18847"""," ""exe"""," ""application/x-dosexec"""," ""TrickBot"""," ""n/a"""," ""n/a"""," ""b1583b0de68b5707a7d41293f45591df"""," ""12288:VE3SNI+zn1K4hsDMsaoUqZQdfcYK2hTXYcGK:NNI+g4ZPWQCx2hTIC"""," ""T1B1F4F15232F0807BE5BB92720FA5673A97BBB8600B70F7C71390971C9D314D54A3AB66"""
2021/11/16 0:09," ""7109e67cf655b41ff88903bf1e70cc4efa3e537a38df7df90d8a3ff95c4cab58"""," ""6e9fa4e2f22ce3d1a0484820964ca208"""," ""6c5434cd4cc9305cdba85999f57df405d5a1dfa1"""," ""zbetcheckin"""," ""6e9fa4e2f22ce3d1a0484820964ca208"""," ""exe"""," ""application/x-dosexec"""," ""TrickBot"""," ""n/a"""," ""43.94"""," ""b1583b0de68b5707a7d41293f45591df"""," ""12288:VE3SNI+zn1K4hsDMsaoUqZQdfcYKKhTXYcGK:NNI+g4ZPWQCxKhTIC"""," ""T192F4F15232F0807BE5BB92720FA5673A97BBB8600B70F7C71390971C9D314D54A3AB66"""
2021/11/16 0:08," ""0dae9c7dcbe72dc89267a3a8d7ad2a138fc0c0921709170353d2646952e859ba"""," ""584f6fdecc6b716de157ee05e49c7546"""," ""ec89f3582930c311062c748d2a6f50f526bba1e5"""," ""zbetcheckin"""," ""584f6fdecc6b716de157ee05e49c7546"""," ""exe"""," ""application/x-dosexec"""," ""TrickBot"""," ""n/a"""," ""41.79"""," ""b1583b0de68b5707a7d41293f45591df"""," ""12288:RrWHBIB7EQKzTBS+FrmAlK3wg5MQrkhTXYxZp:UBIp88uSIKglvhTIh"""," ""T17AF4E15232F4807BE5BB92720FA6673A97BBAC644B71B6C713A0935D8D310C14D39B27"""
2021/11/15 9:14," ""c7c8353673369dcd293b0160fd35a9143ceb4ee98ebb69d8617b596b5fd5244d"""," ""a15a26eaab284849aac05f2e3cec7cb6"""," ""92df1e2169d594f6ebf002ba7425e079c578df58"""," ""abuse_ch"""," ""a15a26eaab284849aac05f2e3cec7cb6.exe"""," ""exe"""," ""application/x-dosexec"""," ""TrickBot"""," ""n/a"""," ""60.61"""," ""b1583b0de68b5707a7d41293f45591df"""," ""12288:UzzV0Xl2T+4FdlzIePSMbEyJfXtRvE+hTXYzW:Y0Xlp4FLzzaMlFzlhTIC"""," ""T118F4E06236E48076E5BA01320EB6773A66FAE8644F75FBC71390974D9E320C14D39367"""
2021/11/14 7:23," ""d8a022ddcef8459ab71cdc33f3474779df507a25ca4d179279be78424c69c813"""," ""9abd93765b72a724c25d6c9a2b6c0d1e"""," ""2993c6b4ed199302a7d98dba08a7c07e1506d159"""," ""abuse_ch"""," ""9abd93765b72a724c25d6c9a2b6c0d1e.exe"""," ""exe"""," ""application/x-dosexec"""," ""TrickBot"""," ""n/a"""," ""57.35"""," ""b1583b0de68b5707a7d41293f45591df"""," ""6144:9/Z8DzzV0Xl2D3cowVtWGC0m9LYLr5XY1HUoG/D4gHpb9K8LHnhEoXYzo:QzzV0Xl2TGCLOR2fFgJb9FhTXYzo"""," ""T11BF4E0A236E48076E5B601320EB67B3A96FBEC644F79FBC31390974D5E310D1493936A"""
2021/11/14 7:13," ""d34e5b665cf93ee29410445c006bab618e3645aad6607d493b52cb96c23c2859"""," ""ddf55126a11267b709c9a11e74362c0a"""," ""339b136a52803cff382bae97c41b34a870f2940b"""," ""abuse_ch"""," ""ddf55126a11267b709c9a11e74362c0a.dll"""," ""exe"""," ""application/x-dosexec"""," ""TrickBot"""," ""n/a"""," ""n/a"""," ""a7abef23aa4abf8dc36e4de8b3a8ba8f"""," ""12288:C13uG42tfQbrORxZyDFdodY9vwyGDO6Zme:C1uP2tMOLZWFdASn6Zme"""," ""T1FDD4BF59F7744065E026D1798E339242E6B67C161F30DAEF2365626E2F33BE0853AB31"""
2021/11/8 19:25," ""92f8619538ca801f9af78facfcdd8df39bf355b1e5d0edd6bce9a0fa9c64b89d"""," ""0686d0c6289fe85b513173479a4b6cf3"""," ""420d1ee8dd72fa0c0196a65b631e5bd690078882"""," ""abuse_ch"""," ""0686d0c6289fe85b513173479a4b6cf3.exe"""," ""exe"""," ""application/x-dosexec"""," ""TrickBot"""," ""n/a"""," ""48.21"""," ""2a49715e49b2891839bf716e121ca434"""," ""12288:InZndx1krxFPqBSPHLQuDACflBMhhDKG/M:AZdxuQSPsu8Qm5J"""," ""T169D4E0103390C032D5A324718A69DBB58E7EB861676275CF3BD91E7E5F24AD1EA3430E"""
2021/11/7 8:38," ""06dac5f720847ff3c99c75a950a8b07dbf090127f770171f8d005a0c76c20de9"""," ""ee566f0e04b497770c5baa4de14c416f"""," ""98f77caf24f14dca0fa163596a730269037f2065"""," ""abuse_ch"""," ""ee566f0e04b497770c5baa4de14c416f.exe"""," ""exe"""," ""application/x-dosexec"""," ""TrickBot"""," ""n/a"""," ""n/a"""," ""2a49715e49b2891839bf716e121ca434"""," ""12288:InZndx1krxFPqBSPcLQuDACflBMhhDKG/M:AZdxuQSP/u8Qm5J"""," ""T115D4E0103390C032D5A324718A69DBB58E7EB861676275CF3BD91E7E5F24AD1EA3430E"""
2021/11/7 8:35," ""3d775f1f2da385ed73d988930d9c9675fc2e466098bb5f19c8501a723e14f437"""," ""7425c5e4bd0f910f80a1ab456b68e192"""," ""dbd26c846e03f94aa1451b6b73e1fa138ea5a953"""," ""abuse_ch"""," ""7425c5e4bd0f910f80a1ab456b68e192.exe"""," ""exe"""," ""application/x-dosexec"""," ""TrickBot"""," ""n/a"""," ""n/a"""," ""2a49715e49b2891839bf716e121ca434"""," ""12288:5nZndx1krxFPqBSPw7bQ9k03GxGprGwbKM:9ZdxuQSPw72k034GJGf"""," ""T12FD4E0213290C032D1A324718E66DBB98E7EB861775265CF3BD90E7D4F24BD1EA3531A"""
2021/11/6 11:21," ""c33ee53ae180beba1c02d4dcae8f2505131d518b100fc60626fa3b95c6ebdf72"""," ""4e844ca1a3724efaec7b598779561687"""," ""b7b9e2d7a8b82019294c9b1e5c148d4655191d0b"""," ""abuse_ch"""," ""4e844ca1a3724efaec7b598779561687.exe"""," ""exe"""," ""application/x-dosexec"""," ""TrickBot"""," ""n/a"""," ""27.94"""," ""2a49715e49b2891839bf716e121ca434"""," ""12288:XnZndx1krxFPqBSPozjE2e5593BPAb9GfOj1zSGSQMM:XZdxuQSPIex3NfI1GGSQM"""," ""T1D5D4E0113390C031E4A328314E6AD7B54EBEB861676666CF7BD90D7E5F24BE09B3434A"""
2021/11/6 10:52," ""6a910ec8055b3844e3dd14c7af08a68110abc9395a88ab9199e69ed07be27210"""," ""0afbb383c5cea9f11202d572141bb0f4"""," ""148266112b25087f10ac1124ea32630e48fb0bd9"""," ""abuse_ch"""," ""0afbb383c5cea9f11202d572141bb0f4.exe"""," ""exe"""," ""application/x-dosexec"""," ""TrickBot"""," ""n/a"""," ""27.27"""," ""2a49715e49b2891839bf716e121ca434"""," ""12288:AjX3XdmePk2BSPkno2voTFa24aZZTUQxIpTLY0E5pM:2HXgASPMNvoTFFjT8tLYNH"""," ""T17ED4D1213390C035E16334328A6AD7B58A7DB862276665CB7FD90D7E5F24BD1EB3430A"""
2021/11/5 22:24," ""e14c7699a88132d45dacece5881b93f8e01193d3afb27ee7bf03f562003fb6f2"""," ""75d2e547939fcd96dd07b4862bdb84d3"""," ""8aed2bc557fe40a19acf67f601774b129107d064"""," ""zbetcheckin"""," ""75d2e547939fcd96dd07b4862bdb84d3"""," ""exe"""," ""application/x-dosexec"""," ""TrickBot"""," ""n/a"""," ""25.37"""," ""2a49715e49b2891839bf716e121ca434"""," ""12288:AjX3XdmePk2BSPPno2voTFa24aZZTUQxIpTLY0E5pM:2HXgASPPNvoTFFjT8tLYNH"""," ""T191D4D1213390C035E16334328A6AD7B58A7DB862276665CB7FD90D7E5F24BD1EB3430A"""
2021/11/5 22:19," ""fd2ca05f1fb05028f501bce46ebb5e5131845b8f9e7c710fa527ed5ac0c15bc8"""," ""534a63969c5c1e6a574a8821a45e2a8e"""," ""7a05b2f511ad7a8b4680071e1251942167368219"""," ""zbetcheckin"""," ""534a63969c5c1e6a574a8821a45e2a8e"""," ""exe"""," ""application/x-dosexec"""," ""TrickBot"""," ""n/a"""," ""25.00"""," ""2a49715e49b2891839bf716e121ca434"""," ""12288:5nZndx1krxFPqBSPN7bQ9k03GxGprGwbKM:9ZdxuQSPN72k034GJGf"""," ""T151D4E0213290C032D1A324718E66DBB98E7EB861375265CF3BD90E7D4F24BD1EA3531A"""
2021/11/5 22:19," ""ad55d41e75b0874da11f737035a65d8d67840b1ae8d30f0dc531e31bb12eb380"""," ""0a330893556bc74b17caea6cbb99193b"""," ""59530eacdd8cde151fbd8bac5c3744207db9f93a"""," ""zbetcheckin"""," ""0a330893556bc74b17caea6cbb99193b"""," ""exe"""," ""application/x-dosexec"""," ""TrickBot"""," ""n/a"""," ""24.24"""," ""2a49715e49b2891839bf716e121ca434"""," ""12288:XnZndx1krxFPqBSP/zjE2e5593BPAb9GfOj1zSGSQMM:XZdxuQSPnex3NfI1GGSQM"""," ""T100D4E0113390C031E4A328314EAAD7B54E7EB861676666CF7BD90D7E5F24BE09B3434A"""
2021/11/5 21:38," ""89e47e6ba463540faec39008adc857fe26230ae9b2023c88b0385fb9eaf9427b"""," ""eb27b137a9879bf403a5cbe428bc9674"""," ""1d78e68701461b5a87221f1c4fe9e10ea975e894"""," ""zbetcheckin"""," ""eb27b137a9879bf403a5cbe428bc9674"""," ""exe"""," ""application/x-dosexec"""," ""TrickBot"""," ""n/a"""," ""25.00"""," ""2a49715e49b2891839bf716e121ca434"""," ""12288:XnZndx1krxFPqBSPNvzjE2e5593BPAb9GfOj1zSGSQMM:XZdxuQSP5ex3NfI1GGSQM"""," ""T180D4E0113390C031E4A328314E6AD7B54E7EB861676666CF7BD90D7E5F24BE09B3434A"""
2021/11/5 21:34," ""96279095f406abd224f8cd7bd306177841bd04099e5a1bb53939d0befd83ffb8"""," ""16a6e8ecf60f1800e8a0d779024eb588"""," ""d4bc3c29b9f1dbd0a7876fb06e36207f963ade31"""," ""zbetcheckin"""," ""16a6e8ecf60f1800e8a0d779024eb588"""," ""exe"""," ""application/x-dosexec"""," ""TrickBot"""," ""n/a"""," ""25.00"""," ""2a49715e49b2891839bf716e121ca434"""," ""12288:5nZndx1krxFPqBSPl7bQ9k03GxGprGwbKM:9ZdxuQSPl72k034GJGf"""," ""T191D4E0213290C032D1A324718E66DBB98E7EB861775265CF3BD90E7D4F24BD1EA3531A"""
2021/11/5 21:33," ""22fb786d79039626d478c88e16ad8da6fd1525a2dfae6f8e2510b0522c063377"""," ""cc251aad6f72e0681fd9b22d6a4d45d1"""," ""7c2a70667792385613980e6e57a6acf72a54d016"""," ""zbetcheckin"""," ""cc251aad6f72e0681fd9b22d6a4d45d1"""," ""exe"""," ""application/x-dosexec"""," ""TrickBot"""," ""n/a"""," ""25.00"""," ""2a49715e49b2891839bf716e121ca434"""," ""12288:InZndx1krxFPqBSPiLQuDACflBMhhDKG/M:AZdxuQSPFu8Qm5J"""," ""T1F5D4E0103390C032D5A324718A69DBB58E7EB861676275CF3BD91E7E5F24AD1EA3430E"""
2021/11/5 21:33," ""14b26c68b502965d0699e280e33ddc8f3bb37e729b240f2d2e4e39ed44c22332"""," ""cbb0f3d5ea275e202af4d8c39475055c"""," ""61129e18be2a2d3f388ed2c239a98ae619a13bd1"""," ""zbetcheckin"""," ""cbb0f3d5ea275e202af4d8c39475055c"""," ""exe"""," ""application/x-dosexec"""," ""TrickBot"""," ""n/a"""," ""25.00"""," ""2a49715e49b2891839bf716e121ca434"""," ""12288:AjX3XdmePk2BSP6no2voTFa24aZZTUQxIpTLY0E5pM:2HXgASPaNvoTFFjT8tLYNH"""," ""T16FD4D1213390C035E16334328A6AD7B58A7DB862276665CB7FD90D7E5F24BD1EB3430A"""
2021/11/3 20:17," ""2d3d2b64b59c287008adb36eeec22c5876df3b6a48ca6d1ee1e3bb7a305cf70a"""," ""00af0f44a7eeaf8cec9d8ae9a5902ade"""," ""68ea1ea5e7534ad7e3abb68447c26c47eb265367"""," ""abuse_ch"""," ""00af0f44a7eeaf8cec9d8ae9a5902ade.exe"""," ""exe"""," ""application/x-dosexec"""," ""TrickBot"""," ""n/a"""," ""48.53"""," ""5c272247eecddf77307138917800d024"""," ""12288:y0qKG+wPRvCKXb4+aliMESpaPyyzY+NSbILBzLqkRYKpD4rSs1l:4P5Xb4+wiMES/XstzLWu4rSs1"""," ""T19215CE567DF0C07BD2A691710EF4BB7A62F999205B274ECB27908B1D3E31CC0563627A"""
2021/11/3 20:08," ""e9f6d1a2c238f02d3bfb8e909e22e085597923220edb929e33997b1ebe76c392"""," ""e79b1c31c1491e41413047649506596c"""," ""c6b8bb8578a697d4d26a6293b1cc62e3471e45d6"""," ""abuse_ch"""," ""e79b1c31c1491e41413047649506596c.exe"""," ""exe"""," ""application/x-dosexec"""," ""TrickBot"""," ""n/a"""," ""45.59"""," ""5c272247eecddf77307138917800d024"""," ""12288:y0qKG+wPRvCKXb4+aliMESpaPyyzY+NSbILBzLqkRYKpDVrSs1l:4P5Xb4+wiMES/XstzLWuVrSs1"""," ""T1B315CE567DF0C07BD2A691710EF4BB7A62F999205B274ECB27908B1D3E31CC0563627A"""
2021/11/2 6:31," ""1e3c36790dbf9d4a964b5ed21b13dcb1a0328aea5b8d2cdd906aeb00a1742541"""," ""b337f346e6e7082eb97729c57002a9bd"""," ""cb8cbdf521e6bc33abc6e3a3038c4d4b92587095"""," ""abuse_ch"""," ""b337f346e6e7082eb97729c57002a9bd.exe"""," ""exe"""," ""application/x-dosexec"""," ""TrickBot"""," ""n/a"""," ""16.42"""," ""5c272247eecddf77307138917800d024"""," ""12288:JRqRm+QxRDily1wWliME5x2tyyzY+G8dZpBHmG+TqHS0xMgBHHrSs1l:bxmy1wMiME5lMdZpBPHSerSs1"""," ""T16015CF567DF0C07BD2B290314EF1BB7A66F999209B234EC727858B0D7A34CC1563627A"""
2021/11/2 6:27," ""08e5741c3b16857759cfcf90f25de739117cebfe1fc34d6f841d5a5c1f5e6927"""," ""1d34c1e72ed0ee26a09661552ae822fb"""," ""6cc8a660e89d366d0eef0c7dd1764fb85cef44aa"""," ""abuse_ch"""," ""1d34c1e72ed0ee26a09661552ae822fb.exe"""," ""exe"""," ""application/x-dosexec"""," ""TrickBot"""," ""n/a"""," ""13.64"""," ""5c272247eecddf77307138917800d024"""," ""12288:y0qKG+wPRvCKXb4+aliMESpaPyyzY+NSbILBzLqkRYKpDRrSs1l:4P5Xb4+wiMES/XstzLWuRrSs1"""," ""T1FA15CE567DF0C07BD2A691710EF4BB7A62F999205B274ECB27908B1D3E31CC0563627A"""
2021/11/2 6:22," ""fa18696ec34e6230f7720bbd7957b45d600a7e42e9e5f344ae003ba6ba5dcb2a"""," ""20a5f23c27f0aec0cf6e49b305617a80"""," ""370c41621880d5faac4748f60715ffb7239c4aef"""," ""abuse_ch"""," ""20a5f23c27f0aec0cf6e49b305617a80.exe"""," ""exe"""," ""application/x-dosexec"""," ""TrickBot"""," ""n/a"""," ""16.18"""," ""5c272247eecddf77307138917800d024"""," ""12288:JRqRm+QxRDily1wWliME5x2tyyzY+G8dZpBHmG+TqHS0xMgBHfrSs1l:bxmy1wMiME5lMdZpBPHSyrSs1"""," ""T1A615CF567DF0C07BD2B290314EF1BB7A66F999209B234EC727858B0D7A34CC1563627A"""
2021/11/2 6:10," ""d418e24f1da80e970160a4192050392dbf3e50a89458f46dbbd753423ebdbbde"""," ""bb7868c86f57f5895d4b2420aa8d365c"""," ""8d796e79488db21bd6ab9502da011f7130ce648c"""," ""zbetcheckin"""," ""bb7868c86f57f5895d4b2420aa8d365c"""," ""exe"""," ""application/x-dosexec"""," ""TrickBot"""," ""n/a"""," ""16.67"""," ""5c272247eecddf77307138917800d024"""," ""24576:fUgo8oiM0zHKuT8rjW4lL09zjtcfSs1w:P40zTT8r64RYHttsq"""," ""T1E715CF5639F0C07AD6B291704EF07B7A66F9E9544B274EC723908B1E3D32CC2563627A"""
2021/11/1 18:18," ""94d90e7f0577f2e80461a2eef2bfe4710a6e1afddb6bb2b0585610c1dda0beec"""," ""ffe21dc02e9a638307501285b024aefe"""," ""0a48c26cece79bb92ac1153a37ef194a4ec44574"""," ""abuse_ch"""," ""ffe21dc02e9a638307501285b024aefe.exe"""," ""exe"""," ""application/x-dosexec"""," ""TrickBot"""," ""n/a"""," ""47.83"""," ""d70d92f424e874b7f2d958376b177fa6"""," ""12288:m1d+w0o2/pnRsHnF2XqBNiKtxRDB02HTUj/AUYQ+wsE6tn6tkB:Mesl2XqBNicTtZQO1vB"""," ""T12B05CF123AB0C077E2B291754EF6BB69A2FDA9205F674DC723810B5D7D31CC1573A22A"""
2021/11/1 18:17," ""d36674d4c3214e0b0560c6e172bb1765e085892959472afdda2f1debda84ca9d"""," ""bb929f1860d2e18dccd0bac3f89228f2"""," ""36652d1f9864df702f17ec954e46b4e5aff9fc57"""," ""abuse_ch"""," ""bb929f1860d2e18dccd0bac3f89228f2.exe"""," ""exe"""," ""application/x-dosexec"""," ""TrickBot"""," ""n/a"""," ""45.59"""," ""653d2db41587e1e0124e6e9c30ca0e11"""," ""3072:9GSrVqwQITouTpXo/OXu3yUF/pstBaDqwONnct437Bl3N2UL8n:DQwQSl4rCUF/p/uwONct43j92U"""," ""T15404BE22A6D80455E49BEFBC083B9FB5817DBD666D10C20F727469CF1E32B968D0271B"""
2021/11/1 9:40," ""64c5309cb3d2245b3dfadf321296c8a7cf86c9ae33764e09a41932c3c4fc823e"""," ""2834998d0c4518611f450d1473966a48"""," ""253261ac73aafd1efcc97bf4831b52391300234a"""," ""abuse_ch"""," ""2834998d0c4518611f450d1473966a48.exe"""," ""exe"""," ""application/x-dosexec"""," ""TrickBot"""," ""n/a"""," ""49.28"""," ""d70d92f424e874b7f2d958376b177fa6"""," ""12288:m1d+w0o2/pnRsHnF2XqBNiKtxRDB02HTUj/AUYQ+wsE6tn6tIB:Mesl2XqBNicTtZQO1nB"""," ""T1C405CF123AB0C077E2B291754EF67B69A2FDA9205F674DC723810B5D7E31CC1573A22A"""
2021/10/31 7:23," ""549babb526332bc84aeab495b8b99982c30497716142c317e13fe3e96cf7188e"""," ""818ddb3d73670d6ed670bd689d481cca"""," ""51f05219c127a40e6054bdad597a4c8adf306f08"""," ""abuse_ch"""," ""818ddb3d73670d6ed670bd689d481cca.exe"""," ""exe"""," ""application/x-dosexec"""," ""TrickBot"""," ""n/a"""," ""39.13"""," ""d70d92f424e874b7f2d958376b177fa6"""," ""12288:m1d+w0o2/pnRsHnF2XqBNiKtxRDB02HTUj/AUYQ+wsE6tn6tsB:Mesl2XqBNicTtZQO1XB"""," ""T1F405CF123AB0C077E2B291754EF67B69A2FDA9205F674DC723810B5D7D31CC1573A22A"""
2021/10/31 7:08," ""4613bb0bee74dc7f5bf3344f6a2d1fb353717cc2d0066530cfffe93a60938d20"""," ""60e9dca76408015d98cea97a38c4c81c"""," ""fe72dc0d7548bdd6b3d5703d4cfc7e5da57265f1"""," ""abuse_ch"""," ""60e9dca76408015d98cea97a38c4c81c.exe"""," ""exe"""," ""application/x-dosexec"""," ""TrickBot"""," ""n/a"""," ""39.39"""," ""d70d92f424e874b7f2d958376b177fa6"""," ""12288:m1d+w0o2/pnRsHnF2XqBNiKtxRDB02HTUj/AUYQ+wsE6tn6tLB:Mesl2XqBNicTtZQO1wB"""," ""T18105CF123AB0C077E2B291754EF67B69A2FDA9205F674DC723810B5D7E31CC1573A22A"""
2021/10/30 6:49," ""89b3499862e34095b284fc1b97bdd3f2d2f7bf56b6f43bfaed554d9872498bc7"""," ""b31d121db37d63850f36c7a91e59bf67"""," ""c60d914c6b6b15ae69e845100675cea968b544bc"""," ""abuse_ch"""," ""b31d121db37d63850f36c7a91e59bf67.exe"""," ""exe"""," ""application/x-dosexec"""," ""TrickBot"""," ""n/a"""," ""23.88"""," ""d70d92f424e874b7f2d958376b177fa6"""," ""12288:m1d+w0o2/pnRsHnF2XqBNiKtxRDB02HTUj/AUYQ+wsE6tn6tUB:Mesl2XqBNicTtZQO1nB"""," ""T16F05CF123AB0C077E2B291754EF67B69A2FDA9205F674DC723810B5D7D31CC1573A22A"""
2021/10/30 6:43," ""8fdee066696d8841645a1c96c17c3bd903c3f2a34715ca87a9ce10ef3d5daec6"""," ""2466323b88ba5a0b637c8c2248d92d12"""," ""3cb3e8d005505245665cd3ff05f83881312f572f"""," ""abuse_ch"""," ""2466323b88ba5a0b637c8c2248d92d12.exe"""," ""exe"""," ""application/x-dosexec"""," ""TrickBot"""," ""n/a"""," ""30.88"""," ""d70d92f424e874b7f2d958376b177fa6"""," ""12288:p1dAj7i2//68wiV9PVBy5a35cPpyyISv/MseZUQZ4QD36W8:LiwGPVBy5KksRqW"""," ""T14805CF123AB0C077E2B351750EF6BB69B2FAB9204F6349C323954A5D7D31CD1573A22A"""
2021/10/29 5:29," ""734f8fbef8f83ac79bb0fa464a091889c6cb044b4e2a3471138ff766785e2361"""," ""157c7f70ff6dc342506d9dd269c10950"""," ""2fafec7f6d5da682e3d9f945edd258f080cd2797"""," ""abuse_ch"""," ""157c7f70ff6dc342506d9dd269c10950.exe"""," ""exe"""," ""application/x-dosexec"""," ""TrickBot"""," ""n/a"""," ""45.59"""," ""7ffe85aa6061465054775c61556ce3a7"""," ""12288:0bJ2lCSCeOVkk+8x2fU3JXeqZNEo9v3cOvhkMDfdil/Cxofh/Q:vCeOVv+8xtHEqcMyEfdqCxofh/Q"""," ""T152E4EFA17B95C1B7E6B201750FF63B3596FBE9600F207BC323844B5C5A328D14A3A766"""
2021/10/29 5:18," ""1309cc563fba424dfbf77e08438fa80738a269bc86e46ca9c3f374b19fecb181"""," ""4c40eaccca95dcdd80f22a9bd58a81f8"""," ""4c181eccee61c9ebda048a3f61ca584fe82d580a"""," ""abuse_ch"""," ""4c40eaccca95dcdd80f22a9bd58a81f8.exe"""," ""exe"""," ""application/x-dosexec"""," ""TrickBot"""," ""n/a"""," ""55.88"""," ""7ffe85aa6061465054775c61556ce3a7"""," ""12288:azhK0hnJrYs840+8xZFDuJsd3aaTW/cTG6QCepwl/Cxofh/zB:HQrYs8v+8xbs/qveiCxofh/l"""," ""T1E3E4DF613BC1C1B7E6B201750FE63B35A2BBE9A00F31BBC367849B4C5A318D15A35756"""
2021/10/29 5:17," ""851b9e416b22c80a435f7d11f0298272ad23a4ae49f6fbe23aafa0578c400bd0"""," ""8b3d6763be91ee26f3844b0f113e2a27"""," ""263f6160fef67c614db9869b67bcf311009ae6bb"""," ""abuse_ch"""," ""8b3d6763be91ee26f3844b0f113e2a27.exe"""," ""exe"""," ""application/x-dosexec"""," ""TrickBot"""," ""n/a"""," ""5.88"""," ""653d2db41587e1e0124e6e9c30ca0e11"""," ""3072:9GSrVqwQITouTpXo/OXu3FUF/pstBaDqwONnct437Bl3N2UL8n:DQwQSl4rVUF/p/uwONct43j92U"""," ""T1BA04BE22A6D40455E49BEFBC083B9FB5817DBD666D10C20F727469CF1E32B968D0271B"""
2021/10/28 15:56," ""bc1349dc96b11fec47e5748e2305bd7d0a14a4b1593a632e945c2a90658538bc"""," ""1455edae3e1fd87e3cc52c736245209c"""," ""e9f28bc1f3cd9ab45a794e98692c37a3998c1d34"""," ""abuse_ch"""," ""1455edae3e1fd87e3cc52c736245209c.exe"""," ""exe"""," ""application/x-dosexec"""," ""TrickBot"""," ""n/a"""," ""25.76"""," ""7ffe85aa6061465054775c61556ce3a7"""," ""12288:0bJ2lCSCeOVkk+8x2fU3JXeqZNEo9v3cOvhkMDfdVl/Cxofh/Q:vCeOVv+8xtHEqcMyEfd3Cxofh/Q"""," ""T150E4EFA17B95C1B7E6B201750FF63B3596FBE9600F207BC323844B5C5A328D14A3A766"""
2021/10/27 18:28," ""f5fd02ebd2376fd1bc1ff121e9bfda618755a5c049edc8a4288eb67eb1cc7f9b"""," ""ea8b7985d8d87460fa4576526c837260"""," ""d164dcd8d7dd0d8eefc727f959c2a1502e6197f1"""," ""anonymous"""," ""dllhost.exe"""," ""exe"""," ""application/x-dosexec"""," ""TrickBot"""," ""n/a"""," ""22.39"""," ""c3d6826844acb3f243b37ea8c3954775"""," ""3072:bwCHCyuae5vyTrOox8gU4oTuHVadDDrPN74ZIomYxoLmMJhKI:bwCHvua6ToxVPGDDz11onxoyo"""," ""T11604BF12B6E4CAF2E07302B10EB66A75D279FC704B3089C76340661E4D71AD75B3A3A7"""
2021/10/27 12:29," ""061489cf971a1b984d5eba4d9542972bc755179d5bd6539bdb9852259ebbb565"""," ""c7e6ab5b45d664feb300b309566f3107"""," ""3bb6269473aafafd9b5b8931fdbcd6bf2aa10b55"""," ""abuse_ch"""," ""c7e6ab5b45d664feb300b309566f3107.exe"""," ""exe"""," ""application/x-dosexec"""," ""TrickBot"""," ""n/a"""," ""40.91"""," ""ea5a56b411909a74a5afb4f0920c62b1"""," ""6144:Cm18XMqwPrNX41U+GREB+n/MnzHq6b47w6dHU0QpNGjak9hgqEXGGy:j1r1rNX41TGR7nuzHdMk6duNeZAGF"""," ""T1BCA4F11136C0C076F0731279CDE9A676863ABC715F2469DBB7C51BAE0F792D0AA38247"""
2021/10/27 12:22," ""074870cf4c7b80cd7e61c731dcae68c1707c55457ef1004c6c32cadc1fdf5206"""," ""515734aa971a30fbb64e049658ac634d"""," ""062df3ca98d057248803198cf8271c6c7da1d067"""," ""abuse_ch"""," ""515734aa971a30fbb64e049658ac634d.exe"""," ""exe"""," ""application/x-dosexec"""," ""TrickBot"""," ""n/a"""," ""32.84"""," ""ea5a56b411909a74a5afb4f0920c62b1"""," ""6144:om18XMqwPrNX4escDPAnEPg6sUZW36Ieowa4U5NwLXBHijV:h1r1rNX4eFDPxPxsv3IL/U5GXdijV"""," ""T1C9A4F1207085C472E5B325758DF597A58B2DF8704B6864CBB7C80ABE0F7A5E1EA38317"""
2021/10/27 11:49," ""784b92117e7bf582e7c9d5d9691b228f048ab1d68bf62fa5d730b790d196565e"""," ""28f8e4132da9fb78e90f68e9ddaf0c93"""," ""439c361150cfe68da4ae41454f0c3e2a7866ca8b"""," ""abuse_ch"""," ""28f8e4132da9fb78e90f68e9ddaf0c93.exe"""," ""exe"""," ""application/x-dosexec"""," ""TrickBot"""," ""n/a"""," ""35.82"""," ""ea5a56b411909a74a5afb4f0920c62b1"""," ""6144:Cm18XMqwPrNX4ZU+GREB+n/MnzHq6b47w6dHU0QpNGjak9hgqEXGGy:j1r1rNX4ZTGR7nuzHdMk6duNeZAGF"""," ""T127A4F11136C0C076F0731279CDE9A676863ABC715F2469DBB7C51BAE0F792D0AA38247"""
2021/10/27 11:43," ""b980379d3c681f6c4278bc831365a5b3e4c4b8807172c7f5faa9d48ffebb19de"""," ""605cfa1c71057d161a2d5ba759f04d13"""," ""f2bdd875d441471db5151aec0710661f461d2d64"""," ""abuse_ch"""," ""605cfa1c71057d161a2d5ba759f04d13.exe"""," ""exe"""," ""application/x-dosexec"""," ""TrickBot"""," ""n/a"""," ""20.90"""," ""ea5a56b411909a74a5afb4f0920c62b1"""," ""6144:wm18XMqwPrNX4zL+UwAuziXz6137wfP4IQv7q0CprAcJ35:p1r1rNX4zi+uzijA37CXQDq0Cprz35"""," ""T1D5A4F12031C5C432E6B32078CDEA93718A29B8711F7469EBB7D816BE4F7A2C19935357"""
2021/10/26 15:32," ""6f761ec9553b07f28b3c11c481fdc1da6113d4f301639de8d29e8f01cc574d9c"""," ""104f28b29d17c4cfe17e516a49ed0f4d"""," ""e5457fc87347d68dfe08ff1ed9220cb9f95cabc7"""," ""abuse_ch"""," ""104f28b29d17c4cfe17e516a49ed0f4d.exe"""," ""exe"""," ""application/x-dosexec"""," ""TrickBot"""," ""n/a"""," ""58.82"""," ""542db7e97024de0354d3af3fe3180ab9"""," ""12288:wCupqS2vN+nx4pnKluq2NAyBZNdaTwhb3rAc9FAVc7g:zS2v6irnfZb3rAM+kg"""," ""T109E4CF26F3A180FAD5F206360FE76727F2FAFF20493686431B967B5D4C349114A2671A"""
2021/10/26 14:04," ""0014daeadce3a90746e84a3ddb7388be202598fba7dc67826550df3456e70941"""," ""e2097b2a9b64b724ec10f9ef75ba3500"""," ""afe5333961958dbfa7fb2472f1c4e4aad965cf83"""," ""abuse_ch"""," ""e2097b2a9b64b724ec10f9ef75ba3500.exe"""," ""exe"""," ""application/x-dosexec"""," ""TrickBot"""," ""n/a"""," ""42.65"""," ""542db7e97024de0354d3af3fe3180ab9"""," ""12288:E3OvNPnZ2TGqZbv0r+EFmd5/gCoXcoHQBQVxvzA/Zb:PvN/0T75r1d5YCoXcoH5ryb"""," ""T1FBE4CF26B79490FAD5F116360FEB673BB2F6EF60493683471792BB1D0C30A114B26B16"""
2021/10/26 12:20," ""027755b2d3c269bd4f4c7617acd42cd9bd0511ac010717743de242569ca7b2ce"""," ""645a229bfa994e79286537ea8f0c9381"""," ""0fbdededade42af9d85d69519cb57f727ede1b1f"""," ""abuse_ch"""," ""645a229bfa994e79286537ea8f0c9381.exe"""," ""exe"""," ""application/x-dosexec"""," ""TrickBot"""," ""n/a"""," ""88.06"""," ""138a0f3d3d8c3b24b1a0016b0affcc04"""," ""6144:lbtGo7DYYBilGHh6YgwA7QDjI6KA5jT3Zqk4EjU01a/7RsZ231XBNjw:lbh7DnojTcYQ709pVRRrU"""," ""T1C1A4A6C67F7F61A9D6E4B43CA2922E649FBD928203E006CDB4164B91BC7DC605F33586"""
2021/10/26 0:41," ""a844f4b4cd3aa66b10306bfa01209bcb519d19d7e87b219669a9be984935528b"""," ""6562e6da9fbb441334cd8e89f9224889"""," ""f8b5a559f4a1aff5d427f21b2138941decc3b8cf"""," ""nokae8"""," ""eflyairplane.png"""," ""exe"""," ""application/x-dosexec"""," ""TrickBot"""," ""n/a"""," ""n/a"""," ""542db7e97024de0354d3af3fe3180ab9"""," ""12288:E3OvNPnZ2TGqZbv0r+EFmd5/gCoXcoHQBQVxvzAiZb:PvN/0T75r1d5YCoXcoH5rpb"""," ""T12DE4CF26B79490FAD5F116360FEB673BB2F6EF60493683471792BB1D0C30A114B26B16"""
2021/10/26 0:40," ""41c22efc0cbeb34043c579d51bf2fdf888bb4181331e9659cbcd2956bff50d46"""," ""207ba122f58be5fedd88ee479693712f"""," ""d65b3050d554ce92a75c2bcfa0014d317fd1d4de"""," ""nokae8"""," ""esmallruby.png"""," ""exe"""," ""application/x-dosexec"""," ""TrickBot"""," ""n/a"""," ""n/a"""," ""542db7e97024de0354d3af3fe3180ab9"""," ""12288:c3OvNPnZ2TGqZbv0r+NFWjLF+qKguIKuPSuGqVuzRgZK:HvN/0T75rqfKKSQo14K"""," ""T1E7E4CF26B7A490FAD0F216360FEB673BB2FBEF204935824717917B5D4C309514B26716"""
2021/10/22 10:09," ""2dc0f0bc555a5419b0cf12e7368c8009b09fe5c0a6de7867a473c418c7da3dfb"""," ""89af65215bc0590db38932e27412702d"""," ""e97bf870f4b513c6309000bcba8955b99e5a0b2e"""," ""abuse_ch"""," ""89af65215bc0590db38932e27412702d.exe"""," ""exe"""," ""application/x-dosexec"""," ""TrickBot"""," ""n/a"""," ""40.58"""," ""80d506598da867a09b35bc1fdb2d74ee"""," ""6144:b96ZhRWIiMiCIF1DXBVmdCeyNAxR/oLgC+j9Jbnndik1IysdF3bQQYseb:b96Z/niySBVmZy2vuMJJr8k1IysdZcQ"""," ""T1D3A4F1223AE1C873C15341314FD7ABB9B3BCE9044F228A5377D89F1D2D359B15A2B2A5"""
2021/10/22 10:03," ""59ebd6bc57fb358ceb738d4ebd339910a443b21285f6efb7fb5bd784ff9f3e20"""," ""be38f8af6ffa8e3c30cd434eb640ddee"""," ""c327e67c6766bf7cb390a823553ac6d08079b2d7"""," ""abuse_ch"""," ""be38f8af6ffa8e3c30cd434eb640ddee.exe"""," ""exe"""," ""application/x-dosexec"""," ""TrickBot"""," ""n/a"""," ""34.78"""," ""80d506598da867a09b35bc1fdb2d74ee"""," ""6144:b96ZhRWIiMiCIF1DXBVmdCeyNAxR/oLgC+j9Jbnndik1IysdF3bQQYsRb:b96Z/niySBVmZy2vuMJJr8k1IysdZcQ"""," ""T1B8A4F1223AE1C873C15341314FD7ABB9B3BCE9044F228A5377D89F1D2D359B15A2B2A5"""
2021/10/21 17:57," ""0983eb624effc643a11db3a17755ec83c5db588330a89aaea612e199d77d0c43"""," ""f7d50ffb24b9a7802c4657e3dd871574"""," ""1d2b0641ac09a198f71e2b0e8e48351a6fca6674"""," ""abuse_ch"""," ""f7d50ffb24b9a7802c4657e3dd871574.exe"""," ""exe"""," ""application/x-dosexec"""," ""TrickBot"""," ""n/a"""," ""71.21"""," ""5f472d303f38a83d5ece0a9ae53072c5"""," ""6144:0BbZe1WEe+2izGWmHAY/XNHY9shWdBHUe7maRh2S5Ti7oRfI/0D/lq2:0CDK38JUamaRh2S527oRf1"""," ""T17BA42C86781A2ECEEF1B94BDE7E827F704B9764D34763217EF5FA0312A103987614426"""
2021/10/18 11:15," ""9890dddc8087d395c5eab7410880b35d3e790d11ab08f2b4a039818e814f21ed"""," ""839fb59bb9cb224b1b71d0a9f7d4558f"""," ""27dd4e9a4fcc98fff75195fcfb86f5594ee0b2f4"""," ""abuse_ch"""," ""839fb59bb9cb224b1b71d0a9f7d4558f.exe"""," ""exe"""," ""application/x-dosexec"""," ""TrickBot"""," ""n/a"""," ""43.28"""," ""d3d730d77f19513c17bee56cad3fbfd5"""," ""12288:DEMkCMMFkUED6ANs4ZD9V63Az2hPmy+khUzJUu/:m+ED6+xZzkmiiZ"""," ""T16615C01A3AF1C076C5A291700FF67B6AB6F9ED605B378AC753804E4D6D31DC1463A23A"""
2021/10/18 11:13," ""6db7642e42467842b97947426d78418e58c1e0b25f125ce0faa8bfa6436a70b2"""," ""8154f344dab87a406aac9fe091d5a61f"""," ""c03501927695449f8088585112f37c21dce0a2b8"""," ""abuse_ch"""," ""8154f344dab87a406aac9fe091d5a61f.exe"""," ""exe"""," ""application/x-dosexec"""," ""TrickBot"""," ""n/a"""," ""43.28"""," ""d3d730d77f19513c17bee56cad3fbfd5"""," ""12288:DEMkCMMFkUED6ANs4ZD9V63Az2hPmy+khUzJUw/:m+ED6+xZzkmiiz"""," ""T11215C01A3AF1C076C5A291700FF67B6AB6F9ED605B378AC753804E4D6D31DC1463A23A"""
2021/10/18 5:25," ""8862d2bf6ac21cae36860cee8dcc0ca5c2de17349b03ff6e309edb967b3cefb3"""," ""e3662af08d134e933c56c9c84fb62686"""," ""521f2fbccf9b3aaecdd2be54327c6d6fe391932f"""," ""abuse_ch"""," ""e3662af08d134e933c56c9c84fb62686.exe"""," ""exe"""," ""application/x-dosexec"""," ""TrickBot"""," ""n/a"""," ""42.42"""," ""d3d730d77f19513c17bee56cad3fbfd5"""," ""12288:DEMkCMMFkUED6ANs4ZD9V63Az2hPmy+khUzJUZ/:m+ED6+xZzkmiiA"""," ""T17E15C01A3AF1C076C5A291700FF67B6AB6F9ED605B378AC753804E4D6D31DC1463A23A"""
2021/10/17 7:22," ""a1ea67d9de849ae3c89926eb7f83e6fc4a5ebfefde3586caf504b29fc0d367f8"""," ""9ac8aaaf380bf471480359a63e48d4ba"""," ""0b757ce59003c62b39090b5a9ad13eefb0efb9a2"""," ""abuse_ch"""," ""9ac8aaaf380bf471480359a63e48d4ba.exe"""," ""exe"""," ""application/x-dosexec"""," ""TrickBot"""," ""n/a"""," ""41.54"""," ""d3d730d77f19513c17bee56cad3fbfd5"""," ""12288:0cfkUmruxF02xWt5bSoV/XHx8B8a4TrTEChqNi9rkp/:KI02x+LXHqB8aErPqCy"""," ""T1C215BF1A3AF0C476C1A355700FF27B6AB6F9ED605B778AC753804A4D6D31DC14A3A23A"""
2021/10/17 7:19," ""87b0e612957f6f789fd6683bd0ceb466012d1293f6423a2dd5063b81fff688ef"""," ""358d351d0350c61a239d94e1c2f69dc8"""," ""fa1b6934046cddb35b9d1dea360ba35a6735f295"""," ""abuse_ch"""," ""358d351d0350c61a239d94e1c2f69dc8.exe"""," ""exe"""," ""application/x-dosexec"""," ""TrickBot"""," ""n/a"""," ""42.42"""," ""d3d730d77f19513c17bee56cad3fbfd5"""," ""12288:0cfkUmruxF02xWt5bSoV/XHx8B8a4TrTEChqNi9rku/:KI02x+LXHqB8aErPqC3"""," ""T17015BF1A3AF0C476C1A355700FF27B6AB6F9ED605B778AC753804A4D6D31DC14A3A23A"""
2021/10/16 19:00," ""358660fdcb9d2c22748818d1717fc435c2de99ba79b7cf631432b1c800fc7d47"""," ""d179996a78081d81f2fb9553f2906a3f"""," ""fa83a61b722231730b93bdca162f394cefeff119"""," ""abuse_ch"""," ""d179996a78081d81f2fb9553f2906a3f.exe"""," ""exe"""," ""application/x-dosexec"""," ""TrickBot"""," ""n/a"""," ""41.79"""," ""d3d730d77f19513c17bee56cad3fbfd5"""," ""12288:0cfkUmruxF02xWt5bSoV/XHx8B8a4TrTEChqNi9rky/:KI02x+LXHqB8aErPqCf"""," ""T16A15BF1A3AF0C476C1A355700FF27B6AB6F9ED605B778AC753804A4D6D31DC14A3A23A"""
2021/10/16 14:33," ""4e93dcc21ee091596b5ecfac0c5076e14fff78617223cb1e19a2686c7113fade"""," ""eec52d33ec7b607e95ff20b0e586acae"""," ""2e37bd35342b1e90cdfa7fd22d779d09b983d5a3"""," ""abuse_ch"""," ""eec52d33ec7b607e95ff20b0e586acae.exe"""," ""exe"""," ""application/x-dosexec"""," ""TrickBot"""," ""n/a"""," ""37.88"""," ""d3d730d77f19513c17bee56cad3fbfd5"""," ""12288:DEMkCMMFkUED6ANs4ZD9V63Az2hPmy+khUzJUZ/:m+ED6+xZzkmiig"""," ""T12E15C01A3AF1C076C5A291700FF67B6AB6F9ED605B378AC753804E4D6D31DC1463A23A"""
2021/10/15 12:35," ""df16e5de8f0a2d2dd9ef3cc8cc2b544840ade7aca0e9067220d512b2ff697f00"""," ""7bd7363c595f4ce687355078f265b00c"""," ""716128b3759715ce50c81c612615485c8f85dc4b"""," ""abuse_ch"""," ""7bd7363c595f4ce687355078f265b00c.exe"""," ""exe"""," ""application/x-dosexec"""," ""TrickBot"""," ""n/a"""," ""n/a"""," ""6084ff3a75cf24854dbb3116ce3ff740"""," ""12288:4G1nPQF6g5ROxYdmsugxjE5OCSLaN9PeJxD0k+J7tNB7SwZfClIEUfi59Julqgp6:cE4msuJOzDgJ7uIa56KUCU6"""," ""T1E225CE1335F2C83FD6B2D5314E652B69A6FAE9708F364EC72385464C0D349C68E3627A"""
2021/10/14 18:27," ""27b4bd24ec5cf5572e9d78239316dc41e9197f6fcf09f5a303cc48a581d26e11"""," ""cb49893bf1f0b4c17bf215f362bc3158"""," ""16988659f2bbf10ab9e6ef0728d6c60837cad5b4"""," ""abuse_ch"""," ""cb49893bf1f0b4c17bf215f362bc3158.exe"""," ""exe"""," ""application/x-dosexec"""," ""TrickBot"""," ""n/a"""," ""18.97"""," ""6084ff3a75cf24854dbb3116ce3ff740"""," ""12288:4G1nPQF6g5ROxYdmsugxjE5OCSLaN9PeJxD0k+J7tNB7SwZfClIEUfi59Julqgpy:cE4msuJOzDgJ7uIa56iUCU6"""," ""T15325CE1335F2C83FD6B2D5314E652B69A6FAE9708F364EC72385464C0D349C68E3627A"""
2021/10/14 18:26," ""8a7386f0067ff73121af22414532c2b1ba5b586d2482a73ab47242636b02cabc"""," ""75374e9ce9004cc75b54bb7e94d8eda5"""," ""56197b924d4ce194d5b97945aacd7d4d49007ebd"""," ""abuse_ch"""," ""75374e9ce9004cc75b54bb7e94d8eda5.exe"""," ""exe"""," ""application/x-dosexec"""," ""TrickBot"""," ""n/a"""," ""16.67"""," ""535fa6479108b5163f64223c5e835312"""," ""12288:C4jg5ZqdXUF7j+6khm14Qwxj+R4QBbfwxkZoLKl/n:Cf5ZqdXUF7j+6mpQwhQyId"""," ""T16394E102B1E88E76E1630A3D0EE497355EF6FF745B36D59367D17A1F2E320880D252A2"""
2021/10/14 18:22," ""5e91d76dc15ec1b53ea0db50584da6444a01876d563c25dfa1baa17cf93b00c6"""," ""00a06b3a11d93c721e3e31a74a409707"""," ""472c813eb0cb920c737dbb36a9ccaae285ddb27c"""," ""abuse_ch"""," ""00a06b3a11d93c721e3e31a74a409707.exe"""," ""exe"""," ""application/x-dosexec"""," ""TrickBot"""," ""n/a"""," ""19.70"""," ""6084ff3a75cf24854dbb3116ce3ff740"""," ""12288:buNnXQFkBgaR2G0a+mzdmnCWZOql1Al9H2qxD0zBzbM1QA5lYxWLX8jRiTfUCU6:KSa+mzdgZO5DDaAFLX8jRkUCU6"""," ""T1F625CE1335F2C83FD5B2D9704E652B69A6FAE9304F364EC723954B4C0D359C68E3622A"""
2021/10/13 20:22," ""6851e85d8f6074bdaf251a40eab78a0603d47d0a7896406d132de7129a1579a8"""," ""0cd5d49bfd3eaeab2805bf5874ef00dc"""," ""52d3ccd0e5c484505e4d7e5ca96ceb301ce974f9"""," ""zbetcheckin"""," ""0cd5d49bfd3eaeab2805bf5874ef00dc"""," ""exe"""," ""application/x-dosexec"""," ""TrickBot"""," ""n/a"""," ""13.64"""," ""535fa6479108b5163f64223c5e835312"""," ""12288:C4jg5ZqdXUR7j+6khm14Qwxj+R4QBbfwxkZoLKl/n:Cf5ZqdXUR7j+6mpQwhQyId"""," ""T19594E102B1E88E76E1630A3D0EE497345EF6FF745B36D59367D17A1F2E321880D252A2"""
2021/10/13 19:26," ""0e7df40748bc25633fdbff4ae313acb3e5c3a9325e9a9de2afa6e832a2797004"""," ""5c890f0670043a9ddbdf583ae26b38e2"""," ""0d6ab940dfe8beae1a9fb2582f0ad4ef908ac392"""," ""zbetcheckin"""," ""5c890f0670043a9ddbdf583ae26b38e2"""," ""exe"""," ""application/x-dosexec"""," ""TrickBot"""," ""n/a"""," ""13.43"""," ""535fa6479108b5163f64223c5e835312"""," ""12288:C4jg5ZqdXUv7j+6khm14Qwxj+R4QBbfwxkZoLKl/n:Cf5ZqdXUv7j+6mpQwhQyId"""," ""T1E694E102B1E88E76E1630A3D0EE497355EF6FF745B36D59367D17A1F2E320880D252A2"""
2021/10/13 17:56," ""567f3596efedff8475d2a21640284f3c12c3053521e9e280ad425f0d5062fc17"""," ""b8939069483b56e8cfe0401041c190d9"""," ""80f312009965c0248fb3846b336d6849fc59a2e1"""," ""abuse_ch"""," ""b8939069483b56e8cfe0401041c190d9.exe"""," ""exe"""," ""application/x-dosexec"""," ""TrickBot"""," ""n/a"""," ""n/a"""," ""535fa6479108b5163f64223c5e835312"""," ""12288:C4jg5ZqdXUt7j+6khm14Qwxj+R4QBbfwxkZoLKl/n:Cf5ZqdXUt7j+6mpQwhQyId"""," ""T17E94E102B1E88E76E1630A3D0EE497355EF6FF745B36D59367D17A1F2E320880D252A2"""
2021/10/13 17:01," ""d1461a019fd382d8790a0ff43d259b631ceaa0d2c9e314a450302c53c2b842c8"""," ""3f9d3887c264de95fd0382767efdb56a"""," ""b3ff13e06692a326bf9ea52b834db81845883fa4"""," ""abuse_ch"""," ""3f9d3887c264de95fd0382767efdb56a.exe"""," ""exe"""," ""application/x-dosexec"""," ""TrickBot"""," ""n/a"""," ""n/a"""," ""ffc20f0bbd3f72a6061b1c2845bbf7b5"""," ""6144:lJsQ8zcWR976/wrs+zmrY6v9w25rcv4hUhYjSUkPp5DIbT6oweUis:bvOR976Ea5lZAv6hjA/cMVis"""," ""T1DAC4BF273850DCF2D1012576C9A2A3F5AFAC76185FD3511BB3901B9ED9318A39E305EE"""
2021/10/13 10:18," ""2c569748d3b03b89ce6088b96ca95502e8cb15900ae6bd561f9298bdae0e393a"""," ""08ae1b229abf4a2e96ea710557a018e5"""," ""06f71c2c1d600426f6a38b78685e8c4a69d390f9"""," ""zbetcheckin"""," ""08ae1b229abf4a2e96ea710557a018e5"""," ""exe"""," ""application/x-dosexec"""," ""TrickBot"""," ""n/a"""," ""40.30"""," ""ffc20f0bbd3f72a6061b1c2845bbf7b5"""," ""6144:Sq0Q8zcWR9T6XJrs5IKo9y/K+V4TkpK/b4vfjzg7tVDRjvqenycgRuVW:FnOR9T6CRpVa/oPg7bNScv+9"""," ""T120C49E2678509CF2D1012577CDB2E3F5AFAC36186ED2511BB3901B9EDC318A29E345EE"""
2021/10/13 9:38," ""f14c7926c27a7ea9fd096db1c9a13a6ddf04a3179240efa1945babf98cc3388c"""," ""c7cd2b6f69821366c5d9e235971a1268"""," ""7cd6d5b4fb7d0aa37289d2a5207f3f879da3c024"""," ""abuse_ch"""," ""c7cd2b6f69821366c5d9e235971a1268.exe"""," ""exe"""," ""application/x-dosexec"""," ""TrickBot"""," ""n/a"""," ""n/a"""," ""ffc20f0bbd3f72a6061b1c2845bbf7b5"""," ""6144:lJsQ8zcWR976/Urs+zmrY6v9w25rcv4hUhYjSUkPp5DIbT6oweUis:bvOR976wa5lZAv6hjA/cMVis"""," ""T156C4BF273850DCF2D1012576C9A2A3F5AFAC7A185FD3511BB3901B9ED9318A39E305EE"""
2021/10/13 9:30," ""5925ecddcc4b4ea9017aad9abe70dfc47bb6aa63bd01a84536a8cd3cc039d781"""," ""248e481c88ebc02dcd6879f09f117384"""," ""a2ee2742e6d68aabb042db14d752bb52bb494f37"""," ""abuse_ch"""," ""248e481c88ebc02dcd6879f09f117384.exe"""," ""exe"""," ""application/x-dosexec"""," ""TrickBot"""," ""n/a"""," ""27.27"""," ""ffc20f0bbd3f72a6061b1c2845bbf7b5"""," ""6144:lJsQ8zcWR976/rrs+zmrY6v9w25rcv4hUhYjSUkPp5DIbT6oweUis:bvOR976Da5lZAv6hjA/cMVis"""," ""T18BC4BF273850DCF2D1012576C9A2A3F5AFAC7A185FD3511BB3901B9ED9318A39E305EE"""
2021/10/12 8:52," ""b278fa8838fbba987d404016dc4e83c5177d64ebe4e9e230eeb7a5e6bbb51dee"""," ""9a1b25fba05bb759edbf6d5209618e13"""," ""4644d7bf5d46cd1a0e24126f63853fcffc4bf369"""," ""abuse_ch"""," ""9a1b25fba05bb759edbf6d5209618e13.exe"""," ""exe"""," ""application/x-dosexec"""," ""TrickBot"""," ""n/a"""," ""22.06"""," ""346e438a19e03f886c4e7da895dce650"""," ""12288:TqdSM+6VtOP2ke4Hs/g7o0BpigIo+LOom7VEUmhjJ6:2tlVtOEz/cIhL8xZmhc"""," ""T18DD4AE327391C431D56224B3DB2296F9DBEABD319EA446073AD0373D9E32191DE1A31B"""
2021/10/12 8:51," ""b942174fb012bc3563ee7621e10f69e70a985e5b0894d439eb1465092a00bde4"""," ""a89d8e550f1cd6db0f840651bf39f0bb"""," ""014686db47bde8bb981405410536a8f1e0cccb4b"""," ""abuse_ch"""," ""a89d8e550f1cd6db0f840651bf39f0bb.exe"""," ""exe"""," ""application/x-dosexec"""," ""TrickBot"""," ""n/a"""," ""20.59"""," ""346e438a19e03f886c4e7da895dce650"""," ""12288:p69y3+yVOO9xIHMsLno16oSnhKfDPwBQaoi0LVx2g:oWlVOOqMstODIHsLD"""," ""T1E6B4BE2277E0C836C2A331724962D67596AABC716E75934B7BD03B3D9E30191DF2831E"""
2021/10/11 14:01," ""abcd70d150c7f460719491d31d5e1278e43ba75c69c4b1a84de9de00f5d13af4"""," ""d5dc8669f5a4d8b3ce36b7345dd3d0b7"""," ""ed228c1bd3815c53670fcb90bd8d0f9ee9f359d5"""," ""abuse_ch"""," ""d5dc8669f5a4d8b3ce36b7345dd3d0b7.exe"""," ""exe"""," ""application/x-dosexec"""," ""TrickBot"""," ""n/a"""," ""45.59"""," ""f8cb6cf7a746c79f8c917be532cea46e"""," ""6144:X9cZrtODhev9zIVcDYkh2Kb//xHEZ0rmMTG9VVwF85HA5ke1W1DJSqFD:tmIDh3kB/xkOF0LNA5W1D5D"""," ""T1D6A4D023F1E4C8F6D1F712700EA65BA9B73AFC10CBB0EA5753805A5D1C76A858923367"""
2021/10/11 8:20," ""1b4868da8f522b4429246ad852b42f55299a28414e26686529d805d5426ebb4f"""," ""3ee559cdf66554515d87e5edbc23c8cf"""," ""810dbe6d8b4413879272d00705be02d02269f4fb"""," ""abuse_ch"""," ""3ee559cdf66554515d87e5edbc23c8cf.exe"""," ""exe"""," ""application/x-dosexec"""," ""TrickBot"""," ""n/a"""," ""44.93"""," ""f8cb6cf7a746c79f8c917be532cea46e"""," ""6144:oxcZrtODZGn9XI1cKYkh2JmvYvWFuQX7tPbzHhzWEI8BmNbeIM625anGD:emIDZMkRYvWMQX5z0J8INqzkGD"""," ""T17EA4D023F1F0C8F6C1A316710DB15BAE7676FC10CBB5DA9753805A6D1C3269689233A7"""
2021/10/11 8:16," ""6f01fb1006876b55e929c9bd408d7188ea789107e40af9ab891eaa99dbfd68af"""," ""29e588464e6e7b3d9aba0267556ab042"""," ""44c3ded84a7adcc1ccd1e82b8cff2bd1e6b6c9c2"""," ""abuse_ch"""," ""29e588464e6e7b3d9aba0267556ab042.exe"""," ""exe"""," ""application/x-dosexec"""," ""TrickBot"""," ""n/a"""," ""44.93"""," ""f8cb6cf7a746c79f8c917be532cea46e"""," ""6144:X9cZrtODhev9zIVcSYkh2Kb//xHEZ0rmMTG9VVwF85HA5ke1W1DJSqFD:tmIDhMkB/xkOF0LNA5W1D5D"""," ""T1FDA4D023F1E4C8F6D1F702700EA65BA9B77AFC10CBB0EA5753805A5D1C76A858923367"""
2021/10/11 5:42," ""f05c92792d04b23c27f7be6a5fbb318c77acd998d2ada2823e0ae62d05adb0af"""," ""3b99e7fdd7a3927cc9bac3a41c005f27"""," ""4ccc204ed78832d6cfe1774208f5482f1f210941"""," ""zbetcheckin"""," ""3b99e7fdd7a3927cc9bac3a41c005f27"""," ""exe"""," ""application/x-dosexec"""," ""TrickBot"""," ""n/a"""," ""31.34"""," ""f8cb6cf7a746c79f8c917be532cea46e"""," ""12288:+u3RFj7JkPFATjBoA9s6qJ2hhg0s5aBehO:+2FjaFATjCA26qJ27vVBehO"""," ""T138A4E023F1E0C8F6D1A3117109E6A7B97776FC20CBB4D66723905A5E1C72A829627373"""
2021/10/10 11:51," ""295a8418d504dd81e1066eab3e78924fb107e3f74301f56be89544e942c19b9b"""," ""c2b42c61debb80e1260204445491837d"""," ""7a7172d274b8f01353c7a6bc65cacc2f36c38455"""," ""abuse_ch"""," ""c2b42c61debb80e1260204445491837d.exe"""," ""exe"""," ""application/x-dosexec"""," ""TrickBot"""," ""n/a"""," ""44.78"""," ""f8cb6cf7a746c79f8c917be532cea46e"""," ""6144:X9cZrtODhev9zIVcMYkh2Kb//xHEZ0rmMTG9VVwF85HA5ke1W1DJSqFD:tmIDhmkB/xkOF0LNA5W1D5D"""," ""T151A4D033F1E4C8F6D1F712700EA65BA9B67AFC10CBB0EA5753805A5D1C72A858923367"""
2021/10/9 6:39," ""8eac3ed65663a97d4eb125832d86ba9f6efc4e28b681b64253013d9e00d6659d"""," ""978fb9a64fb30f1fb07770c377d18a40"""," ""4608fe044c4d02ea260adb55b386f8cd1a5ea5e7"""," ""abuse_ch"""," ""978fb9a64fb30f1fb07770c377d18a40.exe"""," ""exe"""," ""application/x-dosexec"""," ""TrickBot"""," ""n/a"""," ""43.94"""," ""f8cb6cf7a746c79f8c917be532cea46e"""," ""6144:oxcZrtODZGn9XI1c2Ykh2JmvYvWFuQX7tPbzHhzWEI8BmNbeIM625anGD:emIDZIkRYvWMQX5z0J8INqzkGD"""," ""T11DA4D023F1F0C8F6C1A316710DB15BAE7676FC10CBB5DA9753805A2E1C7269689233A7"""
2021/10/8 18:06," ""7329669d8afc510a838f43ca91821e5b01c157fb397f1f347490b4e028bbf6eb"""," ""864e1e300e32b0d2e40f145186719f36"""," ""b78e1c74f4017166c5b673952e254600dae2f6d5"""," ""abuse_ch"""," ""864e1e300e32b0d2e40f145186719f36.exe"""," ""exe"""," ""application/x-dosexec"""," ""TrickBot"""," ""n/a"""," ""17.91"""," ""f8cb6cf7a746c79f8c917be532cea46e"""," ""6144:X9cZrtODhev9zIVchYkh2Kb//xHEZ0rmMTG9VVwF85HA5ke1W1DJSqFD:tmIDh1kB/xkOF0LNA5W1D5D"""," ""T10BA4D033F1E4C8F6D1F712700EA65BA9B63AFC10CBB0EA5753805A5D1C76A858923367"""
2021/10/8 18:04," ""d4fa44048095c1177007ec54df4b73e6a70e8b092718605eef93a573c79a54af"""," ""5ae85b4077b4ae64b4a5c8c09572cffa"""," ""278a7e2b0d9f069f58252772aa7e2ec6334c8062"""," ""abuse_ch"""," ""5ae85b4077b4ae64b4a5c8c09572cffa.exe"""," ""exe"""," ""application/x-dosexec"""," ""TrickBot"""," ""n/a"""," ""17.65"""," ""f8cb6cf7a746c79f8c917be532cea46e"""," ""6144:X9cZrtODhev9zIVcoYkh2Kb//xHEZ0rmMTG9VVwF85HA5ke1W1DJSqFD:tmIDhmkB/xkOF0LNA5W1D5D"""," ""T122A4D023F1E4CCF6D1F712700EA65BA9B63AFC10CBB0EA5753805A5D1C76A858923367"""
